[0.035s] Invoking command in '/home/ubuntu/rb3302_final_proj_code/robot_ws/build/yesense_interface': CMAKE_PREFIX_PATH=${CMAKE_PREFIX_PATH}:/opt/ros/jazzy /usr/bin/cmake /home/ubuntu/rb3302_final_proj_code/robot_ws/src/yesense_interface -DAMENT_CMAKE_SYMLINK_INSTALL=1 -DCMAKE_INSTALL_PREFIX=/home/ubuntu/rb3302_final_proj_code/robot_ws/install/yesense_interface
[0.076s] -- Found ament_cmake: 2.5.6 (/opt/ros/jazzy/share/ament_cmake/cmake)
[0.320s] -- Override CMake install command with custom implementation using symlinks instead of copying resources
[0.336s] -- Found rosidl_default_generators: 1.6.1 (/opt/ros/jazzy/share/rosidl_default_generators/cmake)
[0.343s] -- Using all available rosidl_typesupport_c: rosidl_typesupport_fastrtps_c;rosidl_typesupport_introspection_c
[0.398s] -- Using all available rosidl_typesupport_cpp: rosidl_typesupport_fastrtps_cpp;rosidl_typesupport_introspection_cpp
[0.450s] -- Found rosidl_adapter: 4.6.9 (/opt/ros/jazzy/share/rosidl_adapter/cmake)
[1.136s] -- Found ament_cmake_ros: 0.12.1 (/opt/ros/jazzy/share/ament_cmake_ros/cmake)
[1.339s] -- Using all available rosidl_typesupport_c: rosidl_typesupport_fastrtps_c;rosidl_typesupport_introspection_c
[1.687s] -- Using all available rosidl_typesupport_cpp: rosidl_typesupport_fastrtps_cpp;rosidl_typesupport_introspection_cpp
[1.689s] -- Found python_cmake_module: 0.11.1 (/opt/ros/jazzy/share/python_cmake_module/cmake)
[2.303s] -- Found Python3: /usr/bin/python3 (found version "3.12.3") found components: Interpreter Development NumPy Development.Module Development.Embed 
[2.421s] -- Found Python3: /usr/bin/python3 (found version "3.12.3") found components: Interpreter 
[2.433s] -- Found ament_lint_auto: 0.17.5 (/opt/ros/jazzy/share/ament_lint_auto/cmake)
[2.453s] -- Added test 'lint_cmake' to check CMake code style
[2.455s] -- Added test 'xmllint' to check XML markup files
[2.461s] -- Configuring done (2.4s)
[2.583s] -- Generating done (0.1s)
[2.607s] -- Build files have been written to: /home/ubuntu/rb3302_final_proj_code/robot_ws/build/yesense_interface
[2.620s] Invoked command in '/home/ubuntu/rb3302_final_proj_code/robot_ws/build/yesense_interface' returned '0': CMAKE_PREFIX_PATH=${CMAKE_PREFIX_PATH}:/opt/ros/jazzy /usr/bin/cmake /home/ubuntu/rb3302_final_proj_code/robot_ws/src/yesense_interface -DAMENT_CMAKE_SYMLINK_INSTALL=1 -DCMAKE_INSTALL_PREFIX=/home/ubuntu/rb3302_final_proj_code/robot_ws/install/yesense_interface
[2.623s] Invoking command in '/home/ubuntu/rb3302_final_proj_code/robot_ws/build/yesense_interface': CMAKE_PREFIX_PATH=${CMAKE_PREFIX_PATH}:/opt/ros/jazzy /usr/bin/cmake --build /home/ubuntu/rb3302_final_proj_code/robot_ws/build/yesense_interface -- -j8 -l8
[2.707s] -- Found ament_cmake: 2.5.6 (/opt/ros/jazzy/share/ament_cmake/cmake)
[2.928s] -- Override CMake install command with custom implementation using symlinks instead of copying resources
[2.940s] -- Found rosidl_default_generators: 1.6.1 (/opt/ros/jazzy/share/rosidl_default_generators/cmake)
[2.943s] -- Using all available rosidl_typesupport_c: rosidl_typesupport_fastrtps_c;rosidl_typesupport_introspection_c
[2.993s] -- Using all available rosidl_typesupport_cpp: rosidl_typesupport_fastrtps_cpp;rosidl_typesupport_introspection_cpp
[3.042s] -- Found rosidl_adapter: 4.6.9 (/opt/ros/jazzy/share/rosidl_adapter/cmake)
[3.650s] -- Found ament_cmake_ros: 0.12.1 (/opt/ros/jazzy/share/ament_cmake_ros/cmake)
[3.837s] -- Using all available rosidl_typesupport_c: rosidl_typesupport_fastrtps_c;rosidl_typesupport_introspection_c
[4.102s] -- Using all available rosidl_typesupport_cpp: rosidl_typesupport_fastrtps_cpp;rosidl_typesupport_introspection_cpp
[4.108s] -- Found python_cmake_module: 0.11.1 (/opt/ros/jazzy/share/python_cmake_module/cmake)
[4.585s] -- Found Python3: /usr/bin/python3 (found version "3.12.3") found components: Interpreter Development NumPy Development.Module Development.Embed 
[4.727s] -- Found Python3: /usr/bin/python3 (found version "3.12.3") found components: Interpreter 
[4.742s] -- Found ament_lint_auto: 0.17.5 (/opt/ros/jazzy/share/ament_lint_auto/cmake)
[4.770s] -- Added test 'lint_cmake' to check CMake code style
[4.771s] -- Added test 'xmllint' to check XML markup files
[4.778s] -- Configuring done (2.1s)
[4.881s] -- Generating done (0.1s)
[4.901s] -- Build files have been written to: /home/ubuntu/rb3302_final_proj_code/robot_ws/build/yesense_interface
[4.934s] gmake[2]: Warning: File '/home/ubuntu/rb3302_final_proj_code/robot_ws/build/yesense_interface/yesense_interface__rs/CMakeFiles/yesense_interface__rs.dir/compiler_depend.make' has modification time 2939999 s in the future
[4.935s] gmake[2]: Warning: File 'CMakeFiles/ament_cmake_python_symlink_yesense_interface.dir/compiler_depend.make' has modification time 2939998 s in the future
[4.935s] gmake[2]: Warning: File 'CMakeFiles/yesense_interface__rosidl_generator_type_description.dir/compiler_depend.make' has modification time 2939998 s in the future
[4.944s] gmake[2]: warning:  Clock skew detected.  Your build may be incomplete.
[4.945s] gmake[2]: warning:  Clock skew detected.  Your build may be incomplete.
[4.947s] gmake[2]: Warning: File 'CMakeFiles/yesense_interface__rosidl_generator_type_description.dir/compiler_depend.make' has modification time 2939998 s in the future
[4.948s] gmake[2]: warning:  Clock skew detected.  Your build may be incomplete.
[4.949s] gmake[2]: Warning: File 'CMakeFiles/ament_cmake_python_symlink_yesense_interface.dir/compiler_depend.make' has modification time 2939998 s in the future
[4.959s] [  1%] Built target yesense_interface__rosidl_generator_type_description
[4.962s] gmake[2]: warning:  Clock skew detected.  Your build may be incomplete.
[4.962s] gmake[2]: warning:  Clock skew detected.  Your build may be incomplete.
[4.964s] gmake[2]: Warning: File '/home/ubuntu/rb3302_final_proj_code/robot_ws/build/yesense_interface/yesense_interface__rs/CMakeFiles/yesense_interface__rs.dir/compiler_depend.make' has modification time 2939999 s in the future
[4.965s] gmake[2]: warning:  Clock skew detected.  Your build may be incomplete.
[4.966s] gmake[2]: Warning: File 'CMakeFiles/yesense_interface__rosidl_generator_c.dir/flags.make' has modification time 2939998 s in the future
[4.970s] gmake[2]: Warning: File 'CMakeFiles/yesense_interface__cpp.dir/compiler_depend.make' has modification time 2939998 s in the future
[4.976s] [  1%] Built target yesense_interface__rs
[4.998s] [  1%] Built target ament_cmake_python_symlink_yesense_interface
[5.006s] gmake[2]: warning:  Clock skew detected.  Your build may be incomplete.
[5.007s] gmake[2]: Warning: File 'CMakeFiles/yesense_interface__cpp.dir/compiler_depend.make' has modification time 2939998 s in the future
[5.008s] gmake[2]: Warning: File 'CMakeFiles/ament_cmake_python_build_yesense_interface_egg.dir/compiler_depend.make' has modification time 2939998 s in the future
[5.008s] gmake[2]: warning:  Clock skew detected.  Your build may be incomplete.
[5.023s] gmake[2]: warning:  Clock skew detected.  Your build may be incomplete.
[5.031s] gmake[2]: Warning: File 'CMakeFiles/yesense_interface__rosidl_generator_c.dir/flags.make' has modification time 2939998 s in the future
[5.032s] gmake[2]: warning:  Clock skew detected.  Your build may be incomplete.
[5.040s] [  1%] Built target yesense_interface__cpp
[5.047s] [ 29%] Built target yesense_interface__rosidl_generator_c
[5.049s] gmake[2]: warning:  Clock skew detected.  Your build may be incomplete.
[5.058s] gmake[2]: Warning: File 'CMakeFiles/ament_cmake_python_build_yesense_interface_egg.dir/compiler_depend.make' has modification time 2939998 s in the future
[5.059s] gmake[2]: Warning: File 'CMakeFiles/yesense_interface__rosidl_typesupport_introspection_c.dir/flags.make' has modification time 2939998 s in the future
[5.060s] gmake[2]: Warning: File 'CMakeFiles/yesense_interface__rosidl_typesupport_c.dir/flags.make' has modification time 2939998 s in the future
[5.061s] gmake[2]: Warning: File 'CMakeFiles/yesense_interface__rosidl_typesupport_fastrtps_cpp.dir/flags.make' has modification time 2939998 s in the future
[5.066s] gmake[2]: Warning: File 'CMakeFiles/yesense_interface__rosidl_typesupport_fastrtps_c.dir/flags.make' has modification time 2939998 s in the future
[5.067s] gmake[2]: Warning: File 'CMakeFiles/yesense_interface__rosidl_typesupport_cpp.dir/flags.make' has modification time 2939998 s in the future
[5.071s] gmake[2]: Warning: File 'CMakeFiles/yesense_interface__rosidl_typesupport_introspection_cpp.dir/flags.make' has modification time 2939998 s in the future
[5.085s] gmake[2]: warning:  Clock skew detected.  Your build may be incomplete.
[5.086s] gmake[2]: warning:  Clock skew detected.  Your build may be incomplete.
[5.091s] gmake[2]: Warning: File 'CMakeFiles/yesense_interface__rosidl_typesupport_c.dir/flags.make' has modification time 2939998 s in the future
[5.099s] gmake[2]: warning:  Clock skew detected.  Your build may be incomplete.
[5.100s] gmake[2]: Warning: File 'CMakeFiles/yesense_interface__rosidl_typesupport_introspection_c.dir/flags.make' has modification time 2939998 s in the future
[5.100s] gmake[2]: warning:  Clock skew detected.  Your build may be incomplete.
[5.105s] gmake[2]: warning:  Clock skew detected.  Your build may be incomplete.
[5.108s] [ 39%] Built target yesense_interface__rosidl_typesupport_introspection_c
[5.110s] [ 49%] Built target yesense_interface__rosidl_typesupport_c
[5.111s] gmake[2]: Warning: File 'CMakeFiles/yesense_interface__rosidl_typesupport_cpp.dir/flags.make' has modification time 2939998 s in the future
[5.112s] gmake[2]: warning:  Clock skew detected.  Your build may be incomplete.
[5.134s] gmake[2]: warning:  Clock skew detected.  Your build may be incomplete.
[5.137s] gmake[2]: warning:  Clock skew detected.  Your build may be incomplete.
[5.144s] gmake[2]: warning:  Clock skew detected.  Your build may be incomplete.
[5.149s] [ 58%] Built target yesense_interface__rosidl_typesupport_cpp
[5.150s] gmake[2]: Warning: File 'CMakeFiles/yesense_interface__rosidl_typesupport_fastrtps_c.dir/flags.make' has modification time 2939998 s in the future
[5.151s] gmake[2]: warning:  Clock skew detected.  Your build may be incomplete.
[5.162s] gmake[2]: Warning: File 'CMakeFiles/yesense_interface__rosidl_typesupport_introspection_cpp.dir/flags.make' has modification time 2939998 s in the future
[5.166s] [ 68%] Built target yesense_interface__rosidl_typesupport_fastrtps_c
[5.167s] gmake[2]: warning:  Clock skew detected.  Your build may be incomplete.
[5.174s] gmake[2]: Warning: File 'CMakeFiles/yesense_interface__rosidl_typesupport_fastrtps_cpp.dir/flags.make' has modification time 2939998 s in the future
[5.175s] gmake[2]: warning:  Clock skew detected.  Your build may be incomplete.
[5.182s] [ 78%] Built target yesense_interface__rosidl_typesupport_introspection_cpp
[5.205s] [ 88%] Built target yesense_interface__rosidl_typesupport_fastrtps_cpp
[5.211s] gmake[2]: Warning: File 'CMakeFiles/yesense_interface.dir/compiler_depend.make' has modification time 2939998 s in the future
[5.226s] gmake[2]: warning:  Clock skew detected.  Your build may be incomplete.
[5.229s] gmake[2]: Warning: File 'CMakeFiles/yesense_interface.dir/compiler_depend.make' has modification time 2939998 s in the future
[5.230s] gmake[2]: warning:  Clock skew detected.  Your build may be incomplete.
[5.266s] [ 88%] Built target yesense_interface
[5.279s] gmake[2]: Warning: File '/home/ubuntu/rb3302_final_proj_code/robot_ws/build/yesense_interface/yesense_interface__py/CMakeFiles/yesense_interface__py.dir/compiler_depend.make' has modification time 2939998 s in the future
[5.312s] gmake[2]: warning:  Clock skew detected.  Your build may be incomplete.
[5.315s] gmake[2]: Warning: File '/home/ubuntu/rb3302_final_proj_code/robot_ws/build/yesense_interface/yesense_interface__py/CMakeFiles/yesense_interface__py.dir/compiler_depend.make' has modification time 2939998 s in the future
[5.316s] gmake[2]: warning:  Clock skew detected.  Your build may be incomplete.
[5.342s] [ 88%] Built target yesense_interface__py
[5.352s] gmake[2]: Warning: File 'CMakeFiles/yesense_interface__rosidl_generator_py.dir/flags.make' has modification time 2939998 s in the future
[5.394s] gmake[2]: warning:  Clock skew detected.  Your build may be incomplete.
[5.409s] running egg_info
[5.422s] gmake[2]: Warning: File 'CMakeFiles/yesense_interface__rosidl_generator_py.dir/flags.make' has modification time 2939998 s in the future
[5.423s] gmake[2]: warning:  Clock skew detected.  Your build may be incomplete.
[5.438s] [ 97%] Built target yesense_interface__rosidl_generator_py
[5.443s] gmake[2]: Warning: File 'CMakeFiles/yesense_interface_s__rosidl_typesupport_fastrtps_c.dir/flags.make' has modification time 2939998 s in the future
[5.444s] gmake[2]: Warning: File 'CMakeFiles/yesense_interface_s__rosidl_typesupport_introspection_c.dir/flags.make' has modification time 2939998 s in the future
[5.445s] writing yesense_interface.egg-info/PKG-INFO
[5.445s] writing dependency_links to yesense_interface.egg-info/dependency_links.txt
[5.446s] writing top-level names to yesense_interface.egg-info/top_level.txt
[5.447s] gmake[2]: Warning: File 'CMakeFiles/yesense_interface_s__rosidl_typesupport_c.dir/flags.make' has modification time 2939998 s in the future
[5.462s] gmake[2]: warning:  Clock skew detected.  Your build may be incomplete.
[5.465s] gmake[2]: Warning: File 'CMakeFiles/yesense_interface_s__rosidl_typesupport_fastrtps_c.dir/flags.make' has modification time 2939998 s in the future
[5.466s] gmake[2]: warning:  Clock skew detected.  Your build may be incomplete.
[5.477s] gmake[2]: warning:  Clock skew detected.  Your build may be incomplete.
[5.484s] gmake[2]: warning:  Clock skew detected.  Your build may be incomplete.
[5.484s] gmake[2]: Warning: File 'CMakeFiles/yesense_interface_s__rosidl_typesupport_introspection_c.dir/flags.make' has modification time 2939998 s in the future
[5.488s] gmake[2]: warning:  Clock skew detected.  Your build may be incomplete.
[5.488s] gmake[2]: Warning: File 'CMakeFiles/yesense_interface_s__rosidl_typesupport_c.dir/flags.make' has modification time 2939998 s in the future
[5.489s] gmake[2]: warning:  Clock skew detected.  Your build may be incomplete.
[5.494s] [ 98%] Built target yesense_interface_s__rosidl_typesupport_fastrtps_c
[5.517s] [ 99%] Built target yesense_interface_s__rosidl_typesupport_introspection_c
[5.519s] [100%] Built target yesense_interface_s__rosidl_typesupport_c
[5.543s] reading manifest file 'yesense_interface.egg-info/SOURCES.txt'
[5.543s] writing manifest file 'yesense_interface.egg-info/SOURCES.txt'
[5.587s] gmake[2]: warning:  Clock skew detected.  Your build may be incomplete.
[5.602s] [100%] Built target ament_cmake_python_build_yesense_interface_egg
[5.637s] Invoked command in '/home/ubuntu/rb3302_final_proj_code/robot_ws/build/yesense_interface' returned '0': CMAKE_PREFIX_PATH=${CMAKE_PREFIX_PATH}:/opt/ros/jazzy /usr/bin/cmake --build /home/ubuntu/rb3302_final_proj_code/robot_ws/build/yesense_interface -- -j8 -l8
[5.641s] Invoking command in '/home/ubuntu/rb3302_final_proj_code/robot_ws/build/yesense_interface': CMAKE_PREFIX_PATH=${CMAKE_PREFIX_PATH}:/opt/ros/jazzy /usr/bin/cmake --install /home/ubuntu/rb3302_final_proj_code/robot_ws/build/yesense_interface
[5.657s] -- Install configuration: ""
[5.659s] -- Execute custom install script
[5.659s] -- Up-to-date symlink: /home/ubuntu/rb3302_final_proj_code/robot_ws/install/yesense_interface/share/ament_index/resource_index/rosidl_interfaces/yesense_interface
[5.660s] -- Up-to-date symlink: /home/ubuntu/rb3302_final_proj_code/robot_ws/install/yesense_interface/share/yesense_interface/msg/Tid.json
[5.661s] -- Up-to-date symlink: /home/ubuntu/rb3302_final_proj_code/robot_ws/install/yesense_interface/share/yesense_interface/msg/ThreeAxis.json
[5.662s] -- Up-to-date symlink: /home/ubuntu/rb3302_final_proj_code/robot_ws/install/yesense_interface/share/yesense_interface/msg/SensorTemp.json
[5.662s] -- Up-to-date symlink: /home/ubuntu/rb3302_final_proj_code/robot_ws/install/yesense_interface/share/yesense_interface/msg/Pressure.json
[5.663s] -- Up-to-date symlink: /home/ubuntu/rb3302_final_proj_code/robot_ws/install/yesense_interface/share/yesense_interface/msg/EulerAngle.json
[5.664s] -- Up-to-date symlink: /home/ubuntu/rb3302_final_proj_code/robot_ws/install/yesense_interface/share/yesense_interface/msg/Quat.json
[5.664s] -- Up-to-date symlink: /home/ubuntu/rb3302_final_proj_code/robot_ws/install/yesense_interface/share/yesense_interface/msg/GnssPos.json
[5.666s] -- Up-to-date symlink: /home/ubuntu/rb3302_final_proj_code/robot_ws/install/yesense_interface/share/yesense_interface/msg/NavStatus.json
[5.666s] -- Up-to-date symlink: /home/ubuntu/rb3302_final_proj_code/robot_ws/install/yesense_interface/share/yesense_interface/msg/Vel.json
[5.667s] -- Up-to-date symlink: /home/ubuntu/rb3302_final_proj_code/robot_ws/install/yesense_interface/share/yesense_interface/msg/Utc.json
[5.667s] -- Up-to-date symlink: /home/ubuntu/rb3302_final_proj_code/robot_ws/install/yesense_interface/share/yesense_interface/msg/SampleTimestamp.json
[5.667s] -- Up-to-date symlink: /home/ubuntu/rb3302_final_proj_code/robot_ws/install/yesense_interface/share/yesense_interface/msg/ImuData.json
[5.668s] -- Up-to-date symlink: /home/ubuntu/rb3302_final_proj_code/robot_ws/install/yesense_interface/share/yesense_interface/msg/ImuDataTenAxis.json
[5.668s] -- Up-to-date symlink: /home/ubuntu/rb3302_final_proj_code/robot_ws/install/yesense_interface/share/yesense_interface/msg/EulerOnly.json
[5.669s] -- Up-to-date symlink: /home/ubuntu/rb3302_final_proj_code/robot_ws/install/yesense_interface/share/yesense_interface/msg/RobotLord.json
[5.671s] -- Up-to-date symlink: /home/ubuntu/rb3302_final_proj_code/robot_ws/install/yesense_interface/share/yesense_interface/msg/AttitudeMinVru.json
[5.672s] -- Up-to-date symlink: /home/ubuntu/rb3302_final_proj_code/robot_ws/install/yesense_interface/share/yesense_interface/msg/AttitudeMinAhrs.json
[5.672s] -- Up-to-date symlink: /home/ubuntu/rb3302_final_proj_code/robot_ws/install/yesense_interface/share/yesense_interface/msg/AttitudeAllData.json
[5.673s] -- Up-to-date symlink: /home/ubuntu/rb3302_final_proj_code/robot_ws/install/yesense_interface/share/yesense_interface/msg/PosOnly.json
[5.674s] -- Up-to-date symlink: /home/ubuntu/rb3302_final_proj_code/robot_ws/install/yesense_interface/share/yesense_interface/msg/NavMin.json
[5.675s] -- Up-to-date symlink: /home/ubuntu/rb3302_final_proj_code/robot_ws/install/yesense_interface/share/yesense_interface/msg/NavMinUtc.json
[5.676s] -- Up-to-date symlink: /home/ubuntu/rb3302_final_proj_code/robot_ws/install/yesense_interface/share/yesense_interface/msg/NavAll.json
[5.677s] -- Up-to-date symlink: /home/ubuntu/rb3302_final_proj_code/robot_ws/install/yesense_interface/include/yesense_interface/yesense_interface/msg/attitude_all_data.h
[5.678s] -- Up-to-date symlink: /home/ubuntu/rb3302_final_proj_code/robot_ws/install/yesense_interface/include/yesense_interface/yesense_interface/msg/attitude_min_ahrs.h
[5.679s] -- Up-to-date symlink: /home/ubuntu/rb3302_final_proj_code/robot_ws/install/yesense_interface/include/yesense_interface/yesense_interface/msg/attitude_min_vru.h
[5.680s] -- Up-to-date symlink: /home/ubuntu/rb3302_final_proj_code/robot_ws/install/yesense_interface/include/yesense_interface/yesense_interface/msg/detail/attitude_all_data__functions.h
[5.680s] -- Up-to-date symlink: /home/ubuntu/rb3302_final_proj_code/robot_ws/install/yesense_interface/include/yesense_interface/yesense_interface/msg/detail/attitude_all_data__struct.h
[5.681s] -- Up-to-date symlink: /home/ubuntu/rb3302_final_proj_code/robot_ws/install/yesense_interface/include/yesense_interface/yesense_interface/msg/detail/attitude_all_data__type_support.h
[5.681s] -- Up-to-date symlink: /home/ubuntu/rb3302_final_proj_code/robot_ws/install/yesense_interface/include/yesense_interface/yesense_interface/msg/detail/attitude_min_ahrs__functions.h
[5.682s] -- Up-to-date symlink: /home/ubuntu/rb3302_final_proj_code/robot_ws/install/yesense_interface/include/yesense_interface/yesense_interface/msg/detail/attitude_min_ahrs__struct.h
[5.683s] -- Up-to-date symlink: /home/ubuntu/rb3302_final_proj_code/robot_ws/install/yesense_interface/include/yesense_interface/yesense_interface/msg/detail/attitude_min_ahrs__type_support.h
[5.683s] -- Up-to-date symlink: /home/ubuntu/rb3302_final_proj_code/robot_ws/install/yesense_interface/include/yesense_interface/yesense_interface/msg/detail/attitude_min_vru__functions.h
[5.683s] -- Up-to-date symlink: /home/ubuntu/rb3302_final_proj_code/robot_ws/install/yesense_interface/include/yesense_interface/yesense_interface/msg/detail/attitude_min_vru__struct.h
[5.683s] -- Up-to-date symlink: /home/ubuntu/rb3302_final_proj_code/robot_ws/install/yesense_interface/include/yesense_interface/yesense_interface/msg/detail/attitude_min_vru__type_support.h
[5.683s] -- Up-to-date symlink: /home/ubuntu/rb3302_final_proj_code/robot_ws/install/yesense_interface/include/yesense_interface/yesense_interface/msg/detail/euler_angle__functions.h
[5.684s] -- Up-to-date symlink: /home/ubuntu/rb3302_final_proj_code/robot_ws/install/yesense_interface/include/yesense_interface/yesense_interface/msg/detail/euler_angle__struct.h
[5.684s] -- Up-to-date symlink: /home/ubuntu/rb3302_final_proj_code/robot_ws/install/yesense_interface/include/yesense_interface/yesense_interface/msg/detail/euler_angle__type_support.h
[5.684s] -- Up-to-date symlink: /home/ubuntu/rb3302_final_proj_code/robot_ws/install/yesense_interface/include/yesense_interface/yesense_interface/msg/detail/euler_only__functions.h
[5.684s] -- Up-to-date symlink: /home/ubuntu/rb3302_final_proj_code/robot_ws/install/yesense_interface/include/yesense_interface/yesense_interface/msg/detail/euler_only__struct.h
[5.684s] -- Up-to-date symlink: /home/ubuntu/rb3302_final_proj_code/robot_ws/install/yesense_interface/include/yesense_interface/yesense_interface/msg/detail/euler_only__type_support.h
[5.684s] -- Up-to-date symlink: /home/ubuntu/rb3302_final_proj_code/robot_ws/install/yesense_interface/include/yesense_interface/yesense_interface/msg/detail/gnss_pos__functions.h
[5.684s] -- Up-to-date symlink: /home/ubuntu/rb3302_final_proj_code/robot_ws/install/yesense_interface/include/yesense_interface/yesense_interface/msg/detail/gnss_pos__struct.h
[5.684s] -- Up-to-date symlink: /home/ubuntu/rb3302_final_proj_code/robot_ws/install/yesense_interface/include/yesense_interface/yesense_interface/msg/detail/gnss_pos__type_support.h
[5.685s] -- Up-to-date symlink: /home/ubuntu/rb3302_final_proj_code/robot_ws/install/yesense_interface/include/yesense_interface/yesense_interface/msg/detail/imu_data__functions.h
[5.685s] -- Up-to-date symlink: /home/ubuntu/rb3302_final_proj_code/robot_ws/install/yesense_interface/include/yesense_interface/yesense_interface/msg/detail/imu_data__struct.h
[5.685s] -- Up-to-date symlink: /home/ubuntu/rb3302_final_proj_code/robot_ws/install/yesense_interface/include/yesense_interface/yesense_interface/msg/detail/imu_data__type_support.h
[5.685s] -- Up-to-date symlink: /home/ubuntu/rb3302_final_proj_code/robot_ws/install/yesense_interface/include/yesense_interface/yesense_interface/msg/detail/imu_data_ten_axis__functions.h
[5.685s] -- Up-to-date symlink: /home/ubuntu/rb3302_final_proj_code/robot_ws/install/yesense_interface/include/yesense_interface/yesense_interface/msg/detail/imu_data_ten_axis__struct.h
[5.685s] -- Up-to-date symlink: /home/ubuntu/rb3302_final_proj_code/robot_ws/install/yesense_interface/include/yesense_interface/yesense_interface/msg/detail/imu_data_ten_axis__type_support.h
[5.686s] -- Up-to-date symlink: /home/ubuntu/rb3302_final_proj_code/robot_ws/install/yesense_interface/include/yesense_interface/yesense_interface/msg/detail/nav_all__functions.h
[5.686s] -- Up-to-date symlink: /home/ubuntu/rb3302_final_proj_code/robot_ws/install/yesense_interface/include/yesense_interface/yesense_interface/msg/detail/nav_all__struct.h
[5.686s] -- Up-to-date symlink: /home/ubuntu/rb3302_final_proj_code/robot_ws/install/yesense_interface/include/yesense_interface/yesense_interface/msg/detail/nav_all__type_support.h
[5.686s] -- Up-to-date symlink: /home/ubuntu/rb3302_final_proj_code/robot_ws/install/yesense_interface/include/yesense_interface/yesense_interface/msg/detail/nav_min__functions.h
[5.686s] -- Up-to-date symlink: /home/ubuntu/rb3302_final_proj_code/robot_ws/install/yesense_interface/include/yesense_interface/yesense_interface/msg/detail/nav_min__struct.h
[5.686s] -- Up-to-date symlink: /home/ubuntu/rb3302_final_proj_code/robot_ws/install/yesense_interface/include/yesense_interface/yesense_interface/msg/detail/nav_min__type_support.h
[5.686s] -- Up-to-date symlink: /home/ubuntu/rb3302_final_proj_code/robot_ws/install/yesense_interface/include/yesense_interface/yesense_interface/msg/detail/nav_min_utc__functions.h
[5.687s] -- Up-to-date symlink: /home/ubuntu/rb3302_final_proj_code/robot_ws/install/yesense_interface/include/yesense_interface/yesense_interface/msg/detail/nav_min_utc__struct.h
[5.687s] -- Up-to-date symlink: /home/ubuntu/rb3302_final_proj_code/robot_ws/install/yesense_interface/include/yesense_interface/yesense_interface/msg/detail/nav_min_utc__type_support.h
[5.687s] -- Up-to-date symlink: /home/ubuntu/rb3302_final_proj_code/robot_ws/install/yesense_interface/include/yesense_interface/yesense_interface/msg/detail/nav_status__functions.h
[5.687s] -- Up-to-date symlink: /home/ubuntu/rb3302_final_proj_code/robot_ws/install/yesense_interface/include/yesense_interface/yesense_interface/msg/detail/nav_status__struct.h
[5.687s] -- Up-to-date symlink: /home/ubuntu/rb3302_final_proj_code/robot_ws/install/yesense_interface/include/yesense_interface/yesense_interface/msg/detail/nav_status__type_support.h
[5.687s] -- Up-to-date symlink: /home/ubuntu/rb3302_final_proj_code/robot_ws/install/yesense_interface/include/yesense_interface/yesense_interface/msg/detail/pos_only__functions.h
[5.687s] -- Up-to-date symlink: /home/ubuntu/rb3302_final_proj_code/robot_ws/install/yesense_interface/include/yesense_interface/yesense_interface/msg/detail/pos_only__struct.h
[5.688s] -- Up-to-date symlink: /home/ubuntu/rb3302_final_proj_code/robot_ws/install/yesense_interface/include/yesense_interface/yesense_interface/msg/detail/pos_only__type_support.h
[5.688s] -- Up-to-date symlink: /home/ubuntu/rb3302_final_proj_code/robot_ws/install/yesense_interface/include/yesense_interface/yesense_interface/msg/detail/pressure__functions.h
[5.688s] -- Up-to-date symlink: /home/ubuntu/rb3302_final_proj_code/robot_ws/install/yesense_interface/include/yesense_interface/yesense_interface/msg/detail/pressure__struct.h
[5.688s] -- Up-to-date symlink: /home/ubuntu/rb3302_final_proj_code/robot_ws/install/yesense_interface/include/yesense_interface/yesense_interface/msg/detail/pressure__type_support.h
[5.688s] -- Up-to-date symlink: /home/ubuntu/rb3302_final_proj_code/robot_ws/install/yesense_interface/include/yesense_interface/yesense_interface/msg/detail/quat__functions.h
[5.688s] -- Up-to-date symlink: /home/ubuntu/rb3302_final_proj_code/robot_ws/install/yesense_interface/include/yesense_interface/yesense_interface/msg/detail/quat__struct.h
[5.688s] -- Up-to-date symlink: /home/ubuntu/rb3302_final_proj_code/robot_ws/install/yesense_interface/include/yesense_interface/yesense_interface/msg/detail/quat__type_support.h
[5.689s] -- Up-to-date symlink: /home/ubuntu/rb3302_final_proj_code/robot_ws/install/yesense_interface/include/yesense_interface/yesense_interface/msg/detail/robot_lord__functions.h
[5.689s] -- Up-to-date symlink: /home/ubuntu/rb3302_final_proj_code/robot_ws/install/yesense_interface/include/yesense_interface/yesense_interface/msg/detail/robot_lord__struct.h
[5.689s] -- Up-to-date symlink: /home/ubuntu/rb3302_final_proj_code/robot_ws/install/yesense_interface/include/yesense_interface/yesense_interface/msg/detail/robot_lord__type_support.h
[5.689s] -- Up-to-date symlink: /home/ubuntu/rb3302_final_proj_code/robot_ws/install/yesense_interface/include/yesense_interface/yesense_interface/msg/detail/sample_timestamp__functions.h
[5.689s] -- Up-to-date symlink: /home/ubuntu/rb3302_final_proj_code/robot_ws/install/yesense_interface/include/yesense_interface/yesense_interface/msg/detail/sample_timestamp__struct.h
[5.689s] -- Up-to-date symlink: /home/ubuntu/rb3302_final_proj_code/robot_ws/install/yesense_interface/include/yesense_interface/yesense_interface/msg/detail/sample_timestamp__type_support.h
[5.689s] -- Up-to-date symlink: /home/ubuntu/rb3302_final_proj_code/robot_ws/install/yesense_interface/include/yesense_interface/yesense_interface/msg/detail/sensor_temp__functions.h
[5.690s] -- Up-to-date symlink: /home/ubuntu/rb3302_final_proj_code/robot_ws/install/yesense_interface/include/yesense_interface/yesense_interface/msg/detail/sensor_temp__struct.h
[5.690s] -- Up-to-date symlink: /home/ubuntu/rb3302_final_proj_code/robot_ws/install/yesense_interface/include/yesense_interface/yesense_interface/msg/detail/sensor_temp__type_support.h
[5.690s] -- Up-to-date symlink: /home/ubuntu/rb3302_final_proj_code/robot_ws/install/yesense_interface/include/yesense_interface/yesense_interface/msg/detail/three_axis__functions.h
[5.690s] -- Up-to-date symlink: /home/ubuntu/rb3302_final_proj_code/robot_ws/install/yesense_interface/include/yesense_interface/yesense_interface/msg/detail/three_axis__struct.h
[5.690s] -- Up-to-date symlink: /home/ubuntu/rb3302_final_proj_code/robot_ws/install/yesense_interface/include/yesense_interface/yesense_interface/msg/detail/three_axis__type_support.h
[5.690s] -- Up-to-date symlink: /home/ubuntu/rb3302_final_proj_code/robot_ws/install/yesense_interface/include/yesense_interface/yesense_interface/msg/detail/tid__functions.h
[5.691s] -- Up-to-date symlink: /home/ubuntu/rb3302_final_proj_code/robot_ws/install/yesense_interface/include/yesense_interface/yesense_interface/msg/detail/tid__struct.h
[5.691s] -- Up-to-date symlink: /home/ubuntu/rb3302_final_proj_code/robot_ws/install/yesense_interface/include/yesense_interface/yesense_interface/msg/detail/tid__type_support.h
[5.691s] -- Up-to-date symlink: /home/ubuntu/rb3302_final_proj_code/robot_ws/install/yesense_interface/include/yesense_interface/yesense_interface/msg/detail/utc__functions.h
[5.691s] -- Up-to-date symlink: /home/ubuntu/rb3302_final_proj_code/robot_ws/install/yesense_interface/include/yesense_interface/yesense_interface/msg/detail/utc__struct.h
[5.691s] -- Up-to-date symlink: /home/ubuntu/rb3302_final_proj_code/robot_ws/install/yesense_interface/include/yesense_interface/yesense_interface/msg/detail/utc__type_support.h
[5.691s] -- Up-to-date symlink: /home/ubuntu/rb3302_final_proj_code/robot_ws/install/yesense_interface/include/yesense_interface/yesense_interface/msg/detail/vel__functions.h
[5.691s] -- Up-to-date symlink: /home/ubuntu/rb3302_final_proj_code/robot_ws/install/yesense_interface/include/yesense_interface/yesense_interface/msg/detail/vel__struct.h
[5.691s] -- Up-to-date symlink: /home/ubuntu/rb3302_final_proj_code/robot_ws/install/yesense_interface/include/yesense_interface/yesense_interface/msg/detail/vel__type_support.h
[5.692s] -- Up-to-date symlink: /home/ubuntu/rb3302_final_proj_code/robot_ws/install/yesense_interface/include/yesense_interface/yesense_interface/msg/euler_angle.h
[5.692s] -- Up-to-date symlink: /home/ubuntu/rb3302_final_proj_code/robot_ws/install/yesense_interface/include/yesense_interface/yesense_interface/msg/euler_only.h
[5.692s] -- Up-to-date symlink: /home/ubuntu/rb3302_final_proj_code/robot_ws/install/yesense_interface/include/yesense_interface/yesense_interface/msg/gnss_pos.h
[5.692s] -- Up-to-date symlink: /home/ubuntu/rb3302_final_proj_code/robot_ws/install/yesense_interface/include/yesense_interface/yesense_interface/msg/imu_data.h
[5.692s] -- Up-to-date symlink: /home/ubuntu/rb3302_final_proj_code/robot_ws/install/yesense_interface/include/yesense_interface/yesense_interface/msg/imu_data_ten_axis.h
[5.692s] -- Up-to-date symlink: /home/ubuntu/rb3302_final_proj_code/robot_ws/install/yesense_interface/include/yesense_interface/yesense_interface/msg/nav_all.h
[5.692s] -- Up-to-date symlink: /home/ubuntu/rb3302_final_proj_code/robot_ws/install/yesense_interface/include/yesense_interface/yesense_interface/msg/nav_min.h
[5.693s] -- Up-to-date symlink: /home/ubuntu/rb3302_final_proj_code/robot_ws/install/yesense_interface/include/yesense_interface/yesense_interface/msg/nav_min_utc.h
[5.694s] -- Up-to-date symlink: /home/ubuntu/rb3302_final_proj_code/robot_ws/install/yesense_interface/include/yesense_interface/yesense_interface/msg/nav_status.h
[5.694s] -- Up-to-date symlink: /home/ubuntu/rb3302_final_proj_code/robot_ws/install/yesense_interface/include/yesense_interface/yesense_interface/msg/pos_only.h
[5.695s] -- Up-to-date symlink: /home/ubuntu/rb3302_final_proj_code/robot_ws/install/yesense_interface/include/yesense_interface/yesense_interface/msg/pressure.h
[5.695s] -- Up-to-date symlink: /home/ubuntu/rb3302_final_proj_code/robot_ws/install/yesense_interface/include/yesense_interface/yesense_interface/msg/quat.h
[5.696s] -- Up-to-date symlink: /home/ubuntu/rb3302_final_proj_code/robot_ws/install/yesense_interface/include/yesense_interface/yesense_interface/msg/robot_lord.h
[5.696s] -- Up-to-date symlink: /home/ubuntu/rb3302_final_proj_code/robot_ws/install/yesense_interface/include/yesense_interface/yesense_interface/msg/rosidl_generator_c__visibility_control.h
[5.697s] -- Up-to-date symlink: /home/ubuntu/rb3302_final_proj_code/robot_ws/install/yesense_interface/include/yesense_interface/yesense_interface/msg/sample_timestamp.h
[5.698s] -- Up-to-date symlink: /home/ubuntu/rb3302_final_proj_code/robot_ws/install/yesense_interface/include/yesense_interface/yesense_interface/msg/sensor_temp.h
[5.698s] -- Up-to-date symlink: /home/ubuntu/rb3302_final_proj_code/robot_ws/install/yesense_interface/include/yesense_interface/yesense_interface/msg/three_axis.h
[5.699s] -- Up-to-date symlink: /home/ubuntu/rb3302_final_proj_code/robot_ws/install/yesense_interface/include/yesense_interface/yesense_interface/msg/tid.h
[5.699s] -- Up-to-date symlink: /home/ubuntu/rb3302_final_proj_code/robot_ws/install/yesense_interface/include/yesense_interface/yesense_interface/msg/utc.h
[5.700s] -- Up-to-date symlink: /home/ubuntu/rb3302_final_proj_code/robot_ws/install/yesense_interface/include/yesense_interface/yesense_interface/msg/vel.h
[5.700s] -- Up-to-date symlink: /home/ubuntu/rb3302_final_proj_code/robot_ws/install/yesense_interface/share/yesense_interface/environment/library_path.sh
[5.701s] -- Up-to-date symlink: /home/ubuntu/rb3302_final_proj_code/robot_ws/install/yesense_interface/share/yesense_interface/environment/library_path.dsv
[5.701s] -- Up-to-date symlink: /home/ubuntu/rb3302_final_proj_code/robot_ws/install/yesense_interface/include/yesense_interface/yesense_interface/msg/detail/attitude_all_data__rosidl_typesupport_fastrtps_c.h
[5.701s] -- Up-to-date symlink: /home/ubuntu/rb3302_final_proj_code/robot_ws/install/yesense_interface/include/yesense_interface/yesense_interface/msg/detail/attitude_min_ahrs__rosidl_typesupport_fastrtps_c.h
[5.701s] -- Up-to-date symlink: /home/ubuntu/rb3302_final_proj_code/robot_ws/install/yesense_interface/include/yesense_interface/yesense_interface/msg/detail/attitude_min_vru__rosidl_typesupport_fastrtps_c.h
[5.702s] -- Up-to-date symlink: /home/ubuntu/rb3302_final_proj_code/robot_ws/install/yesense_interface/include/yesense_interface/yesense_interface/msg/detail/euler_angle__rosidl_typesupport_fastrtps_c.h
[5.702s] -- Up-to-date symlink: /home/ubuntu/rb3302_final_proj_code/robot_ws/install/yesense_interface/include/yesense_interface/yesense_interface/msg/detail/euler_only__rosidl_typesupport_fastrtps_c.h
[5.702s] -- Up-to-date symlink: /home/ubuntu/rb3302_final_proj_code/robot_ws/install/yesense_interface/include/yesense_interface/yesense_interface/msg/detail/gnss_pos__rosidl_typesupport_fastrtps_c.h
[5.702s] -- Up-to-date symlink: /home/ubuntu/rb3302_final_proj_code/robot_ws/install/yesense_interface/include/yesense_interface/yesense_interface/msg/detail/imu_data__rosidl_typesupport_fastrtps_c.h
[5.702s] -- Up-to-date symlink: /home/ubuntu/rb3302_final_proj_code/robot_ws/install/yesense_interface/include/yesense_interface/yesense_interface/msg/detail/imu_data_ten_axis__rosidl_typesupport_fastrtps_c.h
[5.702s] -- Up-to-date symlink: /home/ubuntu/rb3302_final_proj_code/robot_ws/install/yesense_interface/include/yesense_interface/yesense_interface/msg/detail/nav_all__rosidl_typesupport_fastrtps_c.h
[5.703s] -- Up-to-date symlink: /home/ubuntu/rb3302_final_proj_code/robot_ws/install/yesense_interface/include/yesense_interface/yesense_interface/msg/detail/nav_min__rosidl_typesupport_fastrtps_c.h
[5.703s] -- Up-to-date symlink: /home/ubuntu/rb3302_final_proj_code/robot_ws/install/yesense_interface/include/yesense_interface/yesense_interface/msg/detail/nav_min_utc__rosidl_typesupport_fastrtps_c.h
[5.703s] -- Up-to-date symlink: /home/ubuntu/rb3302_final_proj_code/robot_ws/install/yesense_interface/include/yesense_interface/yesense_interface/msg/detail/nav_status__rosidl_typesupport_fastrtps_c.h
[5.703s] -- Up-to-date symlink: /home/ubuntu/rb3302_final_proj_code/robot_ws/install/yesense_interface/include/yesense_interface/yesense_interface/msg/detail/pos_only__rosidl_typesupport_fastrtps_c.h
[5.703s] -- Up-to-date symlink: /home/ubuntu/rb3302_final_proj_code/robot_ws/install/yesense_interface/include/yesense_interface/yesense_interface/msg/detail/pressure__rosidl_typesupport_fastrtps_c.h
[5.703s] -- Up-to-date symlink: /home/ubuntu/rb3302_final_proj_code/robot_ws/install/yesense_interface/include/yesense_interface/yesense_interface/msg/detail/quat__rosidl_typesupport_fastrtps_c.h
[5.703s] -- Up-to-date symlink: /home/ubuntu/rb3302_final_proj_code/robot_ws/install/yesense_interface/include/yesense_interface/yesense_interface/msg/detail/robot_lord__rosidl_typesupport_fastrtps_c.h
[5.704s] -- Up-to-date symlink: /home/ubuntu/rb3302_final_proj_code/robot_ws/install/yesense_interface/include/yesense_interface/yesense_interface/msg/detail/sample_timestamp__rosidl_typesupport_fastrtps_c.h
[5.704s] -- Up-to-date symlink: /home/ubuntu/rb3302_final_proj_code/robot_ws/install/yesense_interface/include/yesense_interface/yesense_interface/msg/detail/sensor_temp__rosidl_typesupport_fastrtps_c.h
[5.704s] -- Up-to-date symlink: /home/ubuntu/rb3302_final_proj_code/robot_ws/install/yesense_interface/include/yesense_interface/yesense_interface/msg/detail/three_axis__rosidl_typesupport_fastrtps_c.h
[5.704s] -- Up-to-date symlink: /home/ubuntu/rb3302_final_proj_code/robot_ws/install/yesense_interface/include/yesense_interface/yesense_interface/msg/detail/tid__rosidl_typesupport_fastrtps_c.h
[5.704s] -- Up-to-date symlink: /home/ubuntu/rb3302_final_proj_code/robot_ws/install/yesense_interface/include/yesense_interface/yesense_interface/msg/detail/utc__rosidl_typesupport_fastrtps_c.h
[5.704s] -- Up-to-date symlink: /home/ubuntu/rb3302_final_proj_code/robot_ws/install/yesense_interface/include/yesense_interface/yesense_interface/msg/detail/vel__rosidl_typesupport_fastrtps_c.h
[5.705s] -- Up-to-date symlink: /home/ubuntu/rb3302_final_proj_code/robot_ws/install/yesense_interface/include/yesense_interface/yesense_interface/msg/rosidl_typesupport_fastrtps_c__visibility_control.h
[5.705s] -- Up-to-date symlink: /home/ubuntu/rb3302_final_proj_code/robot_ws/install/yesense_interface/include/yesense_interface/yesense_interface/msg/detail/attitude_all_data__rosidl_typesupport_introspection_c.h
[5.705s] -- Up-to-date symlink: /home/ubuntu/rb3302_final_proj_code/robot_ws/install/yesense_interface/include/yesense_interface/yesense_interface/msg/detail/attitude_min_ahrs__rosidl_typesupport_introspection_c.h
[5.705s] -- Up-to-date symlink: /home/ubuntu/rb3302_final_proj_code/robot_ws/install/yesense_interface/include/yesense_interface/yesense_interface/msg/detail/attitude_min_vru__rosidl_typesupport_introspection_c.h
[5.705s] -- Up-to-date symlink: /home/ubuntu/rb3302_final_proj_code/robot_ws/install/yesense_interface/include/yesense_interface/yesense_interface/msg/detail/euler_angle__rosidl_typesupport_introspection_c.h
[5.705s] -- Up-to-date symlink: /home/ubuntu/rb3302_final_proj_code/robot_ws/install/yesense_interface/include/yesense_interface/yesense_interface/msg/detail/euler_only__rosidl_typesupport_introspection_c.h
[5.706s] -- Up-to-date symlink: /home/ubuntu/rb3302_final_proj_code/robot_ws/install/yesense_interface/include/yesense_interface/yesense_interface/msg/detail/gnss_pos__rosidl_typesupport_introspection_c.h
[5.706s] -- Up-to-date symlink: /home/ubuntu/rb3302_final_proj_code/robot_ws/install/yesense_interface/include/yesense_interface/yesense_interface/msg/detail/imu_data__rosidl_typesupport_introspection_c.h
[5.706s] -- Up-to-date symlink: /home/ubuntu/rb3302_final_proj_code/robot_ws/install/yesense_interface/include/yesense_interface/yesense_interface/msg/detail/imu_data_ten_axis__rosidl_typesupport_introspection_c.h
[5.706s] -- Up-to-date symlink: /home/ubuntu/rb3302_final_proj_code/robot_ws/install/yesense_interface/include/yesense_interface/yesense_interface/msg/detail/nav_all__rosidl_typesupport_introspection_c.h
[5.706s] -- Up-to-date symlink: /home/ubuntu/rb3302_final_proj_code/robot_ws/install/yesense_interface/include/yesense_interface/yesense_interface/msg/detail/nav_min__rosidl_typesupport_introspection_c.h
[5.706s] -- Up-to-date symlink: /home/ubuntu/rb3302_final_proj_code/robot_ws/install/yesense_interface/include/yesense_interface/yesense_interface/msg/detail/nav_min_utc__rosidl_typesupport_introspection_c.h
[5.707s] -- Up-to-date symlink: /home/ubuntu/rb3302_final_proj_code/robot_ws/install/yesense_interface/include/yesense_interface/yesense_interface/msg/detail/nav_status__rosidl_typesupport_introspection_c.h
[5.707s] -- Up-to-date symlink: /home/ubuntu/rb3302_final_proj_code/robot_ws/install/yesense_interface/include/yesense_interface/yesense_interface/msg/detail/pos_only__rosidl_typesupport_introspection_c.h
[5.707s] -- Up-to-date symlink: /home/ubuntu/rb3302_final_proj_code/robot_ws/install/yesense_interface/include/yesense_interface/yesense_interface/msg/detail/pressure__rosidl_typesupport_introspection_c.h
[5.707s] -- Up-to-date symlink: /home/ubuntu/rb3302_final_proj_code/robot_ws/install/yesense_interface/include/yesense_interface/yesense_interface/msg/detail/quat__rosidl_typesupport_introspection_c.h
[5.707s] -- Up-to-date symlink: /home/ubuntu/rb3302_final_proj_code/robot_ws/install/yesense_interface/include/yesense_interface/yesense_interface/msg/detail/robot_lord__rosidl_typesupport_introspection_c.h
[5.707s] -- Up-to-date symlink: /home/ubuntu/rb3302_final_proj_code/robot_ws/install/yesense_interface/include/yesense_interface/yesense_interface/msg/detail/sample_timestamp__rosidl_typesupport_introspection_c.h
[5.707s] -- Up-to-date symlink: /home/ubuntu/rb3302_final_proj_code/robot_ws/install/yesense_interface/include/yesense_interface/yesense_interface/msg/detail/sensor_temp__rosidl_typesupport_introspection_c.h
[5.707s] -- Up-to-date symlink: /home/ubuntu/rb3302_final_proj_code/robot_ws/install/yesense_interface/include/yesense_interface/yesense_interface/msg/detail/three_axis__rosidl_typesupport_introspection_c.h
[5.708s] -- Up-to-date symlink: /home/ubuntu/rb3302_final_proj_code/robot_ws/install/yesense_interface/include/yesense_interface/yesense_interface/msg/detail/tid__rosidl_typesupport_introspection_c.h
[5.708s] -- Up-to-date symlink: /home/ubuntu/rb3302_final_proj_code/robot_ws/install/yesense_interface/include/yesense_interface/yesense_interface/msg/detail/utc__rosidl_typesupport_introspection_c.h
[5.708s] -- Up-to-date symlink: /home/ubuntu/rb3302_final_proj_code/robot_ws/install/yesense_interface/include/yesense_interface/yesense_interface/msg/detail/vel__rosidl_typesupport_introspection_c.h
[5.708s] -- Up-to-date symlink: /home/ubuntu/rb3302_final_proj_code/robot_ws/install/yesense_interface/include/yesense_interface/yesense_interface/msg/rosidl_typesupport_introspection_c__visibility_control.h
[5.708s] -- Up-to-date symlink: /home/ubuntu/rb3302_final_proj_code/robot_ws/install/yesense_interface/include/yesense_interface/yesense_interface/msg/attitude_all_data.hpp
[5.708s] -- Up-to-date symlink: /home/ubuntu/rb3302_final_proj_code/robot_ws/install/yesense_interface/include/yesense_interface/yesense_interface/msg/attitude_min_ahrs.hpp
[5.708s] -- Up-to-date symlink: /home/ubuntu/rb3302_final_proj_code/robot_ws/install/yesense_interface/include/yesense_interface/yesense_interface/msg/attitude_min_vru.hpp
[5.708s] -- Up-to-date symlink: /home/ubuntu/rb3302_final_proj_code/robot_ws/install/yesense_interface/include/yesense_interface/yesense_interface/msg/detail/attitude_all_data__builder.hpp
[5.709s] -- Up-to-date symlink: /home/ubuntu/rb3302_final_proj_code/robot_ws/install/yesense_interface/include/yesense_interface/yesense_interface/msg/detail/attitude_all_data__struct.hpp
[5.709s] -- Up-to-date symlink: /home/ubuntu/rb3302_final_proj_code/robot_ws/install/yesense_interface/include/yesense_interface/yesense_interface/msg/detail/attitude_all_data__traits.hpp
[5.709s] -- Up-to-date symlink: /home/ubuntu/rb3302_final_proj_code/robot_ws/install/yesense_interface/include/yesense_interface/yesense_interface/msg/detail/attitude_all_data__type_support.hpp
[5.709s] -- Up-to-date symlink: /home/ubuntu/rb3302_final_proj_code/robot_ws/install/yesense_interface/include/yesense_interface/yesense_interface/msg/detail/attitude_min_ahrs__builder.hpp
[5.709s] -- Up-to-date symlink: /home/ubuntu/rb3302_final_proj_code/robot_ws/install/yesense_interface/include/yesense_interface/yesense_interface/msg/detail/attitude_min_ahrs__struct.hpp
[5.709s] -- Up-to-date symlink: /home/ubuntu/rb3302_final_proj_code/robot_ws/install/yesense_interface/include/yesense_interface/yesense_interface/msg/detail/attitude_min_ahrs__traits.hpp
[5.710s] -- Up-to-date symlink: /home/ubuntu/rb3302_final_proj_code/robot_ws/install/yesense_interface/include/yesense_interface/yesense_interface/msg/detail/attitude_min_ahrs__type_support.hpp
[5.710s] -- Up-to-date symlink: /home/ubuntu/rb3302_final_proj_code/robot_ws/install/yesense_interface/include/yesense_interface/yesense_interface/msg/detail/attitude_min_vru__builder.hpp
[5.710s] -- Up-to-date symlink: /home/ubuntu/rb3302_final_proj_code/robot_ws/install/yesense_interface/include/yesense_interface/yesense_interface/msg/detail/attitude_min_vru__struct.hpp
[5.710s] -- Up-to-date symlink: /home/ubuntu/rb3302_final_proj_code/robot_ws/install/yesense_interface/include/yesense_interface/yesense_interface/msg/detail/attitude_min_vru__traits.hpp
[5.710s] -- Up-to-date symlink: /home/ubuntu/rb3302_final_proj_code/robot_ws/install/yesense_interface/include/yesense_interface/yesense_interface/msg/detail/attitude_min_vru__type_support.hpp
[5.710s] -- Up-to-date symlink: /home/ubuntu/rb3302_final_proj_code/robot_ws/install/yesense_interface/include/yesense_interface/yesense_interface/msg/detail/euler_angle__builder.hpp
[5.710s] -- Up-to-date symlink: /home/ubuntu/rb3302_final_proj_code/robot_ws/install/yesense_interface/include/yesense_interface/yesense_interface/msg/detail/euler_angle__struct.hpp
[5.711s] -- Up-to-date symlink: /home/ubuntu/rb3302_final_proj_code/robot_ws/install/yesense_interface/include/yesense_interface/yesense_interface/msg/detail/euler_angle__traits.hpp
[5.711s] -- Up-to-date symlink: /home/ubuntu/rb3302_final_proj_code/robot_ws/install/yesense_interface/include/yesense_interface/yesense_interface/msg/detail/euler_angle__type_support.hpp
[5.711s] -- Up-to-date symlink: /home/ubuntu/rb3302_final_proj_code/robot_ws/install/yesense_interface/include/yesense_interface/yesense_interface/msg/detail/euler_only__builder.hpp
[5.711s] -- Up-to-date symlink: /home/ubuntu/rb3302_final_proj_code/robot_ws/install/yesense_interface/include/yesense_interface/yesense_interface/msg/detail/euler_only__struct.hpp
[5.711s] -- Up-to-date symlink: /home/ubuntu/rb3302_final_proj_code/robot_ws/install/yesense_interface/include/yesense_interface/yesense_interface/msg/detail/euler_only__traits.hpp
[5.712s] -- Up-to-date symlink: /home/ubuntu/rb3302_final_proj_code/robot_ws/install/yesense_interface/include/yesense_interface/yesense_interface/msg/detail/euler_only__type_support.hpp
[5.712s] -- Up-to-date symlink: /home/ubuntu/rb3302_final_proj_code/robot_ws/install/yesense_interface/include/yesense_interface/yesense_interface/msg/detail/gnss_pos__builder.hpp
[5.712s] -- Up-to-date symlink: /home/ubuntu/rb3302_final_proj_code/robot_ws/install/yesense_interface/include/yesense_interface/yesense_interface/msg/detail/gnss_pos__struct.hpp
[5.712s] -- Up-to-date symlink: /home/ubuntu/rb3302_final_proj_code/robot_ws/install/yesense_interface/include/yesense_interface/yesense_interface/msg/detail/gnss_pos__traits.hpp
[5.712s] -- Up-to-date symlink: /home/ubuntu/rb3302_final_proj_code/robot_ws/install/yesense_interface/include/yesense_interface/yesense_interface/msg/detail/gnss_pos__type_support.hpp
[5.712s] -- Up-to-date symlink: /home/ubuntu/rb3302_final_proj_code/robot_ws/install/yesense_interface/include/yesense_interface/yesense_interface/msg/detail/imu_data__builder.hpp
[5.713s] -- Up-to-date symlink: /home/ubuntu/rb3302_final_proj_code/robot_ws/install/yesense_interface/include/yesense_interface/yesense_interface/msg/detail/imu_data__struct.hpp
[5.713s] -- Up-to-date symlink: /home/ubuntu/rb3302_final_proj_code/robot_ws/install/yesense_interface/include/yesense_interface/yesense_interface/msg/detail/imu_data__traits.hpp
[5.713s] -- Up-to-date symlink: /home/ubuntu/rb3302_final_proj_code/robot_ws/install/yesense_interface/include/yesense_interface/yesense_interface/msg/detail/imu_data__type_support.hpp
[5.713s] -- Up-to-date symlink: /home/ubuntu/rb3302_final_proj_code/robot_ws/install/yesense_interface/include/yesense_interface/yesense_interface/msg/detail/imu_data_ten_axis__builder.hpp
[5.713s] -- Up-to-date symlink: /home/ubuntu/rb3302_final_proj_code/robot_ws/install/yesense_interface/include/yesense_interface/yesense_interface/msg/detail/imu_data_ten_axis__struct.hpp
[5.713s] -- Up-to-date symlink: /home/ubuntu/rb3302_final_proj_code/robot_ws/install/yesense_interface/include/yesense_interface/yesense_interface/msg/detail/imu_data_ten_axis__traits.hpp
[5.713s] -- Up-to-date symlink: /home/ubuntu/rb3302_final_proj_code/robot_ws/install/yesense_interface/include/yesense_interface/yesense_interface/msg/detail/imu_data_ten_axis__type_support.hpp
[5.714s] -- Up-to-date symlink: /home/ubuntu/rb3302_final_proj_code/robot_ws/install/yesense_interface/include/yesense_interface/yesense_interface/msg/detail/nav_all__builder.hpp
[5.714s] -- Up-to-date symlink: /home/ubuntu/rb3302_final_proj_code/robot_ws/install/yesense_interface/include/yesense_interface/yesense_interface/msg/detail/nav_all__struct.hpp
[5.714s] -- Up-to-date symlink: /home/ubuntu/rb3302_final_proj_code/robot_ws/install/yesense_interface/include/yesense_interface/yesense_interface/msg/detail/nav_all__traits.hpp
[5.714s] -- Up-to-date symlink: /home/ubuntu/rb3302_final_proj_code/robot_ws/install/yesense_interface/include/yesense_interface/yesense_interface/msg/detail/nav_all__type_support.hpp
[5.714s] -- Up-to-date symlink: /home/ubuntu/rb3302_final_proj_code/robot_ws/install/yesense_interface/include/yesense_interface/yesense_interface/msg/detail/nav_min__builder.hpp
[5.714s] -- Up-to-date symlink: /home/ubuntu/rb3302_final_proj_code/robot_ws/install/yesense_interface/include/yesense_interface/yesense_interface/msg/detail/nav_min__struct.hpp
[5.715s] -- Up-to-date symlink: /home/ubuntu/rb3302_final_proj_code/robot_ws/install/yesense_interface/include/yesense_interface/yesense_interface/msg/detail/nav_min__traits.hpp
[5.715s] -- Up-to-date symlink: /home/ubuntu/rb3302_final_proj_code/robot_ws/install/yesense_interface/include/yesense_interface/yesense_interface/msg/detail/nav_min__type_support.hpp
[5.715s] -- Up-to-date symlink: /home/ubuntu/rb3302_final_proj_code/robot_ws/install/yesense_interface/include/yesense_interface/yesense_interface/msg/detail/nav_min_utc__builder.hpp
[5.715s] -- Up-to-date symlink: /home/ubuntu/rb3302_final_proj_code/robot_ws/install/yesense_interface/include/yesense_interface/yesense_interface/msg/detail/nav_min_utc__struct.hpp
[5.715s] -- Up-to-date symlink: /home/ubuntu/rb3302_final_proj_code/robot_ws/install/yesense_interface/include/yesense_interface/yesense_interface/msg/detail/nav_min_utc__traits.hpp
[5.715s] -- Up-to-date symlink: /home/ubuntu/rb3302_final_proj_code/robot_ws/install/yesense_interface/include/yesense_interface/yesense_interface/msg/detail/nav_min_utc__type_support.hpp
[5.715s] -- Up-to-date symlink: /home/ubuntu/rb3302_final_proj_code/robot_ws/install/yesense_interface/include/yesense_interface/yesense_interface/msg/detail/nav_status__builder.hpp
[5.716s] -- Up-to-date symlink: /home/ubuntu/rb3302_final_proj_code/robot_ws/install/yesense_interface/include/yesense_interface/yesense_interface/msg/detail/nav_status__struct.hpp
[5.716s] -- Up-to-date symlink: /home/ubuntu/rb3302_final_proj_code/robot_ws/install/yesense_interface/include/yesense_interface/yesense_interface/msg/detail/nav_status__traits.hpp
[5.716s] -- Up-to-date symlink: /home/ubuntu/rb3302_final_proj_code/robot_ws/install/yesense_interface/include/yesense_interface/yesense_interface/msg/detail/nav_status__type_support.hpp
[5.716s] -- Up-to-date symlink: /home/ubuntu/rb3302_final_proj_code/robot_ws/install/yesense_interface/include/yesense_interface/yesense_interface/msg/detail/pos_only__builder.hpp
[5.716s] -- Up-to-date symlink: /home/ubuntu/rb3302_final_proj_code/robot_ws/install/yesense_interface/include/yesense_interface/yesense_interface/msg/detail/pos_only__struct.hpp
[5.716s] -- Up-to-date symlink: /home/ubuntu/rb3302_final_proj_code/robot_ws/install/yesense_interface/include/yesense_interface/yesense_interface/msg/detail/pos_only__traits.hpp
[5.716s] -- Up-to-date symlink: /home/ubuntu/rb3302_final_proj_code/robot_ws/install/yesense_interface/include/yesense_interface/yesense_interface/msg/detail/pos_only__type_support.hpp
[5.717s] -- Up-to-date symlink: /home/ubuntu/rb3302_final_proj_code/robot_ws/install/yesense_interface/include/yesense_interface/yesense_interface/msg/detail/pressure__builder.hpp
[5.717s] -- Up-to-date symlink: /home/ubuntu/rb3302_final_proj_code/robot_ws/install/yesense_interface/include/yesense_interface/yesense_interface/msg/detail/pressure__struct.hpp
[5.717s] -- Up-to-date symlink: /home/ubuntu/rb3302_final_proj_code/robot_ws/install/yesense_interface/include/yesense_interface/yesense_interface/msg/detail/pressure__traits.hpp
[5.717s] -- Up-to-date symlink: /home/ubuntu/rb3302_final_proj_code/robot_ws/install/yesense_interface/include/yesense_interface/yesense_interface/msg/detail/pressure__type_support.hpp
[5.717s] -- Up-to-date symlink: /home/ubuntu/rb3302_final_proj_code/robot_ws/install/yesense_interface/include/yesense_interface/yesense_interface/msg/detail/quat__builder.hpp
[5.717s] -- Up-to-date symlink: /home/ubuntu/rb3302_final_proj_code/robot_ws/install/yesense_interface/include/yesense_interface/yesense_interface/msg/detail/quat__struct.hpp
[5.717s] -- Up-to-date symlink: /home/ubuntu/rb3302_final_proj_code/robot_ws/install/yesense_interface/include/yesense_interface/yesense_interface/msg/detail/quat__traits.hpp
[5.717s] -- Up-to-date symlink: /home/ubuntu/rb3302_final_proj_code/robot_ws/install/yesense_interface/include/yesense_interface/yesense_interface/msg/detail/quat__type_support.hpp
[5.718s] -- Up-to-date symlink: /home/ubuntu/rb3302_final_proj_code/robot_ws/install/yesense_interface/include/yesense_interface/yesense_interface/msg/detail/robot_lord__builder.hpp
[5.718s] -- Up-to-date symlink: /home/ubuntu/rb3302_final_proj_code/robot_ws/install/yesense_interface/include/yesense_interface/yesense_interface/msg/detail/robot_lord__struct.hpp
[5.718s] -- Up-to-date symlink: /home/ubuntu/rb3302_final_proj_code/robot_ws/install/yesense_interface/include/yesense_interface/yesense_interface/msg/detail/robot_lord__traits.hpp
[5.718s] -- Up-to-date symlink: /home/ubuntu/rb3302_final_proj_code/robot_ws/install/yesense_interface/include/yesense_interface/yesense_interface/msg/detail/robot_lord__type_support.hpp
[5.718s] -- Up-to-date symlink: /home/ubuntu/rb3302_final_proj_code/robot_ws/install/yesense_interface/include/yesense_interface/yesense_interface/msg/detail/sample_timestamp__builder.hpp
[5.718s] -- Up-to-date symlink: /home/ubuntu/rb3302_final_proj_code/robot_ws/install/yesense_interface/include/yesense_interface/yesense_interface/msg/detail/sample_timestamp__struct.hpp
[5.718s] -- Up-to-date symlink: /home/ubuntu/rb3302_final_proj_code/robot_ws/install/yesense_interface/include/yesense_interface/yesense_interface/msg/detail/sample_timestamp__traits.hpp
[5.718s] -- Up-to-date symlink: /home/ubuntu/rb3302_final_proj_code/robot_ws/install/yesense_interface/include/yesense_interface/yesense_interface/msg/detail/sample_timestamp__type_support.hpp
[5.719s] -- Up-to-date symlink: /home/ubuntu/rb3302_final_proj_code/robot_ws/install/yesense_interface/include/yesense_interface/yesense_interface/msg/detail/sensor_temp__builder.hpp
[5.719s] -- Up-to-date symlink: /home/ubuntu/rb3302_final_proj_code/robot_ws/install/yesense_interface/include/yesense_interface/yesense_interface/msg/detail/sensor_temp__struct.hpp
[5.719s] -- Up-to-date symlink: /home/ubuntu/rb3302_final_proj_code/robot_ws/install/yesense_interface/include/yesense_interface/yesense_interface/msg/detail/sensor_temp__traits.hpp
[5.719s] -- Up-to-date symlink: /home/ubuntu/rb3302_final_proj_code/robot_ws/install/yesense_interface/include/yesense_interface/yesense_interface/msg/detail/sensor_temp__type_support.hpp
[5.719s] -- Up-to-date symlink: /home/ubuntu/rb3302_final_proj_code/robot_ws/install/yesense_interface/include/yesense_interface/yesense_interface/msg/detail/three_axis__builder.hpp
[5.719s] -- Up-to-date symlink: /home/ubuntu/rb3302_final_proj_code/robot_ws/install/yesense_interface/include/yesense_interface/yesense_interface/msg/detail/three_axis__struct.hpp
[5.720s] -- Up-to-date symlink: /home/ubuntu/rb3302_final_proj_code/robot_ws/install/yesense_interface/include/yesense_interface/yesense_interface/msg/detail/three_axis__traits.hpp
[5.720s] -- Up-to-date symlink: /home/ubuntu/rb3302_final_proj_code/robot_ws/install/yesense_interface/include/yesense_interface/yesense_interface/msg/detail/three_axis__type_support.hpp
[5.720s] -- Up-to-date symlink: /home/ubuntu/rb3302_final_proj_code/robot_ws/install/yesense_interface/include/yesense_interface/yesense_interface/msg/detail/tid__builder.hpp
[5.720s] -- Up-to-date symlink: /home/ubuntu/rb3302_final_proj_code/robot_ws/install/yesense_interface/include/yesense_interface/yesense_interface/msg/detail/tid__struct.hpp
[5.720s] -- Up-to-date symlink: /home/ubuntu/rb3302_final_proj_code/robot_ws/install/yesense_interface/include/yesense_interface/yesense_interface/msg/detail/tid__traits.hpp
[5.720s] -- Up-to-date symlink: /home/ubuntu/rb3302_final_proj_code/robot_ws/install/yesense_interface/include/yesense_interface/yesense_interface/msg/detail/tid__type_support.hpp
[5.720s] -- Up-to-date symlink: /home/ubuntu/rb3302_final_proj_code/robot_ws/install/yesense_interface/include/yesense_interface/yesense_interface/msg/detail/utc__builder.hpp
[5.721s] -- Up-to-date symlink: /home/ubuntu/rb3302_final_proj_code/robot_ws/install/yesense_interface/include/yesense_interface/yesense_interface/msg/detail/utc__struct.hpp
[5.721s] -- Up-to-date symlink: /home/ubuntu/rb3302_final_proj_code/robot_ws/install/yesense_interface/include/yesense_interface/yesense_interface/msg/detail/utc__traits.hpp
[5.721s] -- Up-to-date symlink: /home/ubuntu/rb3302_final_proj_code/robot_ws/install/yesense_interface/include/yesense_interface/yesense_interface/msg/detail/utc__type_support.hpp
[5.721s] -- Up-to-date symlink: /home/ubuntu/rb3302_final_proj_code/robot_ws/install/yesense_interface/include/yesense_interface/yesense_interface/msg/detail/vel__builder.hpp
[5.721s] -- Up-to-date symlink: /home/ubuntu/rb3302_final_proj_code/robot_ws/install/yesense_interface/include/yesense_interface/yesense_interface/msg/detail/vel__struct.hpp
[5.721s] -- Up-to-date symlink: /home/ubuntu/rb3302_final_proj_code/robot_ws/install/yesense_interface/include/yesense_interface/yesense_interface/msg/detail/vel__traits.hpp
[5.721s] -- Up-to-date symlink: /home/ubuntu/rb3302_final_proj_code/robot_ws/install/yesense_interface/include/yesense_interface/yesense_interface/msg/detail/vel__type_support.hpp
[5.721s] -- Up-to-date symlink: /home/ubuntu/rb3302_final_proj_code/robot_ws/install/yesense_interface/include/yesense_interface/yesense_interface/msg/euler_angle.hpp
[5.722s] -- Up-to-date symlink: /home/ubuntu/rb3302_final_proj_code/robot_ws/install/yesense_interface/include/yesense_interface/yesense_interface/msg/euler_only.hpp
[5.722s] -- Up-to-date symlink: /home/ubuntu/rb3302_final_proj_code/robot_ws/install/yesense_interface/include/yesense_interface/yesense_interface/msg/gnss_pos.hpp
[5.722s] -- Up-to-date symlink: /home/ubuntu/rb3302_final_proj_code/robot_ws/install/yesense_interface/include/yesense_interface/yesense_interface/msg/imu_data.hpp
[5.722s] -- Up-to-date symlink: /home/ubuntu/rb3302_final_proj_code/robot_ws/install/yesense_interface/include/yesense_interface/yesense_interface/msg/imu_data_ten_axis.hpp
[5.722s] -- Up-to-date symlink: /home/ubuntu/rb3302_final_proj_code/robot_ws/install/yesense_interface/include/yesense_interface/yesense_interface/msg/nav_all.hpp
[5.722s] -- Up-to-date symlink: /home/ubuntu/rb3302_final_proj_code/robot_ws/install/yesense_interface/include/yesense_interface/yesense_interface/msg/nav_min.hpp
[5.723s] -- Up-to-date symlink: /home/ubuntu/rb3302_final_proj_code/robot_ws/install/yesense_interface/include/yesense_interface/yesense_interface/msg/nav_min_utc.hpp
[5.723s] -- Up-to-date symlink: /home/ubuntu/rb3302_final_proj_code/robot_ws/install/yesense_interface/include/yesense_interface/yesense_interface/msg/nav_status.hpp
[5.723s] -- Up-to-date symlink: /home/ubuntu/rb3302_final_proj_code/robot_ws/install/yesense_interface/include/yesense_interface/yesense_interface/msg/pos_only.hpp
[5.723s] -- Up-to-date symlink: /home/ubuntu/rb3302_final_proj_code/robot_ws/install/yesense_interface/include/yesense_interface/yesense_interface/msg/pressure.hpp
[5.723s] -- Up-to-date symlink: /home/ubuntu/rb3302_final_proj_code/robot_ws/install/yesense_interface/include/yesense_interface/yesense_interface/msg/quat.hpp
[5.723s] -- Up-to-date symlink: /home/ubuntu/rb3302_final_proj_code/robot_ws/install/yesense_interface/include/yesense_interface/yesense_interface/msg/robot_lord.hpp
[5.723s] -- Up-to-date symlink: /home/ubuntu/rb3302_final_proj_code/robot_ws/install/yesense_interface/include/yesense_interface/yesense_interface/msg/rosidl_generator_cpp__visibility_control.hpp
[5.724s] -- Up-to-date symlink: /home/ubuntu/rb3302_final_proj_code/robot_ws/install/yesense_interface/include/yesense_interface/yesense_interface/msg/sample_timestamp.hpp
[5.724s] -- Up-to-date symlink: /home/ubuntu/rb3302_final_proj_code/robot_ws/install/yesense_interface/include/yesense_interface/yesense_interface/msg/sensor_temp.hpp
[5.724s] -- Up-to-date symlink: /home/ubuntu/rb3302_final_proj_code/robot_ws/install/yesense_interface/include/yesense_interface/yesense_interface/msg/three_axis.hpp
[5.724s] -- Up-to-date symlink: /home/ubuntu/rb3302_final_proj_code/robot_ws/install/yesense_interface/include/yesense_interface/yesense_interface/msg/tid.hpp
[5.724s] -- Up-to-date symlink: /home/ubuntu/rb3302_final_proj_code/robot_ws/install/yesense_interface/include/yesense_interface/yesense_interface/msg/utc.hpp
[5.724s] -- Up-to-date symlink: /home/ubuntu/rb3302_final_proj_code/robot_ws/install/yesense_interface/include/yesense_interface/yesense_interface/msg/vel.hpp
[5.724s] -- Up-to-date symlink: /home/ubuntu/rb3302_final_proj_code/robot_ws/install/yesense_interface/include/yesense_interface/yesense_interface/msg/detail/attitude_all_data__rosidl_typesupport_fastrtps_cpp.hpp
[5.724s] -- Up-to-date symlink: /home/ubuntu/rb3302_final_proj_code/robot_ws/install/yesense_interface/include/yesense_interface/yesense_interface/msg/detail/attitude_min_ahrs__rosidl_typesupport_fastrtps_cpp.hpp
[5.724s] -- Up-to-date symlink: /home/ubuntu/rb3302_final_proj_code/robot_ws/install/yesense_interface/include/yesense_interface/yesense_interface/msg/detail/attitude_min_vru__rosidl_typesupport_fastrtps_cpp.hpp
[5.725s] -- Up-to-date symlink: /home/ubuntu/rb3302_final_proj_code/robot_ws/install/yesense_interface/include/yesense_interface/yesense_interface/msg/detail/euler_angle__rosidl_typesupport_fastrtps_cpp.hpp
[5.725s] -- Up-to-date symlink: /home/ubuntu/rb3302_final_proj_code/robot_ws/install/yesense_interface/include/yesense_interface/yesense_interface/msg/detail/euler_only__rosidl_typesupport_fastrtps_cpp.hpp
[5.725s] -- Up-to-date symlink: /home/ubuntu/rb3302_final_proj_code/robot_ws/install/yesense_interface/include/yesense_interface/yesense_interface/msg/detail/gnss_pos__rosidl_typesupport_fastrtps_cpp.hpp
[5.725s] -- Up-to-date symlink: /home/ubuntu/rb3302_final_proj_code/robot_ws/install/yesense_interface/include/yesense_interface/yesense_interface/msg/detail/imu_data__rosidl_typesupport_fastrtps_cpp.hpp
[5.725s] -- Up-to-date symlink: /home/ubuntu/rb3302_final_proj_code/robot_ws/install/yesense_interface/include/yesense_interface/yesense_interface/msg/detail/imu_data_ten_axis__rosidl_typesupport_fastrtps_cpp.hpp
[5.725s] -- Up-to-date symlink: /home/ubuntu/rb3302_final_proj_code/robot_ws/install/yesense_interface/include/yesense_interface/yesense_interface/msg/detail/nav_all__rosidl_typesupport_fastrtps_cpp.hpp
[5.725s] -- Up-to-date symlink: /home/ubuntu/rb3302_final_proj_code/robot_ws/install/yesense_interface/include/yesense_interface/yesense_interface/msg/detail/nav_min__rosidl_typesupport_fastrtps_cpp.hpp
[5.726s] -- Up-to-date symlink: /home/ubuntu/rb3302_final_proj_code/robot_ws/install/yesense_interface/include/yesense_interface/yesense_interface/msg/detail/nav_min_utc__rosidl_typesupport_fastrtps_cpp.hpp
[5.726s] -- Up-to-date symlink: /home/ubuntu/rb3302_final_proj_code/robot_ws/install/yesense_interface/include/yesense_interface/yesense_interface/msg/detail/nav_status__rosidl_typesupport_fastrtps_cpp.hpp
[5.726s] -- Up-to-date symlink: /home/ubuntu/rb3302_final_proj_code/robot_ws/install/yesense_interface/include/yesense_interface/yesense_interface/msg/detail/pos_only__rosidl_typesupport_fastrtps_cpp.hpp
[5.726s] -- Up-to-date symlink: /home/ubuntu/rb3302_final_proj_code/robot_ws/install/yesense_interface/include/yesense_interface/yesense_interface/msg/detail/pressure__rosidl_typesupport_fastrtps_cpp.hpp
[5.726s] -- Up-to-date symlink: /home/ubuntu/rb3302_final_proj_code/robot_ws/install/yesense_interface/include/yesense_interface/yesense_interface/msg/detail/quat__rosidl_typesupport_fastrtps_cpp.hpp
[5.726s] -- Up-to-date symlink: /home/ubuntu/rb3302_final_proj_code/robot_ws/install/yesense_interface/include/yesense_interface/yesense_interface/msg/detail/robot_lord__rosidl_typesupport_fastrtps_cpp.hpp
[5.726s] -- Up-to-date symlink: /home/ubuntu/rb3302_final_proj_code/robot_ws/install/yesense_interface/include/yesense_interface/yesense_interface/msg/detail/sample_timestamp__rosidl_typesupport_fastrtps_cpp.hpp
[5.727s] -- Up-to-date symlink: /home/ubuntu/rb3302_final_proj_code/robot_ws/install/yesense_interface/include/yesense_interface/yesense_interface/msg/detail/sensor_temp__rosidl_typesupport_fastrtps_cpp.hpp
[5.727s] -- Up-to-date symlink: /home/ubuntu/rb3302_final_proj_code/robot_ws/install/yesense_interface/include/yesense_interface/yesense_interface/msg/detail/three_axis__rosidl_typesupport_fastrtps_cpp.hpp
[5.727s] -- Up-to-date symlink: /home/ubuntu/rb3302_final_proj_code/robot_ws/install/yesense_interface/include/yesense_interface/yesense_interface/msg/detail/tid__rosidl_typesupport_fastrtps_cpp.hpp
[5.727s] -- Up-to-date symlink: /home/ubuntu/rb3302_final_proj_code/robot_ws/install/yesense_interface/include/yesense_interface/yesense_interface/msg/detail/utc__rosidl_typesupport_fastrtps_cpp.hpp
[5.727s] -- Up-to-date symlink: /home/ubuntu/rb3302_final_proj_code/robot_ws/install/yesense_interface/include/yesense_interface/yesense_interface/msg/detail/vel__rosidl_typesupport_fastrtps_cpp.hpp
[5.727s] -- Up-to-date symlink: /home/ubuntu/rb3302_final_proj_code/robot_ws/install/yesense_interface/include/yesense_interface/yesense_interface/msg/rosidl_typesupport_fastrtps_cpp__visibility_control.h
[5.727s] -- Up-to-date symlink: /home/ubuntu/rb3302_final_proj_code/robot_ws/install/yesense_interface/include/yesense_interface/yesense_interface/msg/detail/attitude_all_data__rosidl_typesupport_introspection_cpp.hpp
[5.728s] -- Up-to-date symlink: /home/ubuntu/rb3302_final_proj_code/robot_ws/install/yesense_interface/include/yesense_interface/yesense_interface/msg/detail/attitude_min_ahrs__rosidl_typesupport_introspection_cpp.hpp
[5.728s] -- Up-to-date symlink: /home/ubuntu/rb3302_final_proj_code/robot_ws/install/yesense_interface/include/yesense_interface/yesense_interface/msg/detail/attitude_min_vru__rosidl_typesupport_introspection_cpp.hpp
[5.728s] -- Up-to-date symlink: /home/ubuntu/rb3302_final_proj_code/robot_ws/install/yesense_interface/include/yesense_interface/yesense_interface/msg/detail/euler_angle__rosidl_typesupport_introspection_cpp.hpp
[5.728s] -- Up-to-date symlink: /home/ubuntu/rb3302_final_proj_code/robot_ws/install/yesense_interface/include/yesense_interface/yesense_interface/msg/detail/euler_only__rosidl_typesupport_introspection_cpp.hpp
[5.728s] -- Up-to-date symlink: /home/ubuntu/rb3302_final_proj_code/robot_ws/install/yesense_interface/include/yesense_interface/yesense_interface/msg/detail/gnss_pos__rosidl_typesupport_introspection_cpp.hpp
[5.728s] -- Up-to-date symlink: /home/ubuntu/rb3302_final_proj_code/robot_ws/install/yesense_interface/include/yesense_interface/yesense_interface/msg/detail/imu_data__rosidl_typesupport_introspection_cpp.hpp
[5.728s] -- Up-to-date symlink: /home/ubuntu/rb3302_final_proj_code/robot_ws/install/yesense_interface/include/yesense_interface/yesense_interface/msg/detail/imu_data_ten_axis__rosidl_typesupport_introspection_cpp.hpp
[5.729s] -- Up-to-date symlink: /home/ubuntu/rb3302_final_proj_code/robot_ws/install/yesense_interface/include/yesense_interface/yesense_interface/msg/detail/nav_all__rosidl_typesupport_introspection_cpp.hpp
[5.729s] -- Up-to-date symlink: /home/ubuntu/rb3302_final_proj_code/robot_ws/install/yesense_interface/include/yesense_interface/yesense_interface/msg/detail/nav_min__rosidl_typesupport_introspection_cpp.hpp
[5.729s] -- Up-to-date symlink: /home/ubuntu/rb3302_final_proj_code/robot_ws/install/yesense_interface/include/yesense_interface/yesense_interface/msg/detail/nav_min_utc__rosidl_typesupport_introspection_cpp.hpp
[5.729s] -- Up-to-date symlink: /home/ubuntu/rb3302_final_proj_code/robot_ws/install/yesense_interface/include/yesense_interface/yesense_interface/msg/detail/nav_status__rosidl_typesupport_introspection_cpp.hpp
[5.729s] -- Up-to-date symlink: /home/ubuntu/rb3302_final_proj_code/robot_ws/install/yesense_interface/include/yesense_interface/yesense_interface/msg/detail/pos_only__rosidl_typesupport_introspection_cpp.hpp
[5.729s] -- Up-to-date symlink: /home/ubuntu/rb3302_final_proj_code/robot_ws/install/yesense_interface/include/yesense_interface/yesense_interface/msg/detail/pressure__rosidl_typesupport_introspection_cpp.hpp
[5.729s] -- Up-to-date symlink: /home/ubuntu/rb3302_final_proj_code/robot_ws/install/yesense_interface/include/yesense_interface/yesense_interface/msg/detail/quat__rosidl_typesupport_introspection_cpp.hpp
[5.729s] -- Up-to-date symlink: /home/ubuntu/rb3302_final_proj_code/robot_ws/install/yesense_interface/include/yesense_interface/yesense_interface/msg/detail/robot_lord__rosidl_typesupport_introspection_cpp.hpp
[5.730s] -- Up-to-date symlink: /home/ubuntu/rb3302_final_proj_code/robot_ws/install/yesense_interface/include/yesense_interface/yesense_interface/msg/detail/sample_timestamp__rosidl_typesupport_introspection_cpp.hpp
[5.730s] -- Up-to-date symlink: /home/ubuntu/rb3302_final_proj_code/robot_ws/install/yesense_interface/include/yesense_interface/yesense_interface/msg/detail/sensor_temp__rosidl_typesupport_introspection_cpp.hpp
[5.730s] -- Up-to-date symlink: /home/ubuntu/rb3302_final_proj_code/robot_ws/install/yesense_interface/include/yesense_interface/yesense_interface/msg/detail/three_axis__rosidl_typesupport_introspection_cpp.hpp
[5.730s] -- Up-to-date symlink: /home/ubuntu/rb3302_final_proj_code/robot_ws/install/yesense_interface/include/yesense_interface/yesense_interface/msg/detail/tid__rosidl_typesupport_introspection_cpp.hpp
[5.730s] -- Up-to-date symlink: /home/ubuntu/rb3302_final_proj_code/robot_ws/install/yesense_interface/include/yesense_interface/yesense_interface/msg/detail/utc__rosidl_typesupport_introspection_cpp.hpp
[5.730s] -- Up-to-date symlink: /home/ubuntu/rb3302_final_proj_code/robot_ws/install/yesense_interface/include/yesense_interface/yesense_interface/msg/detail/vel__rosidl_typesupport_introspection_cpp.hpp
[5.730s] -- Up-to-date symlink: /home/ubuntu/rb3302_final_proj_code/robot_ws/install/yesense_interface/share/yesense_interface/environment/pythonpath.sh
[5.730s] -- Up-to-date symlink: /home/ubuntu/rb3302_final_proj_code/robot_ws/install/yesense_interface/share/yesense_interface/environment/pythonpath.dsv
[5.731s] -- Up-to-date symlink: /home/ubuntu/rb3302_final_proj_code/robot_ws/install/yesense_interface/lib/python3.12/site-packages/yesense_interface-1.0.0-py3.12.egg-info/PKG-INFO
[5.731s] -- Up-to-date symlink: /home/ubuntu/rb3302_final_proj_code/robot_ws/install/yesense_interface/lib/python3.12/site-packages/yesense_interface-1.0.0-py3.12.egg-info/SOURCES.txt
[5.731s] -- Up-to-date symlink: /home/ubuntu/rb3302_final_proj_code/robot_ws/install/yesense_interface/lib/python3.12/site-packages/yesense_interface-1.0.0-py3.12.egg-info/dependency_links.txt
[5.731s] -- Up-to-date symlink: /home/ubuntu/rb3302_final_proj_code/robot_ws/install/yesense_interface/lib/python3.12/site-packages/yesense_interface-1.0.0-py3.12.egg-info/top_level.txt
[5.731s] -- Up-to-date symlink: /home/ubuntu/rb3302_final_proj_code/robot_ws/install/yesense_interface/lib/python3.12/site-packages/yesense_interface/__init__.py
[5.731s] -- Up-to-date symlink: /home/ubuntu/rb3302_final_proj_code/robot_ws/install/yesense_interface/lib/python3.12/site-packages/yesense_interface/_yesense_interface_s.ep.rosidl_typesupport_c.c
[5.731s] -- Up-to-date symlink: /home/ubuntu/rb3302_final_proj_code/robot_ws/install/yesense_interface/lib/python3.12/site-packages/yesense_interface/_yesense_interface_s.ep.rosidl_typesupport_fastrtps_c.c
[5.732s] -- Up-to-date symlink: /home/ubuntu/rb3302_final_proj_code/robot_ws/install/yesense_interface/lib/python3.12/site-packages/yesense_interface/_yesense_interface_s.ep.rosidl_typesupport_introspection_c.c
[5.732s] -- Up-to-date symlink: /home/ubuntu/rb3302_final_proj_code/robot_ws/install/yesense_interface/lib/python3.12/site-packages/yesense_interface/msg/__init__.py
[5.732s] -- Up-to-date symlink: /home/ubuntu/rb3302_final_proj_code/robot_ws/install/yesense_interface/lib/python3.12/site-packages/yesense_interface/msg/_attitude_all_data.py
[5.732s] -- Up-to-date symlink: /home/ubuntu/rb3302_final_proj_code/robot_ws/install/yesense_interface/lib/python3.12/site-packages/yesense_interface/msg/_attitude_all_data_s.c
[5.732s] -- Up-to-date symlink: /home/ubuntu/rb3302_final_proj_code/robot_ws/install/yesense_interface/lib/python3.12/site-packages/yesense_interface/msg/_attitude_min_ahrs.py
[5.732s] -- Up-to-date symlink: /home/ubuntu/rb3302_final_proj_code/robot_ws/install/yesense_interface/lib/python3.12/site-packages/yesense_interface/msg/_attitude_min_ahrs_s.c
[5.732s] -- Up-to-date symlink: /home/ubuntu/rb3302_final_proj_code/robot_ws/install/yesense_interface/lib/python3.12/site-packages/yesense_interface/msg/_attitude_min_vru.py
[5.732s] -- Up-to-date symlink: /home/ubuntu/rb3302_final_proj_code/robot_ws/install/yesense_interface/lib/python3.12/site-packages/yesense_interface/msg/_attitude_min_vru_s.c
[5.733s] -- Up-to-date symlink: /home/ubuntu/rb3302_final_proj_code/robot_ws/install/yesense_interface/lib/python3.12/site-packages/yesense_interface/msg/_euler_angle.py
[5.733s] -- Up-to-date symlink: /home/ubuntu/rb3302_final_proj_code/robot_ws/install/yesense_interface/lib/python3.12/site-packages/yesense_interface/msg/_euler_angle_s.c
[5.733s] -- Up-to-date symlink: /home/ubuntu/rb3302_final_proj_code/robot_ws/install/yesense_interface/lib/python3.12/site-packages/yesense_interface/msg/_euler_only.py
[5.733s] -- Up-to-date symlink: /home/ubuntu/rb3302_final_proj_code/robot_ws/install/yesense_interface/lib/python3.12/site-packages/yesense_interface/msg/_euler_only_s.c
[5.733s] -- Up-to-date symlink: /home/ubuntu/rb3302_final_proj_code/robot_ws/install/yesense_interface/lib/python3.12/site-packages/yesense_interface/msg/_gnss_pos.py
[5.733s] -- Up-to-date symlink: /home/ubuntu/rb3302_final_proj_code/robot_ws/install/yesense_interface/lib/python3.12/site-packages/yesense_interface/msg/_gnss_pos_s.c
[5.733s] -- Up-to-date symlink: /home/ubuntu/rb3302_final_proj_code/robot_ws/install/yesense_interface/lib/python3.12/site-packages/yesense_interface/msg/_imu_data.py
[5.733s] -- Up-to-date symlink: /home/ubuntu/rb3302_final_proj_code/robot_ws/install/yesense_interface/lib/python3.12/site-packages/yesense_interface/msg/_imu_data_s.c
[5.734s] -- Up-to-date symlink: /home/ubuntu/rb3302_final_proj_code/robot_ws/install/yesense_interface/lib/python3.12/site-packages/yesense_interface/msg/_imu_data_ten_axis.py
[5.734s] -- Up-to-date symlink: /home/ubuntu/rb3302_final_proj_code/robot_ws/install/yesense_interface/lib/python3.12/site-packages/yesense_interface/msg/_imu_data_ten_axis_s.c
[5.734s] -- Up-to-date symlink: /home/ubuntu/rb3302_final_proj_code/robot_ws/install/yesense_interface/lib/python3.12/site-packages/yesense_interface/msg/_nav_all.py
[5.734s] -- Up-to-date symlink: /home/ubuntu/rb3302_final_proj_code/robot_ws/install/yesense_interface/lib/python3.12/site-packages/yesense_interface/msg/_nav_all_s.c
[5.734s] -- Up-to-date symlink: /home/ubuntu/rb3302_final_proj_code/robot_ws/install/yesense_interface/lib/python3.12/site-packages/yesense_interface/msg/_nav_min.py
[5.734s] -- Up-to-date symlink: /home/ubuntu/rb3302_final_proj_code/robot_ws/install/yesense_interface/lib/python3.12/site-packages/yesense_interface/msg/_nav_min_s.c
[5.734s] -- Up-to-date symlink: /home/ubuntu/rb3302_final_proj_code/robot_ws/install/yesense_interface/lib/python3.12/site-packages/yesense_interface/msg/_nav_min_utc.py
[5.734s] -- Up-to-date symlink: /home/ubuntu/rb3302_final_proj_code/robot_ws/install/yesense_interface/lib/python3.12/site-packages/yesense_interface/msg/_nav_min_utc_s.c
[5.735s] -- Up-to-date symlink: /home/ubuntu/rb3302_final_proj_code/robot_ws/install/yesense_interface/lib/python3.12/site-packages/yesense_interface/msg/_nav_status.py
[5.735s] -- Up-to-date symlink: /home/ubuntu/rb3302_final_proj_code/robot_ws/install/yesense_interface/lib/python3.12/site-packages/yesense_interface/msg/_nav_status_s.c
[5.735s] -- Up-to-date symlink: /home/ubuntu/rb3302_final_proj_code/robot_ws/install/yesense_interface/lib/python3.12/site-packages/yesense_interface/msg/_pos_only.py
[5.735s] -- Up-to-date symlink: /home/ubuntu/rb3302_final_proj_code/robot_ws/install/yesense_interface/lib/python3.12/site-packages/yesense_interface/msg/_pos_only_s.c
[5.735s] -- Up-to-date symlink: /home/ubuntu/rb3302_final_proj_code/robot_ws/install/yesense_interface/lib/python3.12/site-packages/yesense_interface/msg/_pressure.py
[5.735s] -- Up-to-date symlink: /home/ubuntu/rb3302_final_proj_code/robot_ws/install/yesense_interface/lib/python3.12/site-packages/yesense_interface/msg/_pressure_s.c
[5.735s] -- Up-to-date symlink: /home/ubuntu/rb3302_final_proj_code/robot_ws/install/yesense_interface/lib/python3.12/site-packages/yesense_interface/msg/_quat.py
[5.736s] -- Up-to-date symlink: /home/ubuntu/rb3302_final_proj_code/robot_ws/install/yesense_interface/lib/python3.12/site-packages/yesense_interface/msg/_quat_s.c
[5.736s] -- Up-to-date symlink: /home/ubuntu/rb3302_final_proj_code/robot_ws/install/yesense_interface/lib/python3.12/site-packages/yesense_interface/msg/_robot_lord.py
[5.736s] -- Up-to-date symlink: /home/ubuntu/rb3302_final_proj_code/robot_ws/install/yesense_interface/lib/python3.12/site-packages/yesense_interface/msg/_robot_lord_s.c
[5.736s] -- Up-to-date symlink: /home/ubuntu/rb3302_final_proj_code/robot_ws/install/yesense_interface/lib/python3.12/site-packages/yesense_interface/msg/_sample_timestamp.py
[5.736s] -- Up-to-date symlink: /home/ubuntu/rb3302_final_proj_code/robot_ws/install/yesense_interface/lib/python3.12/site-packages/yesense_interface/msg/_sample_timestamp_s.c
[5.736s] -- Up-to-date symlink: /home/ubuntu/rb3302_final_proj_code/robot_ws/install/yesense_interface/lib/python3.12/site-packages/yesense_interface/msg/_sensor_temp.py
[5.736s] -- Up-to-date symlink: /home/ubuntu/rb3302_final_proj_code/robot_ws/install/yesense_interface/lib/python3.12/site-packages/yesense_interface/msg/_sensor_temp_s.c
[5.737s] -- Up-to-date symlink: /home/ubuntu/rb3302_final_proj_code/robot_ws/install/yesense_interface/lib/python3.12/site-packages/yesense_interface/msg/_three_axis.py
[5.737s] -- Up-to-date symlink: /home/ubuntu/rb3302_final_proj_code/robot_ws/install/yesense_interface/lib/python3.12/site-packages/yesense_interface/msg/_three_axis_s.c
[5.737s] -- Up-to-date symlink: /home/ubuntu/rb3302_final_proj_code/robot_ws/install/yesense_interface/lib/python3.12/site-packages/yesense_interface/msg/_tid.py
[5.737s] -- Up-to-date symlink: /home/ubuntu/rb3302_final_proj_code/robot_ws/install/yesense_interface/lib/python3.12/site-packages/yesense_interface/msg/_tid_s.c
[5.737s] -- Up-to-date symlink: /home/ubuntu/rb3302_final_proj_code/robot_ws/install/yesense_interface/lib/python3.12/site-packages/yesense_interface/msg/_utc.py
[5.737s] -- Up-to-date symlink: /home/ubuntu/rb3302_final_proj_code/robot_ws/install/yesense_interface/lib/python3.12/site-packages/yesense_interface/msg/_utc_s.c
[5.737s] -- Up-to-date symlink: /home/ubuntu/rb3302_final_proj_code/robot_ws/install/yesense_interface/lib/python3.12/site-packages/yesense_interface/msg/_vel.py
[5.738s] -- Up-to-date symlink: /home/ubuntu/rb3302_final_proj_code/robot_ws/install/yesense_interface/lib/python3.12/site-packages/yesense_interface/msg/_vel_s.c
[5.738s] -- Up-to-date symlink: /home/ubuntu/rb3302_final_proj_code/robot_ws/install/yesense_interface/lib/python3.12/site-packages/yesense_interface/yesense_interface_s__rosidl_typesupport_c.so
[5.738s] -- Up-to-date symlink: /home/ubuntu/rb3302_final_proj_code/robot_ws/install/yesense_interface/lib/python3.12/site-packages/yesense_interface/yesense_interface_s__rosidl_typesupport_fastrtps_c.so
[5.738s] -- Up-to-date symlink: /home/ubuntu/rb3302_final_proj_code/robot_ws/install/yesense_interface/lib/python3.12/site-packages/yesense_interface/yesense_interface_s__rosidl_typesupport_introspection_c.so
[5.738s] -- Up-to-date symlink: /home/ubuntu/rb3302_final_proj_code/robot_ws/install/yesense_interface/lib/python3.12/site-packages/yesense_interface/yesense_interface_s__rosidl_typesupport_fastrtps_c.so
[5.738s] -- Up-to-date symlink: /home/ubuntu/rb3302_final_proj_code/robot_ws/install/yesense_interface/lib/python3.12/site-packages/yesense_interface/yesense_interface_s__rosidl_typesupport_introspection_c.so
[5.738s] -- Up-to-date symlink: /home/ubuntu/rb3302_final_proj_code/robot_ws/install/yesense_interface/lib/python3.12/site-packages/yesense_interface/yesense_interface_s__rosidl_typesupport_c.so
[5.738s] -- Up-to-date symlink: /home/ubuntu/rb3302_final_proj_code/robot_ws/install/yesense_interface/share/ament_index/resource_index/rust_packages/yesense_interface
[5.739s] -- Up-to-date symlink: /home/ubuntu/rb3302_final_proj_code/robot_ws/install/yesense_interface/share/yesense_interface/rust/Cargo.toml
[5.739s] -- Up-to-date symlink: /home/ubuntu/rb3302_final_proj_code/robot_ws/install/yesense_interface/share/yesense_interface/rust/build.rs
[5.739s] -- Up-to-date symlink: /home/ubuntu/rb3302_final_proj_code/robot_ws/install/yesense_interface/share/yesense_interface/rust/src/lib.rs
[5.739s] -- Up-to-date symlink: /home/ubuntu/rb3302_final_proj_code/robot_ws/install/yesense_interface/share/yesense_interface/rust/src/msg.rs
[5.739s] -- Up-to-date symlink: /home/ubuntu/rb3302_final_proj_code/robot_ws/install/yesense_interface/share/yesense_interface/rust/src/msg/rmw.rs
[5.739s] -- Up-to-date symlink: /home/ubuntu/rb3302_final_proj_code/robot_ws/install/yesense_interface/share/yesense_interface/msg/Tid.idl
[5.739s] -- Up-to-date symlink: /home/ubuntu/rb3302_final_proj_code/robot_ws/install/yesense_interface/share/yesense_interface/msg/ThreeAxis.idl
[5.739s] -- Up-to-date symlink: /home/ubuntu/rb3302_final_proj_code/robot_ws/install/yesense_interface/share/yesense_interface/msg/SensorTemp.idl
[5.739s] -- Up-to-date symlink: /home/ubuntu/rb3302_final_proj_code/robot_ws/install/yesense_interface/share/yesense_interface/msg/Pressure.idl
[5.739s] -- Up-to-date symlink: /home/ubuntu/rb3302_final_proj_code/robot_ws/install/yesense_interface/share/yesense_interface/msg/EulerAngle.idl
[5.740s] -- Up-to-date symlink: /home/ubuntu/rb3302_final_proj_code/robot_ws/install/yesense_interface/share/yesense_interface/msg/Quat.idl
[5.740s] -- Up-to-date symlink: /home/ubuntu/rb3302_final_proj_code/robot_ws/install/yesense_interface/share/yesense_interface/msg/GnssPos.idl
[5.740s] -- Up-to-date symlink: /home/ubuntu/rb3302_final_proj_code/robot_ws/install/yesense_interface/share/yesense_interface/msg/NavStatus.idl
[5.740s] -- Up-to-date symlink: /home/ubuntu/rb3302_final_proj_code/robot_ws/install/yesense_interface/share/yesense_interface/msg/Vel.idl
[5.740s] -- Up-to-date symlink: /home/ubuntu/rb3302_final_proj_code/robot_ws/install/yesense_interface/share/yesense_interface/msg/Utc.idl
[5.740s] -- Up-to-date symlink: /home/ubuntu/rb3302_final_proj_code/robot_ws/install/yesense_interface/share/yesense_interface/msg/SampleTimestamp.idl
[5.740s] -- Up-to-date symlink: /home/ubuntu/rb3302_final_proj_code/robot_ws/install/yesense_interface/share/yesense_interface/msg/ImuData.idl
[5.740s] -- Up-to-date symlink: /home/ubuntu/rb3302_final_proj_code/robot_ws/install/yesense_interface/share/yesense_interface/msg/ImuDataTenAxis.idl
[5.740s] -- Up-to-date symlink: /home/ubuntu/rb3302_final_proj_code/robot_ws/install/yesense_interface/share/yesense_interface/msg/EulerOnly.idl
[5.741s] -- Up-to-date symlink: /home/ubuntu/rb3302_final_proj_code/robot_ws/install/yesense_interface/share/yesense_interface/msg/RobotLord.idl
[5.741s] -- Up-to-date symlink: /home/ubuntu/rb3302_final_proj_code/robot_ws/install/yesense_interface/share/yesense_interface/msg/AttitudeMinVru.idl
[5.741s] -- Up-to-date symlink: /home/ubuntu/rb3302_final_proj_code/robot_ws/install/yesense_interface/share/yesense_interface/msg/AttitudeMinAhrs.idl
[5.741s] -- Up-to-date symlink: /home/ubuntu/rb3302_final_proj_code/robot_ws/install/yesense_interface/share/yesense_interface/msg/AttitudeAllData.idl
[5.741s] -- Up-to-date symlink: /home/ubuntu/rb3302_final_proj_code/robot_ws/install/yesense_interface/share/yesense_interface/msg/PosOnly.idl
[5.741s] -- Up-to-date symlink: /home/ubuntu/rb3302_final_proj_code/robot_ws/install/yesense_interface/share/yesense_interface/msg/NavMin.idl
[5.741s] -- Up-to-date symlink: /home/ubuntu/rb3302_final_proj_code/robot_ws/install/yesense_interface/share/yesense_interface/msg/NavMinUtc.idl
[5.741s] -- Up-to-date symlink: /home/ubuntu/rb3302_final_proj_code/robot_ws/install/yesense_interface/share/yesense_interface/msg/NavAll.idl
[5.741s] -- Up-to-date symlink: /home/ubuntu/rb3302_final_proj_code/robot_ws/install/yesense_interface/share/yesense_interface/msg/Tid.msg
[5.742s] -- Up-to-date symlink: /home/ubuntu/rb3302_final_proj_code/robot_ws/install/yesense_interface/share/yesense_interface/msg/ThreeAxis.msg
[5.742s] -- Up-to-date symlink: /home/ubuntu/rb3302_final_proj_code/robot_ws/install/yesense_interface/share/yesense_interface/msg/SensorTemp.msg
[5.742s] -- Up-to-date symlink: /home/ubuntu/rb3302_final_proj_code/robot_ws/install/yesense_interface/share/yesense_interface/msg/Pressure.msg
[5.742s] -- Up-to-date symlink: /home/ubuntu/rb3302_final_proj_code/robot_ws/install/yesense_interface/share/yesense_interface/msg/EulerAngle.msg
[5.742s] -- Up-to-date symlink: /home/ubuntu/rb3302_final_proj_code/robot_ws/install/yesense_interface/share/yesense_interface/msg/Quat.msg
[5.742s] -- Up-to-date symlink: /home/ubuntu/rb3302_final_proj_code/robot_ws/install/yesense_interface/share/yesense_interface/msg/GnssPos.msg
[5.742s] -- Up-to-date symlink: /home/ubuntu/rb3302_final_proj_code/robot_ws/install/yesense_interface/share/yesense_interface/msg/NavStatus.msg
[5.742s] -- Up-to-date symlink: /home/ubuntu/rb3302_final_proj_code/robot_ws/install/yesense_interface/share/yesense_interface/msg/Vel.msg
[5.742s] -- Up-to-date symlink: /home/ubuntu/rb3302_final_proj_code/robot_ws/install/yesense_interface/share/yesense_interface/msg/Utc.msg
[5.742s] -- Up-to-date symlink: /home/ubuntu/rb3302_final_proj_code/robot_ws/install/yesense_interface/share/yesense_interface/msg/SampleTimestamp.msg
[5.743s] -- Up-to-date symlink: /home/ubuntu/rb3302_final_proj_code/robot_ws/install/yesense_interface/share/yesense_interface/msg/ImuData.msg
[5.743s] -- Up-to-date symlink: /home/ubuntu/rb3302_final_proj_code/robot_ws/install/yesense_interface/share/yesense_interface/msg/ImuDataTenAxis.msg
[5.743s] -- Up-to-date symlink: /home/ubuntu/rb3302_final_proj_code/robot_ws/install/yesense_interface/share/yesense_interface/msg/EulerOnly.msg
[5.743s] -- Up-to-date symlink: /home/ubuntu/rb3302_final_proj_code/robot_ws/install/yesense_interface/share/yesense_interface/msg/RobotLord.msg
[5.743s] -- Up-to-date symlink: /home/ubuntu/rb3302_final_proj_code/robot_ws/install/yesense_interface/share/yesense_interface/msg/AttitudeMinVru.msg
[5.743s] -- Up-to-date symlink: /home/ubuntu/rb3302_final_proj_code/robot_ws/install/yesense_interface/share/yesense_interface/msg/AttitudeMinAhrs.msg
[5.743s] -- Up-to-date symlink: /home/ubuntu/rb3302_final_proj_code/robot_ws/install/yesense_interface/share/yesense_interface/msg/AttitudeAllData.msg
[5.743s] -- Up-to-date symlink: /home/ubuntu/rb3302_final_proj_code/robot_ws/install/yesense_interface/share/yesense_interface/msg/PosOnly.msg
[5.743s] -- Up-to-date symlink: /home/ubuntu/rb3302_final_proj_code/robot_ws/install/yesense_interface/share/yesense_interface/msg/NavMin.msg
[5.744s] -- Up-to-date symlink: /home/ubuntu/rb3302_final_proj_code/robot_ws/install/yesense_interface/share/yesense_interface/msg/NavMinUtc.msg
[5.744s] -- Up-to-date symlink: /home/ubuntu/rb3302_final_proj_code/robot_ws/install/yesense_interface/share/yesense_interface/msg/NavAll.msg
[5.744s] -- Up-to-date symlink: /home/ubuntu/rb3302_final_proj_code/robot_ws/install/yesense_interface/share/ament_index/resource_index/package_run_dependencies/yesense_interface
[5.744s] -- Up-to-date symlink: /home/ubuntu/rb3302_final_proj_code/robot_ws/install/yesense_interface/share/ament_index/resource_index/parent_prefix_path/yesense_interface
[5.744s] -- Up-to-date symlink: /home/ubuntu/rb3302_final_proj_code/robot_ws/install/yesense_interface/share/yesense_interface/environment/ament_prefix_path.sh
[5.744s] -- Up-to-date symlink: /home/ubuntu/rb3302_final_proj_code/robot_ws/install/yesense_interface/share/yesense_interface/environment/ament_prefix_path.dsv
[5.744s] -- Up-to-date symlink: /home/ubuntu/rb3302_final_proj_code/robot_ws/install/yesense_interface/share/yesense_interface/environment/path.sh
[5.744s] -- Up-to-date symlink: /home/ubuntu/rb3302_final_proj_code/robot_ws/install/yesense_interface/share/yesense_interface/environment/path.dsv
[5.744s] -- Up-to-date symlink: /home/ubuntu/rb3302_final_proj_code/robot_ws/install/yesense_interface/share/yesense_interface/local_setup.bash
[5.744s] -- Up-to-date symlink: /home/ubuntu/rb3302_final_proj_code/robot_ws/install/yesense_interface/share/yesense_interface/local_setup.sh
[5.745s] -- Up-to-date symlink: /home/ubuntu/rb3302_final_proj_code/robot_ws/install/yesense_interface/share/yesense_interface/local_setup.zsh
[5.745s] -- Up-to-date symlink: /home/ubuntu/rb3302_final_proj_code/robot_ws/install/yesense_interface/share/yesense_interface/local_setup.dsv
[5.745s] -- Symlinking: /home/ubuntu/rb3302_final_proj_code/robot_ws/install/yesense_interface/share/yesense_interface/package.dsv
[5.753s] -- Up-to-date symlink: /home/ubuntu/rb3302_final_proj_code/robot_ws/install/yesense_interface/share/ament_index/resource_index/packages/yesense_interface
[5.754s] -- Up-to-date symlink: /home/ubuntu/rb3302_final_proj_code/robot_ws/install/yesense_interface/share/yesense_interface/cmake/rosidl_cmake-extras.cmake
[5.754s] -- Up-to-date symlink: /home/ubuntu/rb3302_final_proj_code/robot_ws/install/yesense_interface/share/yesense_interface/cmake/ament_cmake_export_include_directories-extras.cmake
[5.754s] -- Up-to-date symlink: /home/ubuntu/rb3302_final_proj_code/robot_ws/install/yesense_interface/share/yesense_interface/cmake/ament_cmake_export_libraries-extras.cmake
[5.754s] -- Up-to-date symlink: /home/ubuntu/rb3302_final_proj_code/robot_ws/install/yesense_interface/share/yesense_interface/cmake/ament_cmake_export_targets-extras.cmake
[5.755s] -- Up-to-date symlink: /home/ubuntu/rb3302_final_proj_code/robot_ws/install/yesense_interface/share/yesense_interface/cmake/rosidl_cmake_export_typesupport_targets-extras.cmake
[5.755s] -- Up-to-date symlink: /home/ubuntu/rb3302_final_proj_code/robot_ws/install/yesense_interface/share/yesense_interface/cmake/ament_cmake_export_dependencies-extras.cmake
[5.755s] -- Up-to-date symlink: /home/ubuntu/rb3302_final_proj_code/robot_ws/install/yesense_interface/share/yesense_interface/cmake/rosidl_cmake_export_typesupport_libraries-extras.cmake
[5.755s] -- Up-to-date symlink: /home/ubuntu/rb3302_final_proj_code/robot_ws/install/yesense_interface/share/yesense_interface/cmake/rosidl_cmake_aggregate_target-extras.cmake
[5.755s] -- Up-to-date symlink: /home/ubuntu/rb3302_final_proj_code/robot_ws/install/yesense_interface/share/yesense_interface/cmake/yesense_interfaceConfig.cmake
[5.755s] -- Up-to-date symlink: /home/ubuntu/rb3302_final_proj_code/robot_ws/install/yesense_interface/share/yesense_interface/cmake/yesense_interfaceConfig-version.cmake
[5.755s] -- Up-to-date symlink: /home/ubuntu/rb3302_final_proj_code/robot_ws/install/yesense_interface/share/yesense_interface/package.xml
[5.756s] -- Up-to-date: /home/ubuntu/rb3302_final_proj_code/robot_ws/install/yesense_interface/lib/libyesense_interface__rosidl_generator_c.so
[5.756s] -- Up-to-date: /home/ubuntu/rb3302_final_proj_code/robot_ws/install/yesense_interface/lib/libyesense_interface__rosidl_typesupport_fastrtps_c.so
[5.756s] -- Up-to-date: /home/ubuntu/rb3302_final_proj_code/robot_ws/install/yesense_interface/lib/libyesense_interface__rosidl_typesupport_introspection_c.so
[5.756s] -- Up-to-date: /home/ubuntu/rb3302_final_proj_code/robot_ws/install/yesense_interface/lib/libyesense_interface__rosidl_typesupport_c.so
[5.756s] -- Up-to-date: /home/ubuntu/rb3302_final_proj_code/robot_ws/install/yesense_interface/lib/libyesense_interface__rosidl_typesupport_fastrtps_cpp.so
[5.757s] -- Up-to-date: /home/ubuntu/rb3302_final_proj_code/robot_ws/install/yesense_interface/lib/libyesense_interface__rosidl_typesupport_introspection_cpp.so
[5.757s] -- Up-to-date: /home/ubuntu/rb3302_final_proj_code/robot_ws/install/yesense_interface/lib/libyesense_interface__rosidl_typesupport_cpp.so
[5.816s] Listing '/home/ubuntu/rb3302_final_proj_code/robot_ws/install/yesense_interface/lib/python3.12/site-packages/yesense_interface'...
[5.816s] Compiling '/home/ubuntu/rb3302_final_proj_code/robot_ws/install/yesense_interface/lib/python3.12/site-packages/yesense_interface/__init__.py'...
[5.816s] Listing '/home/ubuntu/rb3302_final_proj_code/robot_ws/install/yesense_interface/lib/python3.12/site-packages/yesense_interface/msg'...
[5.827s] -- Up-to-date: /home/ubuntu/rb3302_final_proj_code/robot_ws/install/yesense_interface/lib/libyesense_interface__rosidl_generator_py.so
[5.827s] -- Up-to-date: /home/ubuntu/rb3302_final_proj_code/robot_ws/install/yesense_interface/share/yesense_interface/cmake/export_yesense_interface__rosidl_generator_cExport.cmake
[5.828s] -- Up-to-date: /home/ubuntu/rb3302_final_proj_code/robot_ws/install/yesense_interface/share/yesense_interface/cmake/export_yesense_interface__rosidl_generator_cExport-noconfig.cmake
[5.829s] -- Up-to-date: /home/ubuntu/rb3302_final_proj_code/robot_ws/install/yesense_interface/share/yesense_interface/cmake/export_yesense_interface__rosidl_typesupport_fastrtps_cExport.cmake
[5.829s] -- Up-to-date: /home/ubuntu/rb3302_final_proj_code/robot_ws/install/yesense_interface/share/yesense_interface/cmake/export_yesense_interface__rosidl_typesupport_fastrtps_cExport-noconfig.cmake
[5.829s] -- Up-to-date: /home/ubuntu/rb3302_final_proj_code/robot_ws/install/yesense_interface/share/yesense_interface/cmake/yesense_interface__rosidl_typesupport_introspection_cExport.cmake
[5.830s] -- Up-to-date: /home/ubuntu/rb3302_final_proj_code/robot_ws/install/yesense_interface/share/yesense_interface/cmake/yesense_interface__rosidl_typesupport_introspection_cExport-noconfig.cmake
[5.830s] -- Up-to-date: /home/ubuntu/rb3302_final_proj_code/robot_ws/install/yesense_interface/share/yesense_interface/cmake/yesense_interface__rosidl_typesupport_cExport.cmake
[5.830s] -- Up-to-date: /home/ubuntu/rb3302_final_proj_code/robot_ws/install/yesense_interface/share/yesense_interface/cmake/yesense_interface__rosidl_typesupport_cExport-noconfig.cmake
[5.830s] -- Up-to-date: /home/ubuntu/rb3302_final_proj_code/robot_ws/install/yesense_interface/share/yesense_interface/cmake/export_yesense_interface__rosidl_generator_cppExport.cmake
[5.830s] -- Up-to-date: /home/ubuntu/rb3302_final_proj_code/robot_ws/install/yesense_interface/share/yesense_interface/cmake/export_yesense_interface__rosidl_typesupport_fastrtps_cppExport.cmake
[5.830s] -- Up-to-date: /home/ubuntu/rb3302_final_proj_code/robot_ws/install/yesense_interface/share/yesense_interface/cmake/export_yesense_interface__rosidl_typesupport_fastrtps_cppExport-noconfig.cmake
[5.831s] -- Up-to-date: /home/ubuntu/rb3302_final_proj_code/robot_ws/install/yesense_interface/share/yesense_interface/cmake/yesense_interface__rosidl_typesupport_introspection_cppExport.cmake
[5.831s] -- Up-to-date: /home/ubuntu/rb3302_final_proj_code/robot_ws/install/yesense_interface/share/yesense_interface/cmake/yesense_interface__rosidl_typesupport_introspection_cppExport-noconfig.cmake
[5.831s] -- Up-to-date: /home/ubuntu/rb3302_final_proj_code/robot_ws/install/yesense_interface/share/yesense_interface/cmake/yesense_interface__rosidl_typesupport_cppExport.cmake
[5.831s] -- Up-to-date: /home/ubuntu/rb3302_final_proj_code/robot_ws/install/yesense_interface/share/yesense_interface/cmake/yesense_interface__rosidl_typesupport_cppExport-noconfig.cmake
[5.831s] -- Up-to-date: /home/ubuntu/rb3302_final_proj_code/robot_ws/install/yesense_interface/share/yesense_interface/cmake/export_yesense_interface__rosidl_generator_pyExport.cmake
[5.831s] -- Up-to-date: /home/ubuntu/rb3302_final_proj_code/robot_ws/install/yesense_interface/share/yesense_interface/cmake/export_yesense_interface__rosidl_generator_pyExport-noconfig.cmake
[5.833s] Invoked command in '/home/ubuntu/rb3302_final_proj_code/robot_ws/build/yesense_interface' returned '0': CMAKE_PREFIX_PATH=${CMAKE_PREFIX_PATH}:/opt/ros/jazzy /usr/bin/cmake --install /home/ubuntu/rb3302_final_proj_code/robot_ws/build/yesense_interface
