[0.035s] Invoking command in '/home/ubuntu/rb3302_final_proj_code/robot_ws/build/yesense_interface': CMAKE_PREFIX_PATH=${CMAKE_PREFIX_PATH}:/opt/ros/jazzy /usr/bin/cmake /home/ubuntu/rb3302_final_proj_code/robot_ws/src/yesense_interface -DAMENT_CMAKE_SYMLINK_INSTALL=1 -DCMAKE_INSTALL_PREFIX=/home/ubuntu/rb3302_final_proj_code/robot_ws/install/yesense_interface
[0.270s] -- The C compiler identification is GNU 13.3.0
[0.470s] -- The CXX compiler identification is GNU 13.3.0
[0.515s] -- Detecting C compiler ABI info
[0.801s] -- Detecting C compiler ABI info - done
[0.815s] -- Check for working C compiler: /usr/bin/cc - skipped
[0.816s] -- Detecting C compile features
[0.816s] -- Detecting C compile features - done
[0.832s] -- Detecting CXX compiler ABI info
[1.140s] -- Detecting CXX compiler ABI info - done
[1.154s] -- Check for working CXX compiler: /usr/bin/c++ - skipped
[1.155s] -- Detecting CXX compile features
[1.155s] -- Detecting CXX compile features - done
[1.172s] -- Found ament_cmake: 2.5.6 (/opt/ros/jazzy/share/ament_cmake/cmake)
[1.566s] -- Found Python3: /usr/bin/python3 (found version "3.12.3") found components: Interpreter 
[1.798s] -- Override CMake install command with custom implementation using symlinks instead of copying resources
[1.958s] -- Found rosidl_default_generators: 1.6.1 (/opt/ros/jazzy/share/rosidl_default_generators/cmake)
[1.970s] -- Using all available rosidl_typesupport_c: rosidl_typesupport_fastrtps_c;rosidl_typesupport_introspection_c
[2.096s] -- Using all available rosidl_typesupport_cpp: rosidl_typesupport_fastrtps_cpp;rosidl_typesupport_introspection_cpp
[2.213s] -- Found rosidl_adapter: 4.6.9 (/opt/ros/jazzy/share/rosidl_adapter/cmake)
[4.119s] -- Found ament_cmake_ros: 0.12.1 (/opt/ros/jazzy/share/ament_cmake_ros/cmake)
[4.975s] -- Using all available rosidl_typesupport_c: rosidl_typesupport_fastrtps_c;rosidl_typesupport_introspection_c
[6.282s] -- Using all available rosidl_typesupport_cpp: rosidl_typesupport_fastrtps_cpp;rosidl_typesupport_introspection_cpp
[6.292s] -- Found python_cmake_module: 0.11.1 (/opt/ros/jazzy/share/python_cmake_module/cmake)
[6.598s] -- Found PythonExtra: /usr/bin/python3  
[8.541s] -- Found Python3: /usr/bin/python3 (found version "3.12.3") found components: Interpreter Development NumPy Development.Module Development.Embed 
[8.977s] -- Found Python3: /usr/bin/python3 (found version "3.12.3") found components: Interpreter 
[9.070s] -- Found ament_lint_auto: 0.17.5 (/opt/ros/jazzy/share/ament_lint_auto/cmake)
[9.288s] -- Added test 'lint_cmake' to check CMake code style
[9.300s] -- Added test 'xmllint' to check XML markup files
[9.316s] -- Configuring done (9.2s)
[9.553s] -- Generating done (0.2s)
[9.644s] -- Build files have been written to: /home/ubuntu/rb3302_final_proj_code/robot_ws/build/yesense_interface
[9.697s] Invoked command in '/home/ubuntu/rb3302_final_proj_code/robot_ws/build/yesense_interface' returned '0': CMAKE_PREFIX_PATH=${CMAKE_PREFIX_PATH}:/opt/ros/jazzy /usr/bin/cmake /home/ubuntu/rb3302_final_proj_code/robot_ws/src/yesense_interface -DAMENT_CMAKE_SYMLINK_INSTALL=1 -DCMAKE_INSTALL_PREFIX=/home/ubuntu/rb3302_final_proj_code/robot_ws/install/yesense_interface
[9.698s] Invoking command in '/home/ubuntu/rb3302_final_proj_code/robot_ws/build/yesense_interface': CMAKE_PREFIX_PATH=${CMAKE_PREFIX_PATH}:/opt/ros/jazzy /usr/bin/cmake --build /home/ubuntu/rb3302_final_proj_code/robot_ws/build/yesense_interface -- -j8 -l8
[9.986s] [  0%] [34m[1mGenerating Rust code for ROS interfaces[0m
[10.006s] [  1%] [34m[1mGenerating type hashes for ROS interfaces[0m
[10.038s] [  1%] Built target ament_cmake_python_symlink_yesense_interface
[10.808s] running egg_info
[10.809s] creating yesense_interface.egg-info
[10.852s] writing yesense_interface.egg-info/PKG-INFO
[10.854s] writing dependency_links to yesense_interface.egg-info/dependency_links.txt
[10.857s] writing top-level names to yesense_interface.egg-info/top_level.txt
[10.858s] writing manifest file 'yesense_interface.egg-info/SOURCES.txt'
[11.047s] reading manifest file 'yesense_interface.egg-info/SOURCES.txt'
[11.052s] writing manifest file 'yesense_interface.egg-info/SOURCES.txt'
[11.347s] [  1%] Built target ament_cmake_python_build_yesense_interface_egg
[11.624s] [  1%] Built target yesense_interface__rosidl_generator_type_description
[11.726s] [  2%] [34m[1mGenerating C code for ROS interfaces[0m
[11.794s] [  2%] [34m[1mGenerating C++ code for ROS interfaces[0m
[13.511s] [  2%] Built target yesense_interface__rs
[16.810s] [  2%] [32mBuilding C object CMakeFiles/yesense_interface__rosidl_generator_c.dir/rosidl_generator_c/yesense_interface/msg/detail/tid__description.c.o[0m
[16.816s] [  3%] [32mBuilding C object CMakeFiles/yesense_interface__rosidl_generator_c.dir/rosidl_generator_c/yesense_interface/msg/detail/tid__functions.c.o[0m
[16.818s] [  3%] [32mBuilding C object CMakeFiles/yesense_interface__rosidl_generator_c.dir/rosidl_generator_c/yesense_interface/msg/detail/tid__type_support.c.o[0m
[16.824s] [  3%] [32mBuilding C object CMakeFiles/yesense_interface__rosidl_generator_c.dir/rosidl_generator_c/yesense_interface/msg/detail/three_axis__description.c.o[0m
[16.846s] [  4%] [32mBuilding C object CMakeFiles/yesense_interface__rosidl_generator_c.dir/rosidl_generator_c/yesense_interface/msg/detail/three_axis__functions.c.o[0m
[16.873s] [  4%] Built target yesense_interface__cpp
[16.889s] [  5%] [32mBuilding C object CMakeFiles/yesense_interface__rosidl_generator_c.dir/rosidl_generator_c/yesense_interface/msg/detail/sensor_temp__description.c.o[0m
[16.906s] [  5%] [32mBuilding C object CMakeFiles/yesense_interface__rosidl_generator_c.dir/rosidl_generator_c/yesense_interface/msg/detail/sensor_temp__type_support.c.o[0m
[16.906s] [  5%] [32mBuilding C object CMakeFiles/yesense_interface__rosidl_generator_c.dir/rosidl_generator_c/yesense_interface/msg/detail/sensor_temp__functions.c.o[0m
[16.908s] [  5%] [32mBuilding C object CMakeFiles/yesense_interface__rosidl_generator_c.dir/rosidl_generator_c/yesense_interface/msg/detail/three_axis__type_support.c.o[0m
[16.935s] [  6%] [32mBuilding C object CMakeFiles/yesense_interface__rosidl_generator_c.dir/rosidl_generator_c/yesense_interface/msg/detail/pressure__description.c.o[0m
[16.945s] [  6%] [32mBuilding C object CMakeFiles/yesense_interface__rosidl_generator_c.dir/rosidl_generator_c/yesense_interface/msg/detail/pressure__functions.c.o[0m
[16.988s] [  7%] [32mBuilding C object CMakeFiles/yesense_interface__rosidl_generator_c.dir/rosidl_generator_c/yesense_interface/msg/detail/pressure__type_support.c.o[0m
[17.001s] [  7%] [32mBuilding C object CMakeFiles/yesense_interface__rosidl_generator_c.dir/rosidl_generator_c/yesense_interface/msg/detail/euler_angle__description.c.o[0m
[17.014s] [  7%] [32mBuilding C object CMakeFiles/yesense_interface__rosidl_generator_c.dir/rosidl_generator_c/yesense_interface/msg/detail/euler_angle__functions.c.o[0m
[17.070s] [  7%] [32mBuilding C object CMakeFiles/yesense_interface__rosidl_generator_c.dir/rosidl_generator_c/yesense_interface/msg/detail/quat__description.c.o[0m
[17.080s] [  8%] [32mBuilding C object CMakeFiles/yesense_interface__rosidl_generator_c.dir/rosidl_generator_c/yesense_interface/msg/detail/euler_angle__type_support.c.o[0m
[17.127s] [  9%] [32mBuilding C object CMakeFiles/yesense_interface__rosidl_generator_c.dir/rosidl_generator_c/yesense_interface/msg/detail/quat__functions.c.o[0m
[17.127s] [  9%] [32mBuilding C object CMakeFiles/yesense_interface__rosidl_generator_c.dir/rosidl_generator_c/yesense_interface/msg/detail/gnss_pos__description.c.o[0m
[17.128s] [  9%] [32mBuilding C object CMakeFiles/yesense_interface__rosidl_generator_c.dir/rosidl_generator_c/yesense_interface/msg/detail/quat__type_support.c.o[0m
[17.134s] [ 10%] [32mBuilding C object CMakeFiles/yesense_interface__rosidl_generator_c.dir/rosidl_generator_c/yesense_interface/msg/detail/gnss_pos__functions.c.o[0m
[17.144s] [ 10%] [32mBuilding C object CMakeFiles/yesense_interface__rosidl_generator_c.dir/rosidl_generator_c/yesense_interface/msg/detail/gnss_pos__type_support.c.o[0m
[17.186s] [ 10%] [32mBuilding C object CMakeFiles/yesense_interface__rosidl_generator_c.dir/rosidl_generator_c/yesense_interface/msg/detail/nav_status__functions.c.o[0m
[17.194s] [ 11%] [32mBuilding C object CMakeFiles/yesense_interface__rosidl_generator_c.dir/rosidl_generator_c/yesense_interface/msg/detail/nav_status__description.c.o[0m
[17.227s] [ 12%] [32mBuilding C object CMakeFiles/yesense_interface__rosidl_generator_c.dir/rosidl_generator_c/yesense_interface/msg/detail/nav_status__type_support.c.o[0m
[17.269s] [ 12%] [32mBuilding C object CMakeFiles/yesense_interface__rosidl_generator_c.dir/rosidl_generator_c/yesense_interface/msg/detail/vel__description.c.o[0m
[17.285s] [ 12%] [32mBuilding C object CMakeFiles/yesense_interface__rosidl_generator_c.dir/rosidl_generator_c/yesense_interface/msg/detail/vel__functions.c.o[0m
[17.288s] [ 13%] [32mBuilding C object CMakeFiles/yesense_interface__rosidl_generator_c.dir/rosidl_generator_c/yesense_interface/msg/detail/vel__type_support.c.o[0m
[17.307s] [ 13%] [32mBuilding C object CMakeFiles/yesense_interface__rosidl_generator_c.dir/rosidl_generator_c/yesense_interface/msg/detail/utc__description.c.o[0m
[17.327s] [ 14%] [32mBuilding C object CMakeFiles/yesense_interface__rosidl_generator_c.dir/rosidl_generator_c/yesense_interface/msg/detail/utc__functions.c.o[0m
[17.327s] [ 14%] [32mBuilding C object CMakeFiles/yesense_interface__rosidl_generator_c.dir/rosidl_generator_c/yesense_interface/msg/detail/utc__type_support.c.o[0m
[17.344s] [ 14%] [32mBuilding C object CMakeFiles/yesense_interface__rosidl_generator_c.dir/rosidl_generator_c/yesense_interface/msg/detail/sample_timestamp__description.c.o[0m
[17.353s] [ 15%] [32mBuilding C object CMakeFiles/yesense_interface__rosidl_generator_c.dir/rosidl_generator_c/yesense_interface/msg/detail/sample_timestamp__functions.c.o[0m
[17.385s] [ 15%] [32mBuilding C object CMakeFiles/yesense_interface__rosidl_generator_c.dir/rosidl_generator_c/yesense_interface/msg/detail/sample_timestamp__type_support.c.o[0m
[17.440s] [ 15%] [32mBuilding C object CMakeFiles/yesense_interface__rosidl_generator_c.dir/rosidl_generator_c/yesense_interface/msg/detail/imu_data__functions.c.o[0m
[17.454s] [ 16%] [32mBuilding C object CMakeFiles/yesense_interface__rosidl_generator_c.dir/rosidl_generator_c/yesense_interface/msg/detail/imu_data__description.c.o[0m
[17.459s] [ 16%] [32mBuilding C object CMakeFiles/yesense_interface__rosidl_generator_c.dir/rosidl_generator_c/yesense_interface/msg/detail/imu_data__type_support.c.o[0m
[17.464s] [ 16%] [32mBuilding C object CMakeFiles/yesense_interface__rosidl_generator_c.dir/rosidl_generator_c/yesense_interface/msg/detail/imu_data_ten_axis__functions.c.o[0m
[17.475s] [ 17%] [32mBuilding C object CMakeFiles/yesense_interface__rosidl_generator_c.dir/rosidl_generator_c/yesense_interface/msg/detail/imu_data_ten_axis__description.c.o[0m
[17.486s] [ 18%] [32mBuilding C object CMakeFiles/yesense_interface__rosidl_generator_c.dir/rosidl_generator_c/yesense_interface/msg/detail/imu_data_ten_axis__type_support.c.o[0m
[17.490s] [ 18%] [32mBuilding C object CMakeFiles/yesense_interface__rosidl_generator_c.dir/rosidl_generator_c/yesense_interface/msg/detail/euler_only__description.c.o[0m
[17.520s] [ 18%] [32mBuilding C object CMakeFiles/yesense_interface__rosidl_generator_c.dir/rosidl_generator_c/yesense_interface/msg/detail/euler_only__functions.c.o[0m
[17.598s] [ 19%] [32mBuilding C object CMakeFiles/yesense_interface__rosidl_generator_c.dir/rosidl_generator_c/yesense_interface/msg/detail/euler_only__type_support.c.o[0m
[17.620s] [ 20%] [32mBuilding C object CMakeFiles/yesense_interface__rosidl_generator_c.dir/rosidl_generator_c/yesense_interface/msg/detail/robot_lord__functions.c.o[0m
[17.632s] [ 20%] [32mBuilding C object CMakeFiles/yesense_interface__rosidl_generator_c.dir/rosidl_generator_c/yesense_interface/msg/detail/robot_lord__type_support.c.o[0m
[17.642s] [ 21%] [32mBuilding C object CMakeFiles/yesense_interface__rosidl_generator_c.dir/rosidl_generator_c/yesense_interface/msg/detail/attitude_min_vru__description.c.o[0m
[17.642s] [ 21%] [32mBuilding C object CMakeFiles/yesense_interface__rosidl_generator_c.dir/rosidl_generator_c/yesense_interface/msg/detail/attitude_min_vru__functions.c.o[0m
[17.645s] [ 21%] [32mBuilding C object CMakeFiles/yesense_interface__rosidl_generator_c.dir/rosidl_generator_c/yesense_interface/msg/detail/robot_lord__description.c.o[0m
[17.719s] [ 22%] [32mBuilding C object CMakeFiles/yesense_interface__rosidl_generator_c.dir/rosidl_generator_c/yesense_interface/msg/detail/attitude_min_ahrs__description.c.o[0m
[17.739s] [ 22%] [32mBuilding C object CMakeFiles/yesense_interface__rosidl_generator_c.dir/rosidl_generator_c/yesense_interface/msg/detail/attitude_min_ahrs__functions.c.o[0m
[17.750s] [ 22%] [32mBuilding C object CMakeFiles/yesense_interface__rosidl_generator_c.dir/rosidl_generator_c/yesense_interface/msg/detail/attitude_min_vru__type_support.c.o[0m
[17.758s] [ 23%] [32mBuilding C object CMakeFiles/yesense_interface__rosidl_generator_c.dir/rosidl_generator_c/yesense_interface/msg/detail/attitude_min_ahrs__type_support.c.o[0m
[17.779s] [ 23%] [32mBuilding C object CMakeFiles/yesense_interface__rosidl_generator_c.dir/rosidl_generator_c/yesense_interface/msg/detail/attitude_all_data__description.c.o[0m
[17.801s] [ 23%] [32mBuilding C object CMakeFiles/yesense_interface__rosidl_generator_c.dir/rosidl_generator_c/yesense_interface/msg/detail/attitude_all_data__functions.c.o[0m
[17.847s] [ 23%] [32mBuilding C object CMakeFiles/yesense_interface__rosidl_generator_c.dir/rosidl_generator_c/yesense_interface/msg/detail/pos_only__description.c.o[0m
[17.872s] [ 24%] [32mBuilding C object CMakeFiles/yesense_interface__rosidl_generator_c.dir/rosidl_generator_c/yesense_interface/msg/detail/pos_only__functions.c.o[0m
[17.874s] [ 25%] [32mBuilding C object CMakeFiles/yesense_interface__rosidl_generator_c.dir/rosidl_generator_c/yesense_interface/msg/detail/attitude_all_data__type_support.c.o[0m
[17.915s] [ 25%] [32mBuilding C object CMakeFiles/yesense_interface__rosidl_generator_c.dir/rosidl_generator_c/yesense_interface/msg/detail/pos_only__type_support.c.o[0m
[17.925s] [ 25%] [32mBuilding C object CMakeFiles/yesense_interface__rosidl_generator_c.dir/rosidl_generator_c/yesense_interface/msg/detail/nav_min__description.c.o[0m
[17.929s] [ 26%] [32mBuilding C object CMakeFiles/yesense_interface__rosidl_generator_c.dir/rosidl_generator_c/yesense_interface/msg/detail/nav_min__functions.c.o[0m
[17.995s] [ 27%] [32mBuilding C object CMakeFiles/yesense_interface__rosidl_generator_c.dir/rosidl_generator_c/yesense_interface/msg/detail/nav_min_utc__description.c.o[0m
[18.002s] [ 27%] [32mBuilding C object CMakeFiles/yesense_interface__rosidl_generator_c.dir/rosidl_generator_c/yesense_interface/msg/detail/nav_min__type_support.c.o[0m
[18.025s] [ 27%] [32mBuilding C object CMakeFiles/yesense_interface__rosidl_generator_c.dir/rosidl_generator_c/yesense_interface/msg/detail/nav_min_utc__functions.c.o[0m
[18.030s] [ 27%] [32mBuilding C object CMakeFiles/yesense_interface__rosidl_generator_c.dir/rosidl_generator_c/yesense_interface/msg/detail/nav_min_utc__type_support.c.o[0m
[18.058s] [ 28%] [32mBuilding C object CMakeFiles/yesense_interface__rosidl_generator_c.dir/rosidl_generator_c/yesense_interface/msg/detail/nav_all__description.c.o[0m
[18.085s] [ 28%] [32mBuilding C object CMakeFiles/yesense_interface__rosidl_generator_c.dir/rosidl_generator_c/yesense_interface/msg/detail/nav_all__functions.c.o[0m
[18.093s] [ 29%] [32mBuilding C object CMakeFiles/yesense_interface__rosidl_generator_c.dir/rosidl_generator_c/yesense_interface/msg/detail/nav_all__type_support.c.o[0m
[18.381s] [ 29%] [32m[1mLinking C shared library libyesense_interface__rosidl_generator_c.so[0m
[18.631s] [ 29%] Built target yesense_interface__rosidl_generator_c
[18.690s] [ 29%] [34m[1mGenerating C++ introspection for ROS interfaces[0m
[18.690s] [ 30%] [34m[1mGenerating C type support for eProsima Fast-RTPS[0m
[18.691s] [ 30%] [34m[1mGenerating C introspection for ROS interfaces[0m
[18.705s] [ 30%] [34m[1mGenerating C type support dispatch for ROS interfaces[0m
[18.726s] [ 31%] [34m[1mGenerating C++ type support for eProsima Fast-RTPS[0m
[18.727s] [ 31%] [34m[1mGenerating C++ type support dispatch for ROS interfaces[0m
[20.084s] [ 31%] [32mBuilding CXX object CMakeFiles/yesense_interface__rosidl_typesupport_cpp.dir/rosidl_typesupport_cpp/yesense_interface/msg/tid__type_support.cpp.o[0m
[20.089s] [ 32%] [32mBuilding CXX object CMakeFiles/yesense_interface__rosidl_typesupport_cpp.dir/rosidl_typesupport_cpp/yesense_interface/msg/three_axis__type_support.cpp.o[0m
[20.152s] [ 32%] [32mBuilding CXX object CMakeFiles/yesense_interface__rosidl_typesupport_cpp.dir/rosidl_typesupport_cpp/yesense_interface/msg/sensor_temp__type_support.cpp.o[0m
[20.729s] [ 33%] [32mBuilding CXX object CMakeFiles/yesense_interface__rosidl_typesupport_cpp.dir/rosidl_typesupport_cpp/yesense_interface/msg/pressure__type_support.cpp.o[0m
[21.469s] [ 33%] [32mBuilding CXX object CMakeFiles/yesense_interface__rosidl_typesupport_cpp.dir/rosidl_typesupport_cpp/yesense_interface/msg/euler_angle__type_support.cpp.o[0m
[22.151s] [ 34%] [32mBuilding CXX object CMakeFiles/yesense_interface__rosidl_typesupport_cpp.dir/rosidl_typesupport_cpp/yesense_interface/msg/quat__type_support.cpp.o[0m
[22.439s] [ 34%] [32mBuilding CXX object CMakeFiles/yesense_interface__rosidl_typesupport_cpp.dir/rosidl_typesupport_cpp/yesense_interface/msg/gnss_pos__type_support.cpp.o[0m
[22.477s] [ 35%] [32mBuilding CXX object CMakeFiles/yesense_interface__rosidl_typesupport_c.dir/rosidl_typesupport_c/yesense_interface/msg/tid__type_support.cpp.o[0m
[22.661s] [ 35%] [32mBuilding CXX object CMakeFiles/yesense_interface__rosidl_typesupport_c.dir/rosidl_typesupport_c/yesense_interface/msg/three_axis__type_support.cpp.o[0m
[22.670s] [ 36%] [32mBuilding CXX object CMakeFiles/yesense_interface__rosidl_typesupport_c.dir/rosidl_typesupport_c/yesense_interface/msg/sensor_temp__type_support.cpp.o[0m
[22.874s] [ 36%] [32mBuilding CXX object CMakeFiles/yesense_interface__rosidl_typesupport_c.dir/rosidl_typesupport_c/yesense_interface/msg/pressure__type_support.cpp.o[0m
[22.880s] [ 36%] [32mBuilding CXX object CMakeFiles/yesense_interface__rosidl_typesupport_c.dir/rosidl_typesupport_c/yesense_interface/msg/euler_angle__type_support.cpp.o[0m
[22.929s] [ 37%] [32mBuilding C object CMakeFiles/yesense_interface__rosidl_typesupport_introspection_c.dir/rosidl_typesupport_introspection_c/yesense_interface/msg/detail/tid__type_support.c.o[0m
[22.957s] [ 38%] [32mBuilding CXX object CMakeFiles/yesense_interface__rosidl_typesupport_c.dir/rosidl_typesupport_c/yesense_interface/msg/quat__type_support.cpp.o[0m
[22.983s] [ 38%] [32mBuilding C object CMakeFiles/yesense_interface__rosidl_typesupport_introspection_c.dir/rosidl_typesupport_introspection_c/yesense_interface/msg/detail/three_axis__type_support.c.o[0m
[23.049s] [ 38%] [32mBuilding CXX object CMakeFiles/yesense_interface__rosidl_typesupport_cpp.dir/rosidl_typesupport_cpp/yesense_interface/msg/nav_status__type_support.cpp.o[0m
[23.157s] [ 39%] [32mBuilding C object CMakeFiles/yesense_interface__rosidl_typesupport_introspection_c.dir/rosidl_typesupport_introspection_c/yesense_interface/msg/detail/sensor_temp__type_support.c.o[0m
[23.166s] [ 39%] [32mBuilding CXX object CMakeFiles/yesense_interface__rosidl_typesupport_c.dir/rosidl_typesupport_c/yesense_interface/msg/gnss_pos__type_support.cpp.o[0m
[23.247s] [ 39%] [32mBuilding C object CMakeFiles/yesense_interface__rosidl_typesupport_introspection_c.dir/rosidl_typesupport_introspection_c/yesense_interface/msg/detail/pressure__type_support.c.o[0m
[23.253s] [ 40%] [32mBuilding CXX object CMakeFiles/yesense_interface__rosidl_typesupport_cpp.dir/rosidl_typesupport_cpp/yesense_interface/msg/vel__type_support.cpp.o[0m
[23.253s] [ 41%] [32mBuilding CXX object CMakeFiles/yesense_interface__rosidl_typesupport_c.dir/rosidl_typesupport_c/yesense_interface/msg/nav_status__type_support.cpp.o[0m
[23.260s] [ 42%] [32mBuilding C object CMakeFiles/yesense_interface__rosidl_typesupport_introspection_c.dir/rosidl_typesupport_introspection_c/yesense_interface/msg/detail/euler_angle__type_support.c.o[0m
[23.347s] [ 42%] [32mBuilding CXX object CMakeFiles/yesense_interface__rosidl_typesupport_c.dir/rosidl_typesupport_c/yesense_interface/msg/vel__type_support.cpp.o[0m
[23.389s] [ 42%] [32mBuilding C object CMakeFiles/yesense_interface__rosidl_typesupport_introspection_c.dir/rosidl_typesupport_introspection_c/yesense_interface/msg/detail/quat__type_support.c.o[0m
[23.395s] [ 42%] [32mBuilding CXX object CMakeFiles/yesense_interface__rosidl_typesupport_c.dir/rosidl_typesupport_c/yesense_interface/msg/utc__type_support.cpp.o[0m
[23.492s] [ 42%] [32mBuilding CXX object CMakeFiles/yesense_interface__rosidl_typesupport_cpp.dir/rosidl_typesupport_cpp/yesense_interface/msg/utc__type_support.cpp.o[0m
[23.495s] [ 43%] [32mBuilding CXX object CMakeFiles/yesense_interface__rosidl_typesupport_c.dir/rosidl_typesupport_c/yesense_interface/msg/sample_timestamp__type_support.cpp.o[0m
[23.550s] [ 43%] [32mBuilding C object CMakeFiles/yesense_interface__rosidl_typesupport_introspection_c.dir/rosidl_typesupport_introspection_c/yesense_interface/msg/detail/gnss_pos__type_support.c.o[0m
[23.602s] [ 43%] [32mBuilding CXX object CMakeFiles/yesense_interface__rosidl_typesupport_c.dir/rosidl_typesupport_c/yesense_interface/msg/imu_data__type_support.cpp.o[0m
[23.732s] [ 44%] [32mBuilding CXX object CMakeFiles/yesense_interface__rosidl_typesupport_c.dir/rosidl_typesupport_c/yesense_interface/msg/imu_data_ten_axis__type_support.cpp.o[0m
[23.767s] [ 45%] [32mBuilding C object CMakeFiles/yesense_interface__rosidl_typesupport_introspection_c.dir/rosidl_typesupport_introspection_c/yesense_interface/msg/detail/nav_status__type_support.c.o[0m
[23.843s] [ 45%] [32mBuilding C object CMakeFiles/yesense_interface__rosidl_typesupport_introspection_c.dir/rosidl_typesupport_introspection_c/yesense_interface/msg/detail/vel__type_support.c.o[0m
[23.875s] [ 45%] [32mBuilding CXX object CMakeFiles/yesense_interface__rosidl_typesupport_c.dir/rosidl_typesupport_c/yesense_interface/msg/euler_only__type_support.cpp.o[0m
[23.950s] [ 45%] [32mBuilding CXX object CMakeFiles/yesense_interface__rosidl_typesupport_c.dir/rosidl_typesupport_c/yesense_interface/msg/robot_lord__type_support.cpp.o[0m
[23.956s] [ 46%] [32mBuilding C object CMakeFiles/yesense_interface__rosidl_typesupport_introspection_c.dir/rosidl_typesupport_introspection_c/yesense_interface/msg/detail/utc__type_support.c.o[0m
[23.968s] [ 46%] [32mBuilding C object CMakeFiles/yesense_interface__rosidl_typesupport_introspection_c.dir/rosidl_typesupport_introspection_c/yesense_interface/msg/detail/sample_timestamp__type_support.c.o[0m
[24.019s] [ 47%] [32mBuilding CXX object CMakeFiles/yesense_interface__rosidl_typesupport_c.dir/rosidl_typesupport_c/yesense_interface/msg/attitude_min_vru__type_support.cpp.o[0m
[24.079s] [ 48%] [32mBuilding CXX object CMakeFiles/yesense_interface__rosidl_typesupport_cpp.dir/rosidl_typesupport_cpp/yesense_interface/msg/sample_timestamp__type_support.cpp.o[0m
[24.111s] [ 48%] [32mBuilding CXX object CMakeFiles/yesense_interface__rosidl_typesupport_c.dir/rosidl_typesupport_c/yesense_interface/msg/attitude_min_ahrs__type_support.cpp.o[0m
[24.158s] [ 48%] [32mBuilding CXX object CMakeFiles/yesense_interface__rosidl_typesupport_fastrtps_c.dir/rosidl_typesupport_fastrtps_c/yesense_interface/msg/detail/tid__type_support_c.cpp.o[0m
[24.206s] [ 48%] [32mBuilding C object CMakeFiles/yesense_interface__rosidl_typesupport_introspection_c.dir/rosidl_typesupport_introspection_c/yesense_interface/msg/detail/imu_data__type_support.c.o[0m
[24.217s] [ 49%] [32mBuilding CXX object CMakeFiles/yesense_interface__rosidl_typesupport_c.dir/rosidl_typesupport_c/yesense_interface/msg/attitude_all_data__type_support.cpp.o[0m
[24.222s] [ 50%] [32mBuilding CXX object CMakeFiles/yesense_interface__rosidl_typesupport_fastrtps_c.dir/rosidl_typesupport_fastrtps_c/yesense_interface/msg/detail/three_axis__type_support_c.cpp.o[0m
[24.350s] [ 51%] [32mBuilding C object CMakeFiles/yesense_interface__rosidl_typesupport_introspection_c.dir/rosidl_typesupport_introspection_c/yesense_interface/msg/detail/imu_data_ten_axis__type_support.c.o[0m
[24.366s] [ 51%] [32mBuilding CXX object CMakeFiles/yesense_interface__rosidl_typesupport_c.dir/rosidl_typesupport_c/yesense_interface/msg/pos_only__type_support.cpp.o[0m
[24.461s] [ 51%] [32mBuilding C object CMakeFiles/yesense_interface__rosidl_typesupport_introspection_c.dir/rosidl_typesupport_introspection_c/yesense_interface/msg/detail/euler_only__type_support.c.o[0m
[24.500s] [ 51%] [32mBuilding CXX object CMakeFiles/yesense_interface__rosidl_typesupport_c.dir/rosidl_typesupport_c/yesense_interface/msg/nav_min__type_support.cpp.o[0m
[24.623s] [ 52%] [32mBuilding CXX object CMakeFiles/yesense_interface__rosidl_typesupport_c.dir/rosidl_typesupport_c/yesense_interface/msg/nav_min_utc__type_support.cpp.o[0m
[24.677s] [ 53%] [32mBuilding C object CMakeFiles/yesense_interface__rosidl_typesupport_introspection_c.dir/rosidl_typesupport_introspection_c/yesense_interface/msg/detail/robot_lord__type_support.c.o[0m
[24.731s] [ 54%] [32mBuilding CXX object CMakeFiles/yesense_interface__rosidl_typesupport_introspection_cpp.dir/rosidl_typesupport_introspection_cpp/yesense_interface/msg/detail/tid__type_support.cpp.o[0m
[24.753s] [ 54%] [32mBuilding CXX object CMakeFiles/yesense_interface__rosidl_typesupport_c.dir/rosidl_typesupport_c/yesense_interface/msg/nav_all__type_support.cpp.o[0m
[24.775s] [ 54%] [32mBuilding CXX object CMakeFiles/yesense_interface__rosidl_typesupport_cpp.dir/rosidl_typesupport_cpp/yesense_interface/msg/imu_data__type_support.cpp.o[0m
[24.800s] [ 54%] [32mBuilding CXX object CMakeFiles/yesense_interface__rosidl_typesupport_fastrtps_cpp.dir/rosidl_typesupport_fastrtps_cpp/yesense_interface/msg/detail/dds_fastrtps/tid__type_support.cpp.o[0m
[24.814s] [ 54%] [32mBuilding CXX object CMakeFiles/yesense_interface__rosidl_typesupport_fastrtps_c.dir/rosidl_typesupport_fastrtps_c/yesense_interface/msg/detail/sensor_temp__type_support_c.cpp.o[0m
[24.845s] [ 55%] [32m[1mLinking CXX shared library libyesense_interface__rosidl_typesupport_c.so[0m
[24.893s] [ 55%] [32mBuilding C object CMakeFiles/yesense_interface__rosidl_typesupport_introspection_c.dir/rosidl_typesupport_introspection_c/yesense_interface/msg/detail/attitude_min_vru__type_support.c.o[0m
[24.968s] [ 55%] Built target yesense_interface__rosidl_typesupport_c
[24.987s] [ 56%] [32mBuilding CXX object CMakeFiles/yesense_interface__rosidl_typesupport_fastrtps_c.dir/rosidl_typesupport_fastrtps_c/yesense_interface/msg/detail/pressure__type_support_c.cpp.o[0m
[25.126s] [ 56%] [32mBuilding C object CMakeFiles/yesense_interface__rosidl_typesupport_introspection_c.dir/rosidl_typesupport_introspection_c/yesense_interface/msg/detail/attitude_min_ahrs__type_support.c.o[0m
[25.283s] [ 56%] [32mBuilding CXX object CMakeFiles/yesense_interface__rosidl_typesupport_fastrtps_cpp.dir/rosidl_typesupport_fastrtps_cpp/yesense_interface/msg/detail/dds_fastrtps/three_axis__type_support.cpp.o[0m
[25.342s] [ 57%] [32mBuilding C object CMakeFiles/yesense_interface__rosidl_typesupport_introspection_c.dir/rosidl_typesupport_introspection_c/yesense_interface/msg/detail/attitude_all_data__type_support.c.o[0m
[25.583s] [ 57%] [32mBuilding C object CMakeFiles/yesense_interface__rosidl_typesupport_introspection_c.dir/rosidl_typesupport_introspection_c/yesense_interface/msg/detail/pos_only__type_support.c.o[0m
[25.724s] [ 57%] [32mBuilding CXX object CMakeFiles/yesense_interface__rosidl_typesupport_cpp.dir/rosidl_typesupport_cpp/yesense_interface/msg/imu_data_ten_axis__type_support.cpp.o[0m
[25.828s] [ 58%] [32mBuilding C object CMakeFiles/yesense_interface__rosidl_typesupport_introspection_c.dir/rosidl_typesupport_introspection_c/yesense_interface/msg/detail/nav_min__type_support.c.o[0m
[25.836s] [ 58%] [32mBuilding CXX object CMakeFiles/yesense_interface__rosidl_typesupport_introspection_cpp.dir/rosidl_typesupport_introspection_cpp/yesense_interface/msg/detail/three_axis__type_support.cpp.o[0m
[25.978s] [ 58%] [32mBuilding C object CMakeFiles/yesense_interface__rosidl_typesupport_introspection_c.dir/rosidl_typesupport_introspection_c/yesense_interface/msg/detail/nav_min_utc__type_support.c.o[0m
[26.019s] [ 58%] [32mBuilding CXX object CMakeFiles/yesense_interface__rosidl_typesupport_introspection_cpp.dir/rosidl_typesupport_introspection_cpp/yesense_interface/msg/detail/sensor_temp__type_support.cpp.o[0m
[26.074s] [ 58%] [32mBuilding CXX object CMakeFiles/yesense_interface__rosidl_typesupport_fastrtps_c.dir/rosidl_typesupport_fastrtps_c/yesense_interface/msg/detail/euler_angle__type_support_c.cpp.o[0m
[26.100s] [ 58%] [32mBuilding C object CMakeFiles/yesense_interface__rosidl_typesupport_introspection_c.dir/rosidl_typesupport_introspection_c/yesense_interface/msg/detail/nav_all__type_support.c.o[0m
[26.260s] [ 59%] [32m[1mLinking C shared library libyesense_interface__rosidl_typesupport_introspection_c.so[0m
[26.305s] [ 60%] [32mBuilding CXX object CMakeFiles/yesense_interface__rosidl_typesupport_fastrtps_cpp.dir/rosidl_typesupport_fastrtps_cpp/yesense_interface/msg/detail/dds_fastrtps/sensor_temp__type_support.cpp.o[0m
[26.438s] [ 60%] Built target yesense_interface__rosidl_typesupport_introspection_c
[26.466s] [ 61%] [32mBuilding CXX object CMakeFiles/yesense_interface__rosidl_typesupport_cpp.dir/rosidl_typesupport_cpp/yesense_interface/msg/euler_only__type_support.cpp.o[0m
[26.630s] [ 62%] [32mBuilding CXX object CMakeFiles/yesense_interface__rosidl_typesupport_introspection_cpp.dir/rosidl_typesupport_introspection_cpp/yesense_interface/msg/detail/pressure__type_support.cpp.o[0m
[26.722s] [ 62%] [32mBuilding CXX object CMakeFiles/yesense_interface__rosidl_typesupport_cpp.dir/rosidl_typesupport_cpp/yesense_interface/msg/robot_lord__type_support.cpp.o[0m
[26.843s] [ 62%] [32mBuilding CXX object CMakeFiles/yesense_interface__rosidl_typesupport_fastrtps_cpp.dir/rosidl_typesupport_fastrtps_cpp/yesense_interface/msg/detail/dds_fastrtps/pressure__type_support.cpp.o[0m
[27.182s] [ 63%] [32mBuilding CXX object CMakeFiles/yesense_interface__rosidl_typesupport_cpp.dir/rosidl_typesupport_cpp/yesense_interface/msg/attitude_min_vru__type_support.cpp.o[0m
[27.239s] [ 63%] [32mBuilding CXX object CMakeFiles/yesense_interface__rosidl_typesupport_introspection_cpp.dir/rosidl_typesupport_introspection_cpp/yesense_interface/msg/detail/euler_angle__type_support.cpp.o[0m
[27.545s] [ 63%] [32mBuilding CXX object CMakeFiles/yesense_interface__rosidl_typesupport_cpp.dir/rosidl_typesupport_cpp/yesense_interface/msg/attitude_min_ahrs__type_support.cpp.o[0m
[27.707s] [ 64%] [32mBuilding CXX object CMakeFiles/yesense_interface__rosidl_typesupport_fastrtps_cpp.dir/rosidl_typesupport_fastrtps_cpp/yesense_interface/msg/detail/dds_fastrtps/euler_angle__type_support.cpp.o[0m
[27.855s] [ 65%] [32mBuilding CXX object CMakeFiles/yesense_interface__rosidl_typesupport_introspection_cpp.dir/rosidl_typesupport_introspection_cpp/yesense_interface/msg/detail/quat__type_support.cpp.o[0m
[27.928s] [ 65%] [32mBuilding CXX object CMakeFiles/yesense_interface__rosidl_typesupport_cpp.dir/rosidl_typesupport_cpp/yesense_interface/msg/attitude_all_data__type_support.cpp.o[0m
[28.048s] [ 65%] [32mBuilding CXX object CMakeFiles/yesense_interface__rosidl_typesupport_fastrtps_cpp.dir/rosidl_typesupport_fastrtps_cpp/yesense_interface/msg/detail/dds_fastrtps/quat__type_support.cpp.o[0m
[28.187s] [ 65%] [32mBuilding CXX object CMakeFiles/yesense_interface__rosidl_typesupport_fastrtps_c.dir/rosidl_typesupport_fastrtps_c/yesense_interface/msg/detail/quat__type_support_c.cpp.o[0m
[28.241s] [ 65%] [32mBuilding CXX object CMakeFiles/yesense_interface__rosidl_typesupport_introspection_cpp.dir/rosidl_typesupport_introspection_cpp/yesense_interface/msg/detail/gnss_pos__type_support.cpp.o[0m
[28.283s] [ 66%] [32mBuilding CXX object CMakeFiles/yesense_interface__rosidl_typesupport_fastrtps_cpp.dir/rosidl_typesupport_fastrtps_cpp/yesense_interface/msg/detail/dds_fastrtps/gnss_pos__type_support.cpp.o[0m
[28.313s] [ 67%] [32mBuilding CXX object CMakeFiles/yesense_interface__rosidl_typesupport_fastrtps_c.dir/rosidl_typesupport_fastrtps_c/yesense_interface/msg/detail/gnss_pos__type_support_c.cpp.o[0m
[28.685s] [ 68%] [32mBuilding CXX object CMakeFiles/yesense_interface__rosidl_typesupport_cpp.dir/rosidl_typesupport_cpp/yesense_interface/msg/pos_only__type_support.cpp.o[0m
[28.977s] [ 68%] [32mBuilding CXX object CMakeFiles/yesense_interface__rosidl_typesupport_cpp.dir/rosidl_typesupport_cpp/yesense_interface/msg/nav_min__type_support.cpp.o[0m
[29.334s] [ 68%] [32mBuilding CXX object CMakeFiles/yesense_interface__rosidl_typesupport_fastrtps_c.dir/rosidl_typesupport_fastrtps_c/yesense_interface/msg/detail/nav_status__type_support_c.cpp.o[0m
[29.339s] [ 69%] [32mBuilding CXX object CMakeFiles/yesense_interface__rosidl_typesupport_cpp.dir/rosidl_typesupport_cpp/yesense_interface/msg/nav_min_utc__type_support.cpp.o[0m
[29.363s] [ 70%] [32mBuilding CXX object CMakeFiles/yesense_interface__rosidl_typesupport_introspection_cpp.dir/rosidl_typesupport_introspection_cpp/yesense_interface/msg/detail/nav_status__type_support.cpp.o[0m
[29.475s] [ 70%] [32mBuilding CXX object CMakeFiles/yesense_interface__rosidl_typesupport_introspection_cpp.dir/rosidl_typesupport_introspection_cpp/yesense_interface/msg/detail/vel__type_support.cpp.o[0m
[29.539s] [ 71%] [32mBuilding CXX object CMakeFiles/yesense_interface__rosidl_typesupport_fastrtps_c.dir/rosidl_typesupport_fastrtps_c/yesense_interface/msg/detail/vel__type_support_c.cpp.o[0m
[29.556s] [ 71%] [32mBuilding CXX object CMakeFiles/yesense_interface__rosidl_typesupport_fastrtps_cpp.dir/rosidl_typesupport_fastrtps_cpp/yesense_interface/msg/detail/dds_fastrtps/nav_status__type_support.cpp.o[0m
[29.592s] [ 71%] [32mBuilding CXX object CMakeFiles/yesense_interface__rosidl_typesupport_cpp.dir/rosidl_typesupport_cpp/yesense_interface/msg/nav_all__type_support.cpp.o[0m
[30.198s] [ 71%] [32mBuilding CXX object CMakeFiles/yesense_interface__rosidl_typesupport_introspection_cpp.dir/rosidl_typesupport_introspection_cpp/yesense_interface/msg/detail/utc__type_support.cpp.o[0m
[30.281s] [ 72%] [32mBuilding CXX object CMakeFiles/yesense_interface__rosidl_typesupport_introspection_cpp.dir/rosidl_typesupport_introspection_cpp/yesense_interface/msg/detail/sample_timestamp__type_support.cpp.o[0m
[30.337s] [ 72%] [32m[1mLinking CXX shared library libyesense_interface__rosidl_typesupport_cpp.so[0m
[30.484s] [ 72%] Built target yesense_interface__rosidl_typesupport_cpp
[30.521s] [ 72%] [32mBuilding CXX object CMakeFiles/yesense_interface__rosidl_typesupport_introspection_cpp.dir/rosidl_typesupport_introspection_cpp/yesense_interface/msg/detail/imu_data__type_support.cpp.o[0m
[30.611s] [ 72%] [32mBuilding CXX object CMakeFiles/yesense_interface__rosidl_typesupport_fastrtps_c.dir/rosidl_typesupport_fastrtps_c/yesense_interface/msg/detail/utc__type_support_c.cpp.o[0m
[30.759s] [ 73%] [32mBuilding CXX object CMakeFiles/yesense_interface__rosidl_typesupport_introspection_cpp.dir/rosidl_typesupport_introspection_cpp/yesense_interface/msg/detail/imu_data_ten_axis__type_support.cpp.o[0m
[30.874s] [ 73%] [32mBuilding CXX object CMakeFiles/yesense_interface__rosidl_typesupport_fastrtps_c.dir/rosidl_typesupport_fastrtps_c/yesense_interface/msg/detail/sample_timestamp__type_support_c.cpp.o[0m
[31.031s] [ 73%] [32mBuilding CXX object CMakeFiles/yesense_interface__rosidl_typesupport_introspection_cpp.dir/rosidl_typesupport_introspection_cpp/yesense_interface/msg/detail/euler_only__type_support.cpp.o[0m
[31.190s] [ 73%] [32mBuilding CXX object CMakeFiles/yesense_interface__rosidl_typesupport_introspection_cpp.dir/rosidl_typesupport_introspection_cpp/yesense_interface/msg/detail/robot_lord__type_support.cpp.o[0m
[31.277s] [ 73%] [32mBuilding CXX object CMakeFiles/yesense_interface__rosidl_typesupport_fastrtps_cpp.dir/rosidl_typesupport_fastrtps_cpp/yesense_interface/msg/detail/dds_fastrtps/vel__type_support.cpp.o[0m
[31.346s] [ 74%] [32mBuilding CXX object CMakeFiles/yesense_interface__rosidl_typesupport_fastrtps_c.dir/rosidl_typesupport_fastrtps_c/yesense_interface/msg/detail/imu_data__type_support_c.cpp.o[0m
[31.685s] [ 75%] [32mBuilding CXX object CMakeFiles/yesense_interface__rosidl_typesupport_introspection_cpp.dir/rosidl_typesupport_introspection_cpp/yesense_interface/msg/detail/attitude_min_vru__type_support.cpp.o[0m
[32.141s] [ 76%] [32mBuilding CXX object CMakeFiles/yesense_interface__rosidl_typesupport_fastrtps_cpp.dir/rosidl_typesupport_fastrtps_cpp/yesense_interface/msg/detail/dds_fastrtps/utc__type_support.cpp.o[0m
[32.159s] [ 76%] [32mBuilding CXX object CMakeFiles/yesense_interface__rosidl_typesupport_introspection_cpp.dir/rosidl_typesupport_introspection_cpp/yesense_interface/msg/detail/attitude_min_ahrs__type_support.cpp.o[0m
[32.236s] [ 77%] [32mBuilding CXX object CMakeFiles/yesense_interface__rosidl_typesupport_introspection_cpp.dir/rosidl_typesupport_introspection_cpp/yesense_interface/msg/detail/attitude_all_data__type_support.cpp.o[0m
[32.291s] [ 77%] [32mBuilding CXX object CMakeFiles/yesense_interface__rosidl_typesupport_fastrtps_c.dir/rosidl_typesupport_fastrtps_c/yesense_interface/msg/detail/imu_data_ten_axis__type_support_c.cpp.o[0m
[32.627s] [ 78%] [32mBuilding CXX object CMakeFiles/yesense_interface__rosidl_typesupport_fastrtps_c.dir/rosidl_typesupport_fastrtps_c/yesense_interface/msg/detail/euler_only__type_support_c.cpp.o[0m
[33.067s] [ 78%] [32mBuilding CXX object CMakeFiles/yesense_interface__rosidl_typesupport_fastrtps_cpp.dir/rosidl_typesupport_fastrtps_cpp/yesense_interface/msg/detail/dds_fastrtps/sample_timestamp__type_support.cpp.o[0m
[33.165s] [ 78%] [32mBuilding CXX object CMakeFiles/yesense_interface__rosidl_typesupport_introspection_cpp.dir/rosidl_typesupport_introspection_cpp/yesense_interface/msg/detail/pos_only__type_support.cpp.o[0m
[33.205s] [ 78%] [32mBuilding CXX object CMakeFiles/yesense_interface__rosidl_typesupport_introspection_cpp.dir/rosidl_typesupport_introspection_cpp/yesense_interface/msg/detail/nav_min__type_support.cpp.o[0m
[33.568s] [ 78%] [32mBuilding CXX object CMakeFiles/yesense_interface__rosidl_typesupport_fastrtps_cpp.dir/rosidl_typesupport_fastrtps_cpp/yesense_interface/msg/detail/dds_fastrtps/imu_data_ten_axis__type_support.cpp.o[0m
[33.574s] [ 79%] [32mBuilding CXX object CMakeFiles/yesense_interface__rosidl_typesupport_fastrtps_cpp.dir/rosidl_typesupport_fastrtps_cpp/yesense_interface/msg/detail/dds_fastrtps/imu_data__type_support.cpp.o[0m
[33.614s] [ 79%] [32mBuilding CXX object CMakeFiles/yesense_interface__rosidl_typesupport_fastrtps_c.dir/rosidl_typesupport_fastrtps_c/yesense_interface/msg/detail/robot_lord__type_support_c.cpp.o[0m
[33.634s] [ 79%] [32mBuilding CXX object CMakeFiles/yesense_interface__rosidl_typesupport_fastrtps_c.dir/rosidl_typesupport_fastrtps_c/yesense_interface/msg/detail/attitude_min_vru__type_support_c.cpp.o[0m
[33.896s] [ 79%] [32mBuilding CXX object CMakeFiles/yesense_interface__rosidl_typesupport_fastrtps_cpp.dir/rosidl_typesupport_fastrtps_cpp/yesense_interface/msg/detail/dds_fastrtps/euler_only__type_support.cpp.o[0m
[33.916s] [ 80%] [32mBuilding CXX object CMakeFiles/yesense_interface__rosidl_typesupport_fastrtps_c.dir/rosidl_typesupport_fastrtps_c/yesense_interface/msg/detail/attitude_min_ahrs__type_support_c.cpp.o[0m
[33.987s] [ 81%] [32mBuilding CXX object CMakeFiles/yesense_interface__rosidl_typesupport_introspection_cpp.dir/rosidl_typesupport_introspection_cpp/yesense_interface/msg/detail/nav_min_utc__type_support.cpp.o[0m
[34.276s] [ 82%] [32mBuilding CXX object CMakeFiles/yesense_interface__rosidl_typesupport_fastrtps_cpp.dir/rosidl_typesupport_fastrtps_cpp/yesense_interface/msg/detail/dds_fastrtps/robot_lord__type_support.cpp.o[0m
[34.714s] [ 82%] [32mBuilding CXX object CMakeFiles/yesense_interface__rosidl_typesupport_fastrtps_cpp.dir/rosidl_typesupport_fastrtps_cpp/yesense_interface/msg/detail/dds_fastrtps/attitude_min_vru__type_support.cpp.o[0m
[34.771s] [ 83%] [32mBuilding CXX object CMakeFiles/yesense_interface__rosidl_typesupport_fastrtps_cpp.dir/rosidl_typesupport_fastrtps_cpp/yesense_interface/msg/detail/dds_fastrtps/attitude_min_ahrs__type_support.cpp.o[0m
[34.856s] [ 83%] [32mBuilding CXX object CMakeFiles/yesense_interface__rosidl_typesupport_introspection_cpp.dir/rosidl_typesupport_introspection_cpp/yesense_interface/msg/detail/nav_all__type_support.cpp.o[0m
[35.237s] [ 83%] [32mBuilding CXX object CMakeFiles/yesense_interface__rosidl_typesupport_fastrtps_c.dir/rosidl_typesupport_fastrtps_c/yesense_interface/msg/detail/attitude_all_data__type_support_c.cpp.o[0m
[35.675s] [ 84%] [32mBuilding CXX object CMakeFiles/yesense_interface__rosidl_typesupport_fastrtps_c.dir/rosidl_typesupport_fastrtps_c/yesense_interface/msg/detail/pos_only__type_support_c.cpp.o[0m
[35.675s] [ 84%] [32mBuilding CXX object CMakeFiles/yesense_interface__rosidl_typesupport_fastrtps_cpp.dir/rosidl_typesupport_fastrtps_cpp/yesense_interface/msg/detail/dds_fastrtps/attitude_all_data__type_support.cpp.o[0m
[35.946s] [ 85%] [32m[1mLinking CXX shared library libyesense_interface__rosidl_typesupport_introspection_cpp.so[0m
[36.026s] [ 85%] [32mBuilding CXX object CMakeFiles/yesense_interface__rosidl_typesupport_fastrtps_cpp.dir/rosidl_typesupport_fastrtps_cpp/yesense_interface/msg/detail/dds_fastrtps/pos_only__type_support.cpp.o[0m
[36.164s] [ 85%] Built target yesense_interface__rosidl_typesupport_introspection_cpp
[36.173s] [ 86%] [32mBuilding CXX object CMakeFiles/yesense_interface__rosidl_typesupport_fastrtps_cpp.dir/rosidl_typesupport_fastrtps_cpp/yesense_interface/msg/detail/dds_fastrtps/nav_min__type_support.cpp.o[0m
[36.187s] [ 86%] [32mBuilding CXX object CMakeFiles/yesense_interface__rosidl_typesupport_fastrtps_c.dir/rosidl_typesupport_fastrtps_c/yesense_interface/msg/detail/nav_min__type_support_c.cpp.o[0m
[36.223s] [ 86%] [32mBuilding CXX object CMakeFiles/yesense_interface__rosidl_typesupport_fastrtps_c.dir/rosidl_typesupport_fastrtps_c/yesense_interface/msg/detail/nav_min_utc__type_support_c.cpp.o[0m
[36.582s] [ 86%] [32mBuilding CXX object CMakeFiles/yesense_interface__rosidl_typesupport_fastrtps_cpp.dir/rosidl_typesupport_fastrtps_cpp/yesense_interface/msg/detail/dds_fastrtps/nav_min_utc__type_support.cpp.o[0m
[36.714s] [ 87%] [32mBuilding CXX object CMakeFiles/yesense_interface__rosidl_typesupport_fastrtps_cpp.dir/rosidl_typesupport_fastrtps_cpp/yesense_interface/msg/detail/dds_fastrtps/nav_all__type_support.cpp.o[0m
[37.065s] [ 88%] [32mBuilding CXX object CMakeFiles/yesense_interface__rosidl_typesupport_fastrtps_c.dir/rosidl_typesupport_fastrtps_c/yesense_interface/msg/detail/nav_all__type_support_c.cpp.o[0m
[38.057s] [ 88%] [32m[1mLinking CXX shared library libyesense_interface__rosidl_typesupport_fastrtps_cpp.so[0m
[38.094s] [ 88%] [32m[1mLinking CXX shared library libyesense_interface__rosidl_typesupport_fastrtps_c.so[0m
[38.186s] [ 88%] Built target yesense_interface__rosidl_typesupport_fastrtps_cpp
[38.236s] [ 88%] Built target yesense_interface__rosidl_typesupport_fastrtps_c
[38.277s] [ 88%] Built target yesense_interface
[38.355s] [ 88%] [34m[1mGenerating Python code for ROS interfaces[0m
[40.663s] [ 88%] Built target yesense_interface__py
[40.738s] [ 88%] [32mBuilding C object CMakeFiles/yesense_interface__rosidl_generator_py.dir/rosidl_generator_py/yesense_interface/msg/_sensor_temp_s.c.o[0m
[40.738s] [ 89%] [32mBuilding C object CMakeFiles/yesense_interface__rosidl_generator_py.dir/rosidl_generator_py/yesense_interface/msg/_tid_s.c.o[0m
[40.738s] [ 89%] [32mBuilding C object CMakeFiles/yesense_interface__rosidl_generator_py.dir/rosidl_generator_py/yesense_interface/msg/_three_axis_s.c.o[0m
[40.747s] [ 90%] [32mBuilding C object CMakeFiles/yesense_interface__rosidl_generator_py.dir/rosidl_generator_py/yesense_interface/msg/_pressure_s.c.o[0m
[40.752s] [ 90%] [32mBuilding C object CMakeFiles/yesense_interface__rosidl_generator_py.dir/rosidl_generator_py/yesense_interface/msg/_nav_status_s.c.o[0m
[40.763s] [ 91%] [32mBuilding C object CMakeFiles/yesense_interface__rosidl_generator_py.dir/rosidl_generator_py/yesense_interface/msg/_euler_angle_s.c.o[0m
[40.764s] [ 91%] [32mBuilding C object CMakeFiles/yesense_interface__rosidl_generator_py.dir/rosidl_generator_py/yesense_interface/msg/_quat_s.c.o[0m
[40.768s] [ 91%] [32mBuilding C object CMakeFiles/yesense_interface__rosidl_generator_py.dir/rosidl_generator_py/yesense_interface/msg/_gnss_pos_s.c.o[0m
[41.000s] [ 92%] [32mBuilding C object CMakeFiles/yesense_interface__rosidl_generator_py.dir/rosidl_generator_py/yesense_interface/msg/_vel_s.c.o[0m
[41.003s] [ 92%] [32mBuilding C object CMakeFiles/yesense_interface__rosidl_generator_py.dir/rosidl_generator_py/yesense_interface/msg/_utc_s.c.o[0m
[41.010s] [ 93%] [32mBuilding C object CMakeFiles/yesense_interface__rosidl_generator_py.dir/rosidl_generator_py/yesense_interface/msg/_sample_timestamp_s.c.o[0m
[41.014s] [ 93%] [32mBuilding C object CMakeFiles/yesense_interface__rosidl_generator_py.dir/rosidl_generator_py/yesense_interface/msg/_imu_data_s.c.o[0m
[41.119s] [ 94%] [32mBuilding C object CMakeFiles/yesense_interface__rosidl_generator_py.dir/rosidl_generator_py/yesense_interface/msg/_euler_only_s.c.o[0m
[41.143s] [ 94%] [32mBuilding C object CMakeFiles/yesense_interface__rosidl_generator_py.dir/rosidl_generator_py/yesense_interface/msg/_imu_data_ten_axis_s.c.o[0m
[41.178s] [ 94%] [32mBuilding C object CMakeFiles/yesense_interface__rosidl_generator_py.dir/rosidl_generator_py/yesense_interface/msg/_robot_lord_s.c.o[0m
[41.209s] [ 94%] [32mBuilding C object CMakeFiles/yesense_interface__rosidl_generator_py.dir/rosidl_generator_py/yesense_interface/msg/_attitude_all_data_s.c.o[0m
[41.211s] [ 95%] [32mBuilding C object CMakeFiles/yesense_interface__rosidl_generator_py.dir/rosidl_generator_py/yesense_interface/msg/_attitude_min_vru_s.c.o[0m
[41.231s] [ 95%] [32mBuilding C object CMakeFiles/yesense_interface__rosidl_generator_py.dir/rosidl_generator_py/yesense_interface/msg/_attitude_min_ahrs_s.c.o[0m
[41.232s] [ 96%] [32mBuilding C object CMakeFiles/yesense_interface__rosidl_generator_py.dir/rosidl_generator_py/yesense_interface/msg/_pos_only_s.c.o[0m
[41.303s] [ 96%] [32mBuilding C object CMakeFiles/yesense_interface__rosidl_generator_py.dir/rosidl_generator_py/yesense_interface/msg/_nav_min_s.c.o[0m
[41.346s] [ 97%] [32mBuilding C object CMakeFiles/yesense_interface__rosidl_generator_py.dir/rosidl_generator_py/yesense_interface/msg/_nav_min_utc_s.c.o[0m
[41.374s] [ 97%] [32mBuilding C object CMakeFiles/yesense_interface__rosidl_generator_py.dir/rosidl_generator_py/yesense_interface/msg/_nav_all_s.c.o[0m
[41.611s] [ 97%] [32m[1mLinking C shared library libyesense_interface__rosidl_generator_py.so[0m
[41.728s] [ 97%] Built target yesense_interface__rosidl_generator_py
[41.787s] [ 97%] [32mBuilding C object CMakeFiles/yesense_interface_s__rosidl_typesupport_fastrtps_c.dir/rosidl_generator_py/yesense_interface/_yesense_interface_s.ep.rosidl_typesupport_fastrtps_c.c.o[0m
[41.804s] [ 97%] [32mBuilding C object CMakeFiles/yesense_interface_s__rosidl_typesupport_introspection_c.dir/rosidl_generator_py/yesense_interface/_yesense_interface_s.ep.rosidl_typesupport_introspection_c.c.o[0m
[41.812s] [ 97%] [32mBuilding C object CMakeFiles/yesense_interface_s__rosidl_typesupport_c.dir/rosidl_generator_py/yesense_interface/_yesense_interface_s.ep.rosidl_typesupport_c.c.o[0m
[42.075s] [ 98%] [32m[1mLinking C shared module rosidl_generator_py/yesense_interface/yesense_interface_s__rosidl_typesupport_introspection_c.so[0m
[42.098s] [ 99%] [32m[1mLinking C shared module rosidl_generator_py/yesense_interface/yesense_interface_s__rosidl_typesupport_c.so[0m
[42.099s] [100%] [32m[1mLinking C shared module rosidl_generator_py/yesense_interface/yesense_interface_s__rosidl_typesupport_fastrtps_c.so[0m
[42.133s] [100%] Built target yesense_interface_s__rosidl_typesupport_introspection_c
[42.184s] [100%] Built target yesense_interface_s__rosidl_typesupport_c
[42.215s] [100%] Built target yesense_interface_s__rosidl_typesupport_fastrtps_c
[42.268s] Invoked command in '/home/ubuntu/rb3302_final_proj_code/robot_ws/build/yesense_interface' returned '0': CMAKE_PREFIX_PATH=${CMAKE_PREFIX_PATH}:/opt/ros/jazzy /usr/bin/cmake --build /home/ubuntu/rb3302_final_proj_code/robot_ws/build/yesense_interface -- -j8 -l8
[42.276s] Invoking command in '/home/ubuntu/rb3302_final_proj_code/robot_ws/build/yesense_interface': CMAKE_PREFIX_PATH=${CMAKE_PREFIX_PATH}:/opt/ros/jazzy /usr/bin/cmake --install /home/ubuntu/rb3302_final_proj_code/robot_ws/build/yesense_interface
[42.296s] -- Install configuration: ""
[42.298s] -- Execute custom install script
[42.299s] -- Symlinking: /home/ubuntu/rb3302_final_proj_code/robot_ws/install/yesense_interface/share/ament_index/resource_index/rosidl_interfaces/yesense_interface
[42.315s] -- Symlinking: /home/ubuntu/rb3302_final_proj_code/robot_ws/install/yesense_interface/share/yesense_interface/msg/Tid.json
[42.331s] -- Symlinking: /home/ubuntu/rb3302_final_proj_code/robot_ws/install/yesense_interface/share/yesense_interface/msg/ThreeAxis.json
[42.348s] -- Symlinking: /home/ubuntu/rb3302_final_proj_code/robot_ws/install/yesense_interface/share/yesense_interface/msg/SensorTemp.json
[42.365s] -- Symlinking: /home/ubuntu/rb3302_final_proj_code/robot_ws/install/yesense_interface/share/yesense_interface/msg/Pressure.json
[42.383s] -- Symlinking: /home/ubuntu/rb3302_final_proj_code/robot_ws/install/yesense_interface/share/yesense_interface/msg/EulerAngle.json
[42.400s] -- Symlinking: /home/ubuntu/rb3302_final_proj_code/robot_ws/install/yesense_interface/share/yesense_interface/msg/Quat.json
[42.419s] -- Symlinking: /home/ubuntu/rb3302_final_proj_code/robot_ws/install/yesense_interface/share/yesense_interface/msg/GnssPos.json
[42.439s] -- Symlinking: /home/ubuntu/rb3302_final_proj_code/robot_ws/install/yesense_interface/share/yesense_interface/msg/NavStatus.json
[42.460s] -- Symlinking: /home/ubuntu/rb3302_final_proj_code/robot_ws/install/yesense_interface/share/yesense_interface/msg/Vel.json
[42.482s] -- Symlinking: /home/ubuntu/rb3302_final_proj_code/robot_ws/install/yesense_interface/share/yesense_interface/msg/Utc.json
[42.503s] -- Symlinking: /home/ubuntu/rb3302_final_proj_code/robot_ws/install/yesense_interface/share/yesense_interface/msg/SampleTimestamp.json
[42.536s] -- Symlinking: /home/ubuntu/rb3302_final_proj_code/robot_ws/install/yesense_interface/share/yesense_interface/msg/ImuData.json
[42.557s] -- Symlinking: /home/ubuntu/rb3302_final_proj_code/robot_ws/install/yesense_interface/share/yesense_interface/msg/ImuDataTenAxis.json
[42.579s] -- Symlinking: /home/ubuntu/rb3302_final_proj_code/robot_ws/install/yesense_interface/share/yesense_interface/msg/EulerOnly.json
[42.602s] -- Symlinking: /home/ubuntu/rb3302_final_proj_code/robot_ws/install/yesense_interface/share/yesense_interface/msg/RobotLord.json
[42.640s] -- Symlinking: /home/ubuntu/rb3302_final_proj_code/robot_ws/install/yesense_interface/share/yesense_interface/msg/AttitudeMinVru.json
[42.662s] -- Symlinking: /home/ubuntu/rb3302_final_proj_code/robot_ws/install/yesense_interface/share/yesense_interface/msg/AttitudeMinAhrs.json
[42.684s] -- Symlinking: /home/ubuntu/rb3302_final_proj_code/robot_ws/install/yesense_interface/share/yesense_interface/msg/AttitudeAllData.json
[42.706s] -- Symlinking: /home/ubuntu/rb3302_final_proj_code/robot_ws/install/yesense_interface/share/yesense_interface/msg/PosOnly.json
[42.728s] -- Symlinking: /home/ubuntu/rb3302_final_proj_code/robot_ws/install/yesense_interface/share/yesense_interface/msg/NavMin.json
[42.749s] -- Symlinking: /home/ubuntu/rb3302_final_proj_code/robot_ws/install/yesense_interface/share/yesense_interface/msg/NavMinUtc.json
[42.789s] -- Symlinking: /home/ubuntu/rb3302_final_proj_code/robot_ws/install/yesense_interface/share/yesense_interface/msg/NavAll.json
[42.845s] -- Symlinking: /home/ubuntu/rb3302_final_proj_code/robot_ws/install/yesense_interface/include/yesense_interface/yesense_interface/msg/attitude_all_data.h
[42.867s] -- Symlinking: /home/ubuntu/rb3302_final_proj_code/robot_ws/install/yesense_interface/include/yesense_interface/yesense_interface/msg/attitude_min_ahrs.h
[42.888s] -- Symlinking: /home/ubuntu/rb3302_final_proj_code/robot_ws/install/yesense_interface/include/yesense_interface/yesense_interface/msg/attitude_min_vru.h
[42.910s] -- Symlinking: /home/ubuntu/rb3302_final_proj_code/robot_ws/install/yesense_interface/include/yesense_interface/yesense_interface/msg/detail/attitude_all_data__functions.h
[42.948s] -- Symlinking: /home/ubuntu/rb3302_final_proj_code/robot_ws/install/yesense_interface/include/yesense_interface/yesense_interface/msg/detail/attitude_all_data__struct.h
[42.969s] -- Symlinking: /home/ubuntu/rb3302_final_proj_code/robot_ws/install/yesense_interface/include/yesense_interface/yesense_interface/msg/detail/attitude_all_data__type_support.h
[42.989s] -- Symlinking: /home/ubuntu/rb3302_final_proj_code/robot_ws/install/yesense_interface/include/yesense_interface/yesense_interface/msg/detail/attitude_min_ahrs__functions.h
[43.008s] -- Symlinking: /home/ubuntu/rb3302_final_proj_code/robot_ws/install/yesense_interface/include/yesense_interface/yesense_interface/msg/detail/attitude_min_ahrs__struct.h
[43.030s] -- Symlinking: /home/ubuntu/rb3302_final_proj_code/robot_ws/install/yesense_interface/include/yesense_interface/yesense_interface/msg/detail/attitude_min_ahrs__type_support.h
[43.072s] -- Symlinking: /home/ubuntu/rb3302_final_proj_code/robot_ws/install/yesense_interface/include/yesense_interface/yesense_interface/msg/detail/attitude_min_vru__functions.h
[43.093s] -- Symlinking: /home/ubuntu/rb3302_final_proj_code/robot_ws/install/yesense_interface/include/yesense_interface/yesense_interface/msg/detail/attitude_min_vru__struct.h
[43.113s] -- Symlinking: /home/ubuntu/rb3302_final_proj_code/robot_ws/install/yesense_interface/include/yesense_interface/yesense_interface/msg/detail/attitude_min_vru__type_support.h
[43.135s] -- Symlinking: /home/ubuntu/rb3302_final_proj_code/robot_ws/install/yesense_interface/include/yesense_interface/yesense_interface/msg/detail/euler_angle__functions.h
[43.157s] -- Symlinking: /home/ubuntu/rb3302_final_proj_code/robot_ws/install/yesense_interface/include/yesense_interface/yesense_interface/msg/detail/euler_angle__struct.h
[43.177s] -- Symlinking: /home/ubuntu/rb3302_final_proj_code/robot_ws/install/yesense_interface/include/yesense_interface/yesense_interface/msg/detail/euler_angle__type_support.h
[43.216s] -- Symlinking: /home/ubuntu/rb3302_final_proj_code/robot_ws/install/yesense_interface/include/yesense_interface/yesense_interface/msg/detail/euler_only__functions.h
[43.238s] -- Symlinking: /home/ubuntu/rb3302_final_proj_code/robot_ws/install/yesense_interface/include/yesense_interface/yesense_interface/msg/detail/euler_only__struct.h
[43.254s] -- Symlinking: /home/ubuntu/rb3302_final_proj_code/robot_ws/install/yesense_interface/include/yesense_interface/yesense_interface/msg/detail/euler_only__type_support.h
[43.272s] -- Symlinking: /home/ubuntu/rb3302_final_proj_code/robot_ws/install/yesense_interface/include/yesense_interface/yesense_interface/msg/detail/gnss_pos__functions.h
[43.292s] -- Symlinking: /home/ubuntu/rb3302_final_proj_code/robot_ws/install/yesense_interface/include/yesense_interface/yesense_interface/msg/detail/gnss_pos__struct.h
[43.311s] -- Symlinking: /home/ubuntu/rb3302_final_proj_code/robot_ws/install/yesense_interface/include/yesense_interface/yesense_interface/msg/detail/gnss_pos__type_support.h
[43.330s] -- Symlinking: /home/ubuntu/rb3302_final_proj_code/robot_ws/install/yesense_interface/include/yesense_interface/yesense_interface/msg/detail/imu_data__functions.h
[43.349s] -- Symlinking: /home/ubuntu/rb3302_final_proj_code/robot_ws/install/yesense_interface/include/yesense_interface/yesense_interface/msg/detail/imu_data__struct.h
[43.367s] -- Symlinking: /home/ubuntu/rb3302_final_proj_code/robot_ws/install/yesense_interface/include/yesense_interface/yesense_interface/msg/detail/imu_data__type_support.h
[43.388s] -- Symlinking: /home/ubuntu/rb3302_final_proj_code/robot_ws/install/yesense_interface/include/yesense_interface/yesense_interface/msg/detail/imu_data_ten_axis__functions.h
[43.410s] -- Symlinking: /home/ubuntu/rb3302_final_proj_code/robot_ws/install/yesense_interface/include/yesense_interface/yesense_interface/msg/detail/imu_data_ten_axis__struct.h
[43.432s] -- Symlinking: /home/ubuntu/rb3302_final_proj_code/robot_ws/install/yesense_interface/include/yesense_interface/yesense_interface/msg/detail/imu_data_ten_axis__type_support.h
[43.453s] -- Symlinking: /home/ubuntu/rb3302_final_proj_code/robot_ws/install/yesense_interface/include/yesense_interface/yesense_interface/msg/detail/nav_all__functions.h
[43.475s] -- Symlinking: /home/ubuntu/rb3302_final_proj_code/robot_ws/install/yesense_interface/include/yesense_interface/yesense_interface/msg/detail/nav_all__struct.h
[43.496s] -- Symlinking: /home/ubuntu/rb3302_final_proj_code/robot_ws/install/yesense_interface/include/yesense_interface/yesense_interface/msg/detail/nav_all__type_support.h
[43.518s] -- Symlinking: /home/ubuntu/rb3302_final_proj_code/robot_ws/install/yesense_interface/include/yesense_interface/yesense_interface/msg/detail/nav_min__functions.h
[43.538s] -- Symlinking: /home/ubuntu/rb3302_final_proj_code/robot_ws/install/yesense_interface/include/yesense_interface/yesense_interface/msg/detail/nav_min__struct.h
[43.559s] -- Symlinking: /home/ubuntu/rb3302_final_proj_code/robot_ws/install/yesense_interface/include/yesense_interface/yesense_interface/msg/detail/nav_min__type_support.h
[43.598s] -- Symlinking: /home/ubuntu/rb3302_final_proj_code/robot_ws/install/yesense_interface/include/yesense_interface/yesense_interface/msg/detail/nav_min_utc__functions.h
[43.619s] -- Symlinking: /home/ubuntu/rb3302_final_proj_code/robot_ws/install/yesense_interface/include/yesense_interface/yesense_interface/msg/detail/nav_min_utc__struct.h
[43.640s] -- Symlinking: /home/ubuntu/rb3302_final_proj_code/robot_ws/install/yesense_interface/include/yesense_interface/yesense_interface/msg/detail/nav_min_utc__type_support.h
[43.662s] -- Symlinking: /home/ubuntu/rb3302_final_proj_code/robot_ws/install/yesense_interface/include/yesense_interface/yesense_interface/msg/detail/nav_status__functions.h
[43.683s] -- Symlinking: /home/ubuntu/rb3302_final_proj_code/robot_ws/install/yesense_interface/include/yesense_interface/yesense_interface/msg/detail/nav_status__struct.h
[43.704s] -- Symlinking: /home/ubuntu/rb3302_final_proj_code/robot_ws/install/yesense_interface/include/yesense_interface/yesense_interface/msg/detail/nav_status__type_support.h
[43.726s] -- Symlinking: /home/ubuntu/rb3302_final_proj_code/robot_ws/install/yesense_interface/include/yesense_interface/yesense_interface/msg/detail/pos_only__functions.h
[43.744s] -- Symlinking: /home/ubuntu/rb3302_final_proj_code/robot_ws/install/yesense_interface/include/yesense_interface/yesense_interface/msg/detail/pos_only__struct.h
[43.764s] -- Symlinking: /home/ubuntu/rb3302_final_proj_code/robot_ws/install/yesense_interface/include/yesense_interface/yesense_interface/msg/detail/pos_only__type_support.h
[43.805s] -- Symlinking: /home/ubuntu/rb3302_final_proj_code/robot_ws/install/yesense_interface/include/yesense_interface/yesense_interface/msg/detail/pressure__functions.h
[43.827s] -- Symlinking: /home/ubuntu/rb3302_final_proj_code/robot_ws/install/yesense_interface/include/yesense_interface/yesense_interface/msg/detail/pressure__struct.h
[43.849s] -- Symlinking: /home/ubuntu/rb3302_final_proj_code/robot_ws/install/yesense_interface/include/yesense_interface/yesense_interface/msg/detail/pressure__type_support.h
[43.870s] -- Symlinking: /home/ubuntu/rb3302_final_proj_code/robot_ws/install/yesense_interface/include/yesense_interface/yesense_interface/msg/detail/quat__functions.h
[43.892s] -- Symlinking: /home/ubuntu/rb3302_final_proj_code/robot_ws/install/yesense_interface/include/yesense_interface/yesense_interface/msg/detail/quat__struct.h
[43.914s] -- Symlinking: /home/ubuntu/rb3302_final_proj_code/robot_ws/install/yesense_interface/include/yesense_interface/yesense_interface/msg/detail/quat__type_support.h
[43.945s] -- Symlinking: /home/ubuntu/rb3302_final_proj_code/robot_ws/install/yesense_interface/include/yesense_interface/yesense_interface/msg/detail/robot_lord__functions.h
[43.967s] -- Symlinking: /home/ubuntu/rb3302_final_proj_code/robot_ws/install/yesense_interface/include/yesense_interface/yesense_interface/msg/detail/robot_lord__struct.h
[43.988s] -- Symlinking: /home/ubuntu/rb3302_final_proj_code/robot_ws/install/yesense_interface/include/yesense_interface/yesense_interface/msg/detail/robot_lord__type_support.h
[44.008s] -- Symlinking: /home/ubuntu/rb3302_final_proj_code/robot_ws/install/yesense_interface/include/yesense_interface/yesense_interface/msg/detail/sample_timestamp__functions.h
[44.050s] -- Symlinking: /home/ubuntu/rb3302_final_proj_code/robot_ws/install/yesense_interface/include/yesense_interface/yesense_interface/msg/detail/sample_timestamp__struct.h
[44.070s] -- Symlinking: /home/ubuntu/rb3302_final_proj_code/robot_ws/install/yesense_interface/include/yesense_interface/yesense_interface/msg/detail/sample_timestamp__type_support.h
[44.092s] -- Symlinking: /home/ubuntu/rb3302_final_proj_code/robot_ws/install/yesense_interface/include/yesense_interface/yesense_interface/msg/detail/sensor_temp__functions.h
[44.115s] -- Symlinking: /home/ubuntu/rb3302_final_proj_code/robot_ws/install/yesense_interface/include/yesense_interface/yesense_interface/msg/detail/sensor_temp__struct.h
[44.136s] -- Symlinking: /home/ubuntu/rb3302_final_proj_code/robot_ws/install/yesense_interface/include/yesense_interface/yesense_interface/msg/detail/sensor_temp__type_support.h
[44.157s] -- Symlinking: /home/ubuntu/rb3302_final_proj_code/robot_ws/install/yesense_interface/include/yesense_interface/yesense_interface/msg/detail/three_axis__functions.h
[44.178s] -- Symlinking: /home/ubuntu/rb3302_final_proj_code/robot_ws/install/yesense_interface/include/yesense_interface/yesense_interface/msg/detail/three_axis__struct.h
[44.198s] -- Symlinking: /home/ubuntu/rb3302_final_proj_code/robot_ws/install/yesense_interface/include/yesense_interface/yesense_interface/msg/detail/three_axis__type_support.h
[44.220s] -- Symlinking: /home/ubuntu/rb3302_final_proj_code/robot_ws/install/yesense_interface/include/yesense_interface/yesense_interface/msg/detail/tid__functions.h
[44.243s] -- Symlinking: /home/ubuntu/rb3302_final_proj_code/robot_ws/install/yesense_interface/include/yesense_interface/yesense_interface/msg/detail/tid__struct.h
[44.264s] -- Symlinking: /home/ubuntu/rb3302_final_proj_code/robot_ws/install/yesense_interface/include/yesense_interface/yesense_interface/msg/detail/tid__type_support.h
[44.286s] -- Symlinking: /home/ubuntu/rb3302_final_proj_code/robot_ws/install/yesense_interface/include/yesense_interface/yesense_interface/msg/detail/utc__functions.h
[44.307s] -- Symlinking: /home/ubuntu/rb3302_final_proj_code/robot_ws/install/yesense_interface/include/yesense_interface/yesense_interface/msg/detail/utc__struct.h
[44.328s] -- Symlinking: /home/ubuntu/rb3302_final_proj_code/robot_ws/install/yesense_interface/include/yesense_interface/yesense_interface/msg/detail/utc__type_support.h
[44.351s] -- Symlinking: /home/ubuntu/rb3302_final_proj_code/robot_ws/install/yesense_interface/include/yesense_interface/yesense_interface/msg/detail/vel__functions.h
[44.367s] -- Symlinking: /home/ubuntu/rb3302_final_proj_code/robot_ws/install/yesense_interface/include/yesense_interface/yesense_interface/msg/detail/vel__struct.h
[44.406s] -- Symlinking: /home/ubuntu/rb3302_final_proj_code/robot_ws/install/yesense_interface/include/yesense_interface/yesense_interface/msg/detail/vel__type_support.h
[44.442s] -- Symlinking: /home/ubuntu/rb3302_final_proj_code/robot_ws/install/yesense_interface/include/yesense_interface/yesense_interface/msg/euler_angle.h
[44.483s] -- Symlinking: /home/ubuntu/rb3302_final_proj_code/robot_ws/install/yesense_interface/include/yesense_interface/yesense_interface/msg/euler_only.h
[44.503s] -- Symlinking: /home/ubuntu/rb3302_final_proj_code/robot_ws/install/yesense_interface/include/yesense_interface/yesense_interface/msg/gnss_pos.h
[44.529s] -- Symlinking: /home/ubuntu/rb3302_final_proj_code/robot_ws/install/yesense_interface/include/yesense_interface/yesense_interface/msg/imu_data.h
[44.548s] -- Symlinking: /home/ubuntu/rb3302_final_proj_code/robot_ws/install/yesense_interface/include/yesense_interface/yesense_interface/msg/imu_data_ten_axis.h
[44.571s] -- Symlinking: /home/ubuntu/rb3302_final_proj_code/robot_ws/install/yesense_interface/include/yesense_interface/yesense_interface/msg/nav_all.h
[44.597s] -- Symlinking: /home/ubuntu/rb3302_final_proj_code/robot_ws/install/yesense_interface/include/yesense_interface/yesense_interface/msg/nav_min.h
[44.615s] -- Symlinking: /home/ubuntu/rb3302_final_proj_code/robot_ws/install/yesense_interface/include/yesense_interface/yesense_interface/msg/nav_min_utc.h
[44.641s] -- Symlinking: /home/ubuntu/rb3302_final_proj_code/robot_ws/install/yesense_interface/include/yesense_interface/yesense_interface/msg/nav_status.h
[44.659s] -- Symlinking: /home/ubuntu/rb3302_final_proj_code/robot_ws/install/yesense_interface/include/yesense_interface/yesense_interface/msg/pos_only.h
[44.683s] -- Symlinking: /home/ubuntu/rb3302_final_proj_code/robot_ws/install/yesense_interface/include/yesense_interface/yesense_interface/msg/pressure.h
[44.708s] -- Symlinking: /home/ubuntu/rb3302_final_proj_code/robot_ws/install/yesense_interface/include/yesense_interface/yesense_interface/msg/quat.h
[44.729s] -- Symlinking: /home/ubuntu/rb3302_final_proj_code/robot_ws/install/yesense_interface/include/yesense_interface/yesense_interface/msg/robot_lord.h
[44.748s] -- Symlinking: /home/ubuntu/rb3302_final_proj_code/robot_ws/install/yesense_interface/include/yesense_interface/yesense_interface/msg/rosidl_generator_c__visibility_control.h
[44.791s] -- Symlinking: /home/ubuntu/rb3302_final_proj_code/robot_ws/install/yesense_interface/include/yesense_interface/yesense_interface/msg/sample_timestamp.h
[44.817s] -- Symlinking: /home/ubuntu/rb3302_final_proj_code/robot_ws/install/yesense_interface/include/yesense_interface/yesense_interface/msg/sensor_temp.h
[44.836s] -- Symlinking: /home/ubuntu/rb3302_final_proj_code/robot_ws/install/yesense_interface/include/yesense_interface/yesense_interface/msg/three_axis.h
[44.861s] -- Symlinking: /home/ubuntu/rb3302_final_proj_code/robot_ws/install/yesense_interface/include/yesense_interface/yesense_interface/msg/tid.h
[44.879s] -- Symlinking: /home/ubuntu/rb3302_final_proj_code/robot_ws/install/yesense_interface/include/yesense_interface/yesense_interface/msg/utc.h
[44.905s] -- Symlinking: /home/ubuntu/rb3302_final_proj_code/robot_ws/install/yesense_interface/include/yesense_interface/yesense_interface/msg/vel.h
[44.927s] -- Symlinking: /home/ubuntu/rb3302_final_proj_code/robot_ws/install/yesense_interface/share/yesense_interface/environment/library_path.sh
[44.954s] -- Symlinking: /home/ubuntu/rb3302_final_proj_code/robot_ws/install/yesense_interface/share/yesense_interface/environment/library_path.dsv
[44.986s] -- Symlinking: /home/ubuntu/rb3302_final_proj_code/robot_ws/install/yesense_interface/include/yesense_interface/yesense_interface/msg/detail/attitude_all_data__rosidl_typesupport_fastrtps_c.h
[45.010s] -- Symlinking: /home/ubuntu/rb3302_final_proj_code/robot_ws/install/yesense_interface/include/yesense_interface/yesense_interface/msg/detail/attitude_min_ahrs__rosidl_typesupport_fastrtps_c.h
[45.029s] -- Symlinking: /home/ubuntu/rb3302_final_proj_code/robot_ws/install/yesense_interface/include/yesense_interface/yesense_interface/msg/detail/attitude_min_vru__rosidl_typesupport_fastrtps_c.h
[45.054s] -- Symlinking: /home/ubuntu/rb3302_final_proj_code/robot_ws/install/yesense_interface/include/yesense_interface/yesense_interface/msg/detail/euler_angle__rosidl_typesupport_fastrtps_c.h
[45.072s] -- Symlinking: /home/ubuntu/rb3302_final_proj_code/robot_ws/install/yesense_interface/include/yesense_interface/yesense_interface/msg/detail/euler_only__rosidl_typesupport_fastrtps_c.h
[45.098s] -- Symlinking: /home/ubuntu/rb3302_final_proj_code/robot_ws/install/yesense_interface/include/yesense_interface/yesense_interface/msg/detail/gnss_pos__rosidl_typesupport_fastrtps_c.h
[45.117s] -- Symlinking: /home/ubuntu/rb3302_final_proj_code/robot_ws/install/yesense_interface/include/yesense_interface/yesense_interface/msg/detail/imu_data__rosidl_typesupport_fastrtps_c.h
[45.142s] -- Symlinking: /home/ubuntu/rb3302_final_proj_code/robot_ws/install/yesense_interface/include/yesense_interface/yesense_interface/msg/detail/imu_data_ten_axis__rosidl_typesupport_fastrtps_c.h
[45.162s] -- Symlinking: /home/ubuntu/rb3302_final_proj_code/robot_ws/install/yesense_interface/include/yesense_interface/yesense_interface/msg/detail/nav_all__rosidl_typesupport_fastrtps_c.h
[45.185s] -- Symlinking: /home/ubuntu/rb3302_final_proj_code/robot_ws/install/yesense_interface/include/yesense_interface/yesense_interface/msg/detail/nav_min__rosidl_typesupport_fastrtps_c.h
[45.212s] -- Symlinking: /home/ubuntu/rb3302_final_proj_code/robot_ws/install/yesense_interface/include/yesense_interface/yesense_interface/msg/detail/nav_min_utc__rosidl_typesupport_fastrtps_c.h
[45.230s] -- Symlinking: /home/ubuntu/rb3302_final_proj_code/robot_ws/install/yesense_interface/include/yesense_interface/yesense_interface/msg/detail/nav_status__rosidl_typesupport_fastrtps_c.h
[45.254s] -- Symlinking: /home/ubuntu/rb3302_final_proj_code/robot_ws/install/yesense_interface/include/yesense_interface/yesense_interface/msg/detail/pos_only__rosidl_typesupport_fastrtps_c.h
[45.274s] -- Symlinking: /home/ubuntu/rb3302_final_proj_code/robot_ws/install/yesense_interface/include/yesense_interface/yesense_interface/msg/detail/pressure__rosidl_typesupport_fastrtps_c.h
[45.299s] -- Symlinking: /home/ubuntu/rb3302_final_proj_code/robot_ws/install/yesense_interface/include/yesense_interface/yesense_interface/msg/detail/quat__rosidl_typesupport_fastrtps_c.h
[45.315s] -- Symlinking: /home/ubuntu/rb3302_final_proj_code/robot_ws/install/yesense_interface/include/yesense_interface/yesense_interface/msg/detail/robot_lord__rosidl_typesupport_fastrtps_c.h
[45.339s] -- Symlinking: /home/ubuntu/rb3302_final_proj_code/robot_ws/install/yesense_interface/include/yesense_interface/yesense_interface/msg/detail/sample_timestamp__rosidl_typesupport_fastrtps_c.h
[45.363s] -- Symlinking: /home/ubuntu/rb3302_final_proj_code/robot_ws/install/yesense_interface/include/yesense_interface/yesense_interface/msg/detail/sensor_temp__rosidl_typesupport_fastrtps_c.h
[45.387s] -- Symlinking: /home/ubuntu/rb3302_final_proj_code/robot_ws/install/yesense_interface/include/yesense_interface/yesense_interface/msg/detail/three_axis__rosidl_typesupport_fastrtps_c.h
[45.405s] -- Symlinking: /home/ubuntu/rb3302_final_proj_code/robot_ws/install/yesense_interface/include/yesense_interface/yesense_interface/msg/detail/tid__rosidl_typesupport_fastrtps_c.h
[45.430s] -- Symlinking: /home/ubuntu/rb3302_final_proj_code/robot_ws/install/yesense_interface/include/yesense_interface/yesense_interface/msg/detail/utc__rosidl_typesupport_fastrtps_c.h
[45.448s] -- Symlinking: /home/ubuntu/rb3302_final_proj_code/robot_ws/install/yesense_interface/include/yesense_interface/yesense_interface/msg/detail/vel__rosidl_typesupport_fastrtps_c.h
[45.488s] -- Symlinking: /home/ubuntu/rb3302_final_proj_code/robot_ws/install/yesense_interface/include/yesense_interface/yesense_interface/msg/rosidl_typesupport_fastrtps_c__visibility_control.h
[45.509s] -- Symlinking: /home/ubuntu/rb3302_final_proj_code/robot_ws/install/yesense_interface/include/yesense_interface/yesense_interface/msg/detail/attitude_all_data__rosidl_typesupport_introspection_c.h
[45.529s] -- Symlinking: /home/ubuntu/rb3302_final_proj_code/robot_ws/install/yesense_interface/include/yesense_interface/yesense_interface/msg/detail/attitude_min_ahrs__rosidl_typesupport_introspection_c.h
[45.565s] -- Symlinking: /home/ubuntu/rb3302_final_proj_code/robot_ws/install/yesense_interface/include/yesense_interface/yesense_interface/msg/detail/attitude_min_vru__rosidl_typesupport_introspection_c.h
[45.603s] -- Symlinking: /home/ubuntu/rb3302_final_proj_code/robot_ws/install/yesense_interface/include/yesense_interface/yesense_interface/msg/detail/euler_angle__rosidl_typesupport_introspection_c.h
[45.634s] -- Symlinking: /home/ubuntu/rb3302_final_proj_code/robot_ws/install/yesense_interface/include/yesense_interface/yesense_interface/msg/detail/euler_only__rosidl_typesupport_introspection_c.h
[45.650s] -- Symlinking: /home/ubuntu/rb3302_final_proj_code/robot_ws/install/yesense_interface/include/yesense_interface/yesense_interface/msg/detail/gnss_pos__rosidl_typesupport_introspection_c.h
[45.673s] -- Symlinking: /home/ubuntu/rb3302_final_proj_code/robot_ws/install/yesense_interface/include/yesense_interface/yesense_interface/msg/detail/imu_data__rosidl_typesupport_introspection_c.h
[45.695s] -- Symlinking: /home/ubuntu/rb3302_final_proj_code/robot_ws/install/yesense_interface/include/yesense_interface/yesense_interface/msg/detail/imu_data_ten_axis__rosidl_typesupport_introspection_c.h
[45.714s] -- Symlinking: /home/ubuntu/rb3302_final_proj_code/robot_ws/install/yesense_interface/include/yesense_interface/yesense_interface/msg/detail/nav_all__rosidl_typesupport_introspection_c.h
[45.735s] -- Symlinking: /home/ubuntu/rb3302_final_proj_code/robot_ws/install/yesense_interface/include/yesense_interface/yesense_interface/msg/detail/nav_min__rosidl_typesupport_introspection_c.h
[45.755s] -- Symlinking: /home/ubuntu/rb3302_final_proj_code/robot_ws/install/yesense_interface/include/yesense_interface/yesense_interface/msg/detail/nav_min_utc__rosidl_typesupport_introspection_c.h
[45.776s] -- Symlinking: /home/ubuntu/rb3302_final_proj_code/robot_ws/install/yesense_interface/include/yesense_interface/yesense_interface/msg/detail/nav_status__rosidl_typesupport_introspection_c.h
[45.797s] -- Symlinking: /home/ubuntu/rb3302_final_proj_code/robot_ws/install/yesense_interface/include/yesense_interface/yesense_interface/msg/detail/pos_only__rosidl_typesupport_introspection_c.h
[45.818s] -- Symlinking: /home/ubuntu/rb3302_final_proj_code/robot_ws/install/yesense_interface/include/yesense_interface/yesense_interface/msg/detail/pressure__rosidl_typesupport_introspection_c.h
[45.858s] -- Symlinking: /home/ubuntu/rb3302_final_proj_code/robot_ws/install/yesense_interface/include/yesense_interface/yesense_interface/msg/detail/quat__rosidl_typesupport_introspection_c.h
[45.878s] -- Symlinking: /home/ubuntu/rb3302_final_proj_code/robot_ws/install/yesense_interface/include/yesense_interface/yesense_interface/msg/detail/robot_lord__rosidl_typesupport_introspection_c.h
[45.897s] -- Symlinking: /home/ubuntu/rb3302_final_proj_code/robot_ws/install/yesense_interface/include/yesense_interface/yesense_interface/msg/detail/sample_timestamp__rosidl_typesupport_introspection_c.h
[45.919s] -- Symlinking: /home/ubuntu/rb3302_final_proj_code/robot_ws/install/yesense_interface/include/yesense_interface/yesense_interface/msg/detail/sensor_temp__rosidl_typesupport_introspection_c.h
[45.941s] -- Symlinking: /home/ubuntu/rb3302_final_proj_code/robot_ws/install/yesense_interface/include/yesense_interface/yesense_interface/msg/detail/three_axis__rosidl_typesupport_introspection_c.h
[45.959s] -- Symlinking: /home/ubuntu/rb3302_final_proj_code/robot_ws/install/yesense_interface/include/yesense_interface/yesense_interface/msg/detail/tid__rosidl_typesupport_introspection_c.h
[45.979s] -- Symlinking: /home/ubuntu/rb3302_final_proj_code/robot_ws/install/yesense_interface/include/yesense_interface/yesense_interface/msg/detail/utc__rosidl_typesupport_introspection_c.h
[46.000s] -- Symlinking: /home/ubuntu/rb3302_final_proj_code/robot_ws/install/yesense_interface/include/yesense_interface/yesense_interface/msg/detail/vel__rosidl_typesupport_introspection_c.h
[46.020s] -- Symlinking: /home/ubuntu/rb3302_final_proj_code/robot_ws/install/yesense_interface/include/yesense_interface/yesense_interface/msg/rosidl_typesupport_introspection_c__visibility_control.h
[46.052s] -- Symlinking: /home/ubuntu/rb3302_final_proj_code/robot_ws/install/yesense_interface/include/yesense_interface/yesense_interface/msg/attitude_all_data.hpp
[46.072s] -- Symlinking: /home/ubuntu/rb3302_final_proj_code/robot_ws/install/yesense_interface/include/yesense_interface/yesense_interface/msg/attitude_min_ahrs.hpp
[46.093s] -- Symlinking: /home/ubuntu/rb3302_final_proj_code/robot_ws/install/yesense_interface/include/yesense_interface/yesense_interface/msg/attitude_min_vru.hpp
[46.114s] -- Symlinking: /home/ubuntu/rb3302_final_proj_code/robot_ws/install/yesense_interface/include/yesense_interface/yesense_interface/msg/detail/attitude_all_data__builder.hpp
[46.136s] -- Symlinking: /home/ubuntu/rb3302_final_proj_code/robot_ws/install/yesense_interface/include/yesense_interface/yesense_interface/msg/detail/attitude_all_data__struct.hpp
[46.156s] -- Symlinking: /home/ubuntu/rb3302_final_proj_code/robot_ws/install/yesense_interface/include/yesense_interface/yesense_interface/msg/detail/attitude_all_data__traits.hpp
[46.176s] -- Symlinking: /home/ubuntu/rb3302_final_proj_code/robot_ws/install/yesense_interface/include/yesense_interface/yesense_interface/msg/detail/attitude_all_data__type_support.hpp
[46.196s] -- Symlinking: /home/ubuntu/rb3302_final_proj_code/robot_ws/install/yesense_interface/include/yesense_interface/yesense_interface/msg/detail/attitude_min_ahrs__builder.hpp
[46.237s] -- Symlinking: /home/ubuntu/rb3302_final_proj_code/robot_ws/install/yesense_interface/include/yesense_interface/yesense_interface/msg/detail/attitude_min_ahrs__struct.hpp
[46.258s] -- Symlinking: /home/ubuntu/rb3302_final_proj_code/robot_ws/install/yesense_interface/include/yesense_interface/yesense_interface/msg/detail/attitude_min_ahrs__traits.hpp
[46.279s] -- Symlinking: /home/ubuntu/rb3302_final_proj_code/robot_ws/install/yesense_interface/include/yesense_interface/yesense_interface/msg/detail/attitude_min_ahrs__type_support.hpp
[46.300s] -- Symlinking: /home/ubuntu/rb3302_final_proj_code/robot_ws/install/yesense_interface/include/yesense_interface/yesense_interface/msg/detail/attitude_min_vru__builder.hpp
[46.321s] -- Symlinking: /home/ubuntu/rb3302_final_proj_code/robot_ws/install/yesense_interface/include/yesense_interface/yesense_interface/msg/detail/attitude_min_vru__struct.hpp
[46.341s] -- Symlinking: /home/ubuntu/rb3302_final_proj_code/robot_ws/install/yesense_interface/include/yesense_interface/yesense_interface/msg/detail/attitude_min_vru__traits.hpp
[46.361s] -- Symlinking: /home/ubuntu/rb3302_final_proj_code/robot_ws/install/yesense_interface/include/yesense_interface/yesense_interface/msg/detail/attitude_min_vru__type_support.hpp
[46.382s] -- Symlinking: /home/ubuntu/rb3302_final_proj_code/robot_ws/install/yesense_interface/include/yesense_interface/yesense_interface/msg/detail/euler_angle__builder.hpp
[46.403s] -- Symlinking: /home/ubuntu/rb3302_final_proj_code/robot_ws/install/yesense_interface/include/yesense_interface/yesense_interface/msg/detail/euler_angle__struct.hpp
[46.424s] -- Symlinking: /home/ubuntu/rb3302_final_proj_code/robot_ws/install/yesense_interface/include/yesense_interface/yesense_interface/msg/detail/euler_angle__traits.hpp
[46.446s] -- Symlinking: /home/ubuntu/rb3302_final_proj_code/robot_ws/install/yesense_interface/include/yesense_interface/yesense_interface/msg/detail/euler_angle__type_support.hpp
[46.467s] -- Symlinking: /home/ubuntu/rb3302_final_proj_code/robot_ws/install/yesense_interface/include/yesense_interface/yesense_interface/msg/detail/euler_only__builder.hpp
[46.487s] -- Symlinking: /home/ubuntu/rb3302_final_proj_code/robot_ws/install/yesense_interface/include/yesense_interface/yesense_interface/msg/detail/euler_only__struct.hpp
[46.508s] -- Symlinking: /home/ubuntu/rb3302_final_proj_code/robot_ws/install/yesense_interface/include/yesense_interface/yesense_interface/msg/detail/euler_only__traits.hpp
[46.535s] -- Symlinking: /home/ubuntu/rb3302_final_proj_code/robot_ws/install/yesense_interface/include/yesense_interface/yesense_interface/msg/detail/euler_only__type_support.hpp
[46.554s] -- Symlinking: /home/ubuntu/rb3302_final_proj_code/robot_ws/install/yesense_interface/include/yesense_interface/yesense_interface/msg/detail/gnss_pos__builder.hpp
[46.575s] -- Symlinking: /home/ubuntu/rb3302_final_proj_code/robot_ws/install/yesense_interface/include/yesense_interface/yesense_interface/msg/detail/gnss_pos__struct.hpp
[46.594s] -- Symlinking: /home/ubuntu/rb3302_final_proj_code/robot_ws/install/yesense_interface/include/yesense_interface/yesense_interface/msg/detail/gnss_pos__traits.hpp
[46.612s] -- Symlinking: /home/ubuntu/rb3302_final_proj_code/robot_ws/install/yesense_interface/include/yesense_interface/yesense_interface/msg/detail/gnss_pos__type_support.hpp
[46.630s] -- Symlinking: /home/ubuntu/rb3302_final_proj_code/robot_ws/install/yesense_interface/include/yesense_interface/yesense_interface/msg/detail/imu_data__builder.hpp
[46.650s] -- Symlinking: /home/ubuntu/rb3302_final_proj_code/robot_ws/install/yesense_interface/include/yesense_interface/yesense_interface/msg/detail/imu_data__struct.hpp
[46.669s] -- Symlinking: /home/ubuntu/rb3302_final_proj_code/robot_ws/install/yesense_interface/include/yesense_interface/yesense_interface/msg/detail/imu_data__traits.hpp
[46.688s] -- Symlinking: /home/ubuntu/rb3302_final_proj_code/robot_ws/install/yesense_interface/include/yesense_interface/yesense_interface/msg/detail/imu_data__type_support.hpp
[46.708s] -- Symlinking: /home/ubuntu/rb3302_final_proj_code/robot_ws/install/yesense_interface/include/yesense_interface/yesense_interface/msg/detail/imu_data_ten_axis__builder.hpp
[46.731s] -- Symlinking: /home/ubuntu/rb3302_final_proj_code/robot_ws/install/yesense_interface/include/yesense_interface/yesense_interface/msg/detail/imu_data_ten_axis__struct.hpp
[46.751s] -- Symlinking: /home/ubuntu/rb3302_final_proj_code/robot_ws/install/yesense_interface/include/yesense_interface/yesense_interface/msg/detail/imu_data_ten_axis__traits.hpp
[46.772s] -- Symlinking: /home/ubuntu/rb3302_final_proj_code/robot_ws/install/yesense_interface/include/yesense_interface/yesense_interface/msg/detail/imu_data_ten_axis__type_support.hpp
[46.793s] -- Symlinking: /home/ubuntu/rb3302_final_proj_code/robot_ws/install/yesense_interface/include/yesense_interface/yesense_interface/msg/detail/nav_all__builder.hpp
[46.816s] -- Symlinking: /home/ubuntu/rb3302_final_proj_code/robot_ws/install/yesense_interface/include/yesense_interface/yesense_interface/msg/detail/nav_all__struct.hpp
[46.837s] -- Symlinking: /home/ubuntu/rb3302_final_proj_code/robot_ws/install/yesense_interface/include/yesense_interface/yesense_interface/msg/detail/nav_all__traits.hpp
[46.859s] -- Symlinking: /home/ubuntu/rb3302_final_proj_code/robot_ws/install/yesense_interface/include/yesense_interface/yesense_interface/msg/detail/nav_all__type_support.hpp
[46.880s] -- Symlinking: /home/ubuntu/rb3302_final_proj_code/robot_ws/install/yesense_interface/include/yesense_interface/yesense_interface/msg/detail/nav_min__builder.hpp
[46.899s] -- Symlinking: /home/ubuntu/rb3302_final_proj_code/robot_ws/install/yesense_interface/include/yesense_interface/yesense_interface/msg/detail/nav_min__struct.hpp
[46.920s] -- Symlinking: /home/ubuntu/rb3302_final_proj_code/robot_ws/install/yesense_interface/include/yesense_interface/yesense_interface/msg/detail/nav_min__traits.hpp
[46.941s] -- Symlinking: /home/ubuntu/rb3302_final_proj_code/robot_ws/install/yesense_interface/include/yesense_interface/yesense_interface/msg/detail/nav_min__type_support.hpp
[46.963s] -- Symlinking: /home/ubuntu/rb3302_final_proj_code/robot_ws/install/yesense_interface/include/yesense_interface/yesense_interface/msg/detail/nav_min_utc__builder.hpp
[46.984s] -- Symlinking: /home/ubuntu/rb3302_final_proj_code/robot_ws/install/yesense_interface/include/yesense_interface/yesense_interface/msg/detail/nav_min_utc__struct.hpp
[47.005s] -- Symlinking: /home/ubuntu/rb3302_final_proj_code/robot_ws/install/yesense_interface/include/yesense_interface/yesense_interface/msg/detail/nav_min_utc__traits.hpp
[47.024s] -- Symlinking: /home/ubuntu/rb3302_final_proj_code/robot_ws/install/yesense_interface/include/yesense_interface/yesense_interface/msg/detail/nav_min_utc__type_support.hpp
[47.045s] -- Symlinking: /home/ubuntu/rb3302_final_proj_code/robot_ws/install/yesense_interface/include/yesense_interface/yesense_interface/msg/detail/nav_status__builder.hpp
[47.066s] -- Symlinking: /home/ubuntu/rb3302_final_proj_code/robot_ws/install/yesense_interface/include/yesense_interface/yesense_interface/msg/detail/nav_status__struct.hpp
[47.088s] -- Symlinking: /home/ubuntu/rb3302_final_proj_code/robot_ws/install/yesense_interface/include/yesense_interface/yesense_interface/msg/detail/nav_status__traits.hpp
[47.127s] -- Symlinking: /home/ubuntu/rb3302_final_proj_code/robot_ws/install/yesense_interface/include/yesense_interface/yesense_interface/msg/detail/nav_status__type_support.hpp
[47.149s] -- Symlinking: /home/ubuntu/rb3302_final_proj_code/robot_ws/install/yesense_interface/include/yesense_interface/yesense_interface/msg/detail/pos_only__builder.hpp
[47.171s] -- Symlinking: /home/ubuntu/rb3302_final_proj_code/robot_ws/install/yesense_interface/include/yesense_interface/yesense_interface/msg/detail/pos_only__struct.hpp
[47.192s] -- Symlinking: /home/ubuntu/rb3302_final_proj_code/robot_ws/install/yesense_interface/include/yesense_interface/yesense_interface/msg/detail/pos_only__traits.hpp
[47.213s] -- Symlinking: /home/ubuntu/rb3302_final_proj_code/robot_ws/install/yesense_interface/include/yesense_interface/yesense_interface/msg/detail/pos_only__type_support.hpp
[47.234s] -- Symlinking: /home/ubuntu/rb3302_final_proj_code/robot_ws/install/yesense_interface/include/yesense_interface/yesense_interface/msg/detail/pressure__builder.hpp
[47.256s] -- Symlinking: /home/ubuntu/rb3302_final_proj_code/robot_ws/install/yesense_interface/include/yesense_interface/yesense_interface/msg/detail/pressure__struct.hpp
[47.278s] -- Symlinking: /home/ubuntu/rb3302_final_proj_code/robot_ws/install/yesense_interface/include/yesense_interface/yesense_interface/msg/detail/pressure__traits.hpp
[47.298s] -- Symlinking: /home/ubuntu/rb3302_final_proj_code/robot_ws/install/yesense_interface/include/yesense_interface/yesense_interface/msg/detail/pressure__type_support.hpp
[47.338s] -- Symlinking: /home/ubuntu/rb3302_final_proj_code/robot_ws/install/yesense_interface/include/yesense_interface/yesense_interface/msg/detail/quat__builder.hpp
[47.359s] -- Symlinking: /home/ubuntu/rb3302_final_proj_code/robot_ws/install/yesense_interface/include/yesense_interface/yesense_interface/msg/detail/quat__struct.hpp
[47.381s] -- Symlinking: /home/ubuntu/rb3302_final_proj_code/robot_ws/install/yesense_interface/include/yesense_interface/yesense_interface/msg/detail/quat__traits.hpp
[47.403s] -- Symlinking: /home/ubuntu/rb3302_final_proj_code/robot_ws/install/yesense_interface/include/yesense_interface/yesense_interface/msg/detail/quat__type_support.hpp
[47.423s] -- Symlinking: /home/ubuntu/rb3302_final_proj_code/robot_ws/install/yesense_interface/include/yesense_interface/yesense_interface/msg/detail/robot_lord__builder.hpp
[47.445s] -- Symlinking: /home/ubuntu/rb3302_final_proj_code/robot_ws/install/yesense_interface/include/yesense_interface/yesense_interface/msg/detail/robot_lord__struct.hpp
[47.467s] -- Symlinking: /home/ubuntu/rb3302_final_proj_code/robot_ws/install/yesense_interface/include/yesense_interface/yesense_interface/msg/detail/robot_lord__traits.hpp
[47.488s] -- Symlinking: /home/ubuntu/rb3302_final_proj_code/robot_ws/install/yesense_interface/include/yesense_interface/yesense_interface/msg/detail/robot_lord__type_support.hpp
[47.507s] -- Symlinking: /home/ubuntu/rb3302_final_proj_code/robot_ws/install/yesense_interface/include/yesense_interface/yesense_interface/msg/detail/sample_timestamp__builder.hpp
[47.547s] -- Symlinking: /home/ubuntu/rb3302_final_proj_code/robot_ws/install/yesense_interface/include/yesense_interface/yesense_interface/msg/detail/sample_timestamp__struct.hpp
[47.570s] -- Symlinking: /home/ubuntu/rb3302_final_proj_code/robot_ws/install/yesense_interface/include/yesense_interface/yesense_interface/msg/detail/sample_timestamp__traits.hpp
[47.591s] -- Symlinking: /home/ubuntu/rb3302_final_proj_code/robot_ws/install/yesense_interface/include/yesense_interface/yesense_interface/msg/detail/sample_timestamp__type_support.hpp
[47.613s] -- Symlinking: /home/ubuntu/rb3302_final_proj_code/robot_ws/install/yesense_interface/include/yesense_interface/yesense_interface/msg/detail/sensor_temp__builder.hpp
[47.633s] -- Symlinking: /home/ubuntu/rb3302_final_proj_code/robot_ws/install/yesense_interface/include/yesense_interface/yesense_interface/msg/detail/sensor_temp__struct.hpp
[47.654s] -- Symlinking: /home/ubuntu/rb3302_final_proj_code/robot_ws/install/yesense_interface/include/yesense_interface/yesense_interface/msg/detail/sensor_temp__traits.hpp
[47.675s] -- Symlinking: /home/ubuntu/rb3302_final_proj_code/robot_ws/install/yesense_interface/include/yesense_interface/yesense_interface/msg/detail/sensor_temp__type_support.hpp
[47.697s] -- Symlinking: /home/ubuntu/rb3302_final_proj_code/robot_ws/install/yesense_interface/include/yesense_interface/yesense_interface/msg/detail/three_axis__builder.hpp
[47.732s] -- Symlinking: /home/ubuntu/rb3302_final_proj_code/robot_ws/install/yesense_interface/include/yesense_interface/yesense_interface/msg/detail/three_axis__struct.hpp
[47.748s] -- Symlinking: /home/ubuntu/rb3302_final_proj_code/robot_ws/install/yesense_interface/include/yesense_interface/yesense_interface/msg/detail/three_axis__traits.hpp
[47.779s] -- Symlinking: /home/ubuntu/rb3302_final_proj_code/robot_ws/install/yesense_interface/include/yesense_interface/yesense_interface/msg/detail/three_axis__type_support.hpp
[47.797s] -- Symlinking: /home/ubuntu/rb3302_final_proj_code/robot_ws/install/yesense_interface/include/yesense_interface/yesense_interface/msg/detail/tid__builder.hpp
[47.817s] -- Symlinking: /home/ubuntu/rb3302_final_proj_code/robot_ws/install/yesense_interface/include/yesense_interface/yesense_interface/msg/detail/tid__struct.hpp
[47.839s] -- Symlinking: /home/ubuntu/rb3302_final_proj_code/robot_ws/install/yesense_interface/include/yesense_interface/yesense_interface/msg/detail/tid__traits.hpp
[47.861s] -- Symlinking: /home/ubuntu/rb3302_final_proj_code/robot_ws/install/yesense_interface/include/yesense_interface/yesense_interface/msg/detail/tid__type_support.hpp
[47.882s] -- Symlinking: /home/ubuntu/rb3302_final_proj_code/robot_ws/install/yesense_interface/include/yesense_interface/yesense_interface/msg/detail/utc__builder.hpp
[47.903s] -- Symlinking: /home/ubuntu/rb3302_final_proj_code/robot_ws/install/yesense_interface/include/yesense_interface/yesense_interface/msg/detail/utc__struct.hpp
[47.924s] -- Symlinking: /home/ubuntu/rb3302_final_proj_code/robot_ws/install/yesense_interface/include/yesense_interface/yesense_interface/msg/detail/utc__traits.hpp
[47.946s] -- Symlinking: /home/ubuntu/rb3302_final_proj_code/robot_ws/install/yesense_interface/include/yesense_interface/yesense_interface/msg/detail/utc__type_support.hpp
[47.967s] -- Symlinking: /home/ubuntu/rb3302_final_proj_code/robot_ws/install/yesense_interface/include/yesense_interface/yesense_interface/msg/detail/vel__builder.hpp
[47.988s] -- Symlinking: /home/ubuntu/rb3302_final_proj_code/robot_ws/install/yesense_interface/include/yesense_interface/yesense_interface/msg/detail/vel__struct.hpp
[48.010s] -- Symlinking: /home/ubuntu/rb3302_final_proj_code/robot_ws/install/yesense_interface/include/yesense_interface/yesense_interface/msg/detail/vel__traits.hpp
[48.032s] -- Symlinking: /home/ubuntu/rb3302_final_proj_code/robot_ws/install/yesense_interface/include/yesense_interface/yesense_interface/msg/detail/vel__type_support.hpp
[48.052s] -- Symlinking: /home/ubuntu/rb3302_final_proj_code/robot_ws/install/yesense_interface/include/yesense_interface/yesense_interface/msg/euler_angle.hpp
[48.092s] -- Symlinking: /home/ubuntu/rb3302_final_proj_code/robot_ws/install/yesense_interface/include/yesense_interface/yesense_interface/msg/euler_only.hpp
[48.114s] -- Symlinking: /home/ubuntu/rb3302_final_proj_code/robot_ws/install/yesense_interface/include/yesense_interface/yesense_interface/msg/gnss_pos.hpp
[48.135s] -- Symlinking: /home/ubuntu/rb3302_final_proj_code/robot_ws/install/yesense_interface/include/yesense_interface/yesense_interface/msg/imu_data.hpp
[48.155s] -- Symlinking: /home/ubuntu/rb3302_final_proj_code/robot_ws/install/yesense_interface/include/yesense_interface/yesense_interface/msg/imu_data_ten_axis.hpp
[48.176s] -- Symlinking: /home/ubuntu/rb3302_final_proj_code/robot_ws/install/yesense_interface/include/yesense_interface/yesense_interface/msg/nav_all.hpp
[48.195s] -- Symlinking: /home/ubuntu/rb3302_final_proj_code/robot_ws/install/yesense_interface/include/yesense_interface/yesense_interface/msg/nav_min.hpp
[48.217s] -- Symlinking: /home/ubuntu/rb3302_final_proj_code/robot_ws/install/yesense_interface/include/yesense_interface/yesense_interface/msg/nav_min_utc.hpp
[48.238s] -- Symlinking: /home/ubuntu/rb3302_final_proj_code/robot_ws/install/yesense_interface/include/yesense_interface/yesense_interface/msg/nav_status.hpp
[48.259s] -- Symlinking: /home/ubuntu/rb3302_final_proj_code/robot_ws/install/yesense_interface/include/yesense_interface/yesense_interface/msg/pos_only.hpp
[48.281s] -- Symlinking: /home/ubuntu/rb3302_final_proj_code/robot_ws/install/yesense_interface/include/yesense_interface/yesense_interface/msg/pressure.hpp
[48.301s] -- Symlinking: /home/ubuntu/rb3302_final_proj_code/robot_ws/install/yesense_interface/include/yesense_interface/yesense_interface/msg/quat.hpp
[48.323s] -- Symlinking: /home/ubuntu/rb3302_final_proj_code/robot_ws/install/yesense_interface/include/yesense_interface/yesense_interface/msg/robot_lord.hpp
[48.344s] -- Symlinking: /home/ubuntu/rb3302_final_proj_code/robot_ws/install/yesense_interface/include/yesense_interface/yesense_interface/msg/rosidl_generator_cpp__visibility_control.hpp
[48.365s] -- Symlinking: /home/ubuntu/rb3302_final_proj_code/robot_ws/install/yesense_interface/include/yesense_interface/yesense_interface/msg/sample_timestamp.hpp
[48.387s] -- Symlinking: /home/ubuntu/rb3302_final_proj_code/robot_ws/install/yesense_interface/include/yesense_interface/yesense_interface/msg/sensor_temp.hpp
[48.409s] -- Symlinking: /home/ubuntu/rb3302_final_proj_code/robot_ws/install/yesense_interface/include/yesense_interface/yesense_interface/msg/three_axis.hpp
[48.429s] -- Symlinking: /home/ubuntu/rb3302_final_proj_code/robot_ws/install/yesense_interface/include/yesense_interface/yesense_interface/msg/tid.hpp
[48.451s] -- Symlinking: /home/ubuntu/rb3302_final_proj_code/robot_ws/install/yesense_interface/include/yesense_interface/yesense_interface/msg/utc.hpp
[48.472s] -- Symlinking: /home/ubuntu/rb3302_final_proj_code/robot_ws/install/yesense_interface/include/yesense_interface/yesense_interface/msg/vel.hpp
[48.505s] -- Symlinking: /home/ubuntu/rb3302_final_proj_code/robot_ws/install/yesense_interface/include/yesense_interface/yesense_interface/msg/detail/attitude_all_data__rosidl_typesupport_fastrtps_cpp.hpp
[48.527s] -- Symlinking: /home/ubuntu/rb3302_final_proj_code/robot_ws/install/yesense_interface/include/yesense_interface/yesense_interface/msg/detail/attitude_min_ahrs__rosidl_typesupport_fastrtps_cpp.hpp
[48.549s] -- Symlinking: /home/ubuntu/rb3302_final_proj_code/robot_ws/install/yesense_interface/include/yesense_interface/yesense_interface/msg/detail/attitude_min_vru__rosidl_typesupport_fastrtps_cpp.hpp
[48.570s] -- Symlinking: /home/ubuntu/rb3302_final_proj_code/robot_ws/install/yesense_interface/include/yesense_interface/yesense_interface/msg/detail/euler_angle__rosidl_typesupport_fastrtps_cpp.hpp
[48.590s] -- Symlinking: /home/ubuntu/rb3302_final_proj_code/robot_ws/install/yesense_interface/include/yesense_interface/yesense_interface/msg/detail/euler_only__rosidl_typesupport_fastrtps_cpp.hpp
[48.610s] -- Symlinking: /home/ubuntu/rb3302_final_proj_code/robot_ws/install/yesense_interface/include/yesense_interface/yesense_interface/msg/detail/gnss_pos__rosidl_typesupport_fastrtps_cpp.hpp
[48.631s] -- Symlinking: /home/ubuntu/rb3302_final_proj_code/robot_ws/install/yesense_interface/include/yesense_interface/yesense_interface/msg/detail/imu_data__rosidl_typesupport_fastrtps_cpp.hpp
[48.651s] -- Symlinking: /home/ubuntu/rb3302_final_proj_code/robot_ws/install/yesense_interface/include/yesense_interface/yesense_interface/msg/detail/imu_data_ten_axis__rosidl_typesupport_fastrtps_cpp.hpp
[48.672s] -- Symlinking: /home/ubuntu/rb3302_final_proj_code/robot_ws/install/yesense_interface/include/yesense_interface/yesense_interface/msg/detail/nav_all__rosidl_typesupport_fastrtps_cpp.hpp
[48.693s] -- Symlinking: /home/ubuntu/rb3302_final_proj_code/robot_ws/install/yesense_interface/include/yesense_interface/yesense_interface/msg/detail/nav_min__rosidl_typesupport_fastrtps_cpp.hpp
[48.714s] -- Symlinking: /home/ubuntu/rb3302_final_proj_code/robot_ws/install/yesense_interface/include/yesense_interface/yesense_interface/msg/detail/nav_min_utc__rosidl_typesupport_fastrtps_cpp.hpp
[48.734s] -- Symlinking: /home/ubuntu/rb3302_final_proj_code/robot_ws/install/yesense_interface/include/yesense_interface/yesense_interface/msg/detail/nav_status__rosidl_typesupport_fastrtps_cpp.hpp
[48.755s] -- Symlinking: /home/ubuntu/rb3302_final_proj_code/robot_ws/install/yesense_interface/include/yesense_interface/yesense_interface/msg/detail/pos_only__rosidl_typesupport_fastrtps_cpp.hpp
[48.777s] -- Symlinking: /home/ubuntu/rb3302_final_proj_code/robot_ws/install/yesense_interface/include/yesense_interface/yesense_interface/msg/detail/pressure__rosidl_typesupport_fastrtps_cpp.hpp
[48.798s] -- Symlinking: /home/ubuntu/rb3302_final_proj_code/robot_ws/install/yesense_interface/include/yesense_interface/yesense_interface/msg/detail/quat__rosidl_typesupport_fastrtps_cpp.hpp
[48.817s] -- Symlinking: /home/ubuntu/rb3302_final_proj_code/robot_ws/install/yesense_interface/include/yesense_interface/yesense_interface/msg/detail/robot_lord__rosidl_typesupport_fastrtps_cpp.hpp
[48.837s] -- Symlinking: /home/ubuntu/rb3302_final_proj_code/robot_ws/install/yesense_interface/include/yesense_interface/yesense_interface/msg/detail/sample_timestamp__rosidl_typesupport_fastrtps_cpp.hpp
[48.855s] -- Symlinking: /home/ubuntu/rb3302_final_proj_code/robot_ws/install/yesense_interface/include/yesense_interface/yesense_interface/msg/detail/sensor_temp__rosidl_typesupport_fastrtps_cpp.hpp
[48.871s] -- Symlinking: /home/ubuntu/rb3302_final_proj_code/robot_ws/install/yesense_interface/include/yesense_interface/yesense_interface/msg/detail/three_axis__rosidl_typesupport_fastrtps_cpp.hpp
[48.893s] -- Symlinking: /home/ubuntu/rb3302_final_proj_code/robot_ws/install/yesense_interface/include/yesense_interface/yesense_interface/msg/detail/tid__rosidl_typesupport_fastrtps_cpp.hpp
[48.913s] -- Symlinking: /home/ubuntu/rb3302_final_proj_code/robot_ws/install/yesense_interface/include/yesense_interface/yesense_interface/msg/detail/utc__rosidl_typesupport_fastrtps_cpp.hpp
[48.934s] -- Symlinking: /home/ubuntu/rb3302_final_proj_code/robot_ws/install/yesense_interface/include/yesense_interface/yesense_interface/msg/detail/vel__rosidl_typesupport_fastrtps_cpp.hpp
[48.954s] -- Symlinking: /home/ubuntu/rb3302_final_proj_code/robot_ws/install/yesense_interface/include/yesense_interface/yesense_interface/msg/rosidl_typesupport_fastrtps_cpp__visibility_control.h
[48.980s] -- Symlinking: /home/ubuntu/rb3302_final_proj_code/robot_ws/install/yesense_interface/include/yesense_interface/yesense_interface/msg/detail/attitude_all_data__rosidl_typesupport_introspection_cpp.hpp
[49.001s] -- Symlinking: /home/ubuntu/rb3302_final_proj_code/robot_ws/install/yesense_interface/include/yesense_interface/yesense_interface/msg/detail/attitude_min_ahrs__rosidl_typesupport_introspection_cpp.hpp
[49.023s] -- Symlinking: /home/ubuntu/rb3302_final_proj_code/robot_ws/install/yesense_interface/include/yesense_interface/yesense_interface/msg/detail/attitude_min_vru__rosidl_typesupport_introspection_cpp.hpp
[49.045s] -- Symlinking: /home/ubuntu/rb3302_final_proj_code/robot_ws/install/yesense_interface/include/yesense_interface/yesense_interface/msg/detail/euler_angle__rosidl_typesupport_introspection_cpp.hpp
[49.064s] -- Symlinking: /home/ubuntu/rb3302_final_proj_code/robot_ws/install/yesense_interface/include/yesense_interface/yesense_interface/msg/detail/euler_only__rosidl_typesupport_introspection_cpp.hpp
[49.086s] -- Symlinking: /home/ubuntu/rb3302_final_proj_code/robot_ws/install/yesense_interface/include/yesense_interface/yesense_interface/msg/detail/gnss_pos__rosidl_typesupport_introspection_cpp.hpp
[49.107s] -- Symlinking: /home/ubuntu/rb3302_final_proj_code/robot_ws/install/yesense_interface/include/yesense_interface/yesense_interface/msg/detail/imu_data__rosidl_typesupport_introspection_cpp.hpp
[49.130s] -- Symlinking: /home/ubuntu/rb3302_final_proj_code/robot_ws/install/yesense_interface/include/yesense_interface/yesense_interface/msg/detail/imu_data_ten_axis__rosidl_typesupport_introspection_cpp.hpp
[49.148s] -- Symlinking: /home/ubuntu/rb3302_final_proj_code/robot_ws/install/yesense_interface/include/yesense_interface/yesense_interface/msg/detail/nav_all__rosidl_typesupport_introspection_cpp.hpp
[49.169s] -- Symlinking: /home/ubuntu/rb3302_final_proj_code/robot_ws/install/yesense_interface/include/yesense_interface/yesense_interface/msg/detail/nav_min__rosidl_typesupport_introspection_cpp.hpp
[49.189s] -- Symlinking: /home/ubuntu/rb3302_final_proj_code/robot_ws/install/yesense_interface/include/yesense_interface/yesense_interface/msg/detail/nav_min_utc__rosidl_typesupport_introspection_cpp.hpp
[49.229s] -- Symlinking: /home/ubuntu/rb3302_final_proj_code/robot_ws/install/yesense_interface/include/yesense_interface/yesense_interface/msg/detail/nav_status__rosidl_typesupport_introspection_cpp.hpp
[49.251s] -- Symlinking: /home/ubuntu/rb3302_final_proj_code/robot_ws/install/yesense_interface/include/yesense_interface/yesense_interface/msg/detail/pos_only__rosidl_typesupport_introspection_cpp.hpp
[49.275s] -- Symlinking: /home/ubuntu/rb3302_final_proj_code/robot_ws/install/yesense_interface/include/yesense_interface/yesense_interface/msg/detail/pressure__rosidl_typesupport_introspection_cpp.hpp
[49.314s] -- Symlinking: /home/ubuntu/rb3302_final_proj_code/robot_ws/install/yesense_interface/include/yesense_interface/yesense_interface/msg/detail/quat__rosidl_typesupport_introspection_cpp.hpp
[49.353s] -- Symlinking: /home/ubuntu/rb3302_final_proj_code/robot_ws/install/yesense_interface/include/yesense_interface/yesense_interface/msg/detail/robot_lord__rosidl_typesupport_introspection_cpp.hpp
[49.374s] -- Symlinking: /home/ubuntu/rb3302_final_proj_code/robot_ws/install/yesense_interface/include/yesense_interface/yesense_interface/msg/detail/sample_timestamp__rosidl_typesupport_introspection_cpp.hpp
[49.396s] -- Symlinking: /home/ubuntu/rb3302_final_proj_code/robot_ws/install/yesense_interface/include/yesense_interface/yesense_interface/msg/detail/sensor_temp__rosidl_typesupport_introspection_cpp.hpp
[49.420s] -- Symlinking: /home/ubuntu/rb3302_final_proj_code/robot_ws/install/yesense_interface/include/yesense_interface/yesense_interface/msg/detail/three_axis__rosidl_typesupport_introspection_cpp.hpp
[49.458s] -- Symlinking: /home/ubuntu/rb3302_final_proj_code/robot_ws/install/yesense_interface/include/yesense_interface/yesense_interface/msg/detail/tid__rosidl_typesupport_introspection_cpp.hpp
[49.483s] -- Symlinking: /home/ubuntu/rb3302_final_proj_code/robot_ws/install/yesense_interface/include/yesense_interface/yesense_interface/msg/detail/utc__rosidl_typesupport_introspection_cpp.hpp
[49.521s] -- Symlinking: /home/ubuntu/rb3302_final_proj_code/robot_ws/install/yesense_interface/include/yesense_interface/yesense_interface/msg/detail/vel__rosidl_typesupport_introspection_cpp.hpp
[49.563s] -- Symlinking: /home/ubuntu/rb3302_final_proj_code/robot_ws/install/yesense_interface/share/yesense_interface/environment/pythonpath.sh
[49.585s] -- Symlinking: /home/ubuntu/rb3302_final_proj_code/robot_ws/install/yesense_interface/share/yesense_interface/environment/pythonpath.dsv
[49.613s] -- Symlinking: /home/ubuntu/rb3302_final_proj_code/robot_ws/install/yesense_interface/lib/python3.12/site-packages/yesense_interface-1.0.0-py3.12.egg-info/PKG-INFO
[49.632s] -- Symlinking: /home/ubuntu/rb3302_final_proj_code/robot_ws/install/yesense_interface/lib/python3.12/site-packages/yesense_interface-1.0.0-py3.12.egg-info/SOURCES.txt
[49.653s] -- Symlinking: /home/ubuntu/rb3302_final_proj_code/robot_ws/install/yesense_interface/lib/python3.12/site-packages/yesense_interface-1.0.0-py3.12.egg-info/dependency_links.txt
[49.675s] -- Symlinking: /home/ubuntu/rb3302_final_proj_code/robot_ws/install/yesense_interface/lib/python3.12/site-packages/yesense_interface-1.0.0-py3.12.egg-info/top_level.txt
[49.708s] -- Symlinking: /home/ubuntu/rb3302_final_proj_code/robot_ws/install/yesense_interface/lib/python3.12/site-packages/yesense_interface/__init__.py
[49.730s] -- Symlinking: /home/ubuntu/rb3302_final_proj_code/robot_ws/install/yesense_interface/lib/python3.12/site-packages/yesense_interface/_yesense_interface_s.ep.rosidl_typesupport_c.c
[49.751s] -- Symlinking: /home/ubuntu/rb3302_final_proj_code/robot_ws/install/yesense_interface/lib/python3.12/site-packages/yesense_interface/_yesense_interface_s.ep.rosidl_typesupport_fastrtps_c.c
[49.775s] -- Symlinking: /home/ubuntu/rb3302_final_proj_code/robot_ws/install/yesense_interface/lib/python3.12/site-packages/yesense_interface/_yesense_interface_s.ep.rosidl_typesupport_introspection_c.c
[49.795s] -- Symlinking: /home/ubuntu/rb3302_final_proj_code/robot_ws/install/yesense_interface/lib/python3.12/site-packages/yesense_interface/msg/__init__.py
[49.820s] -- Symlinking: /home/ubuntu/rb3302_final_proj_code/robot_ws/install/yesense_interface/lib/python3.12/site-packages/yesense_interface/msg/_attitude_all_data.py
[49.839s] -- Symlinking: /home/ubuntu/rb3302_final_proj_code/robot_ws/install/yesense_interface/lib/python3.12/site-packages/yesense_interface/msg/_attitude_all_data_s.c
[49.859s] -- Symlinking: /home/ubuntu/rb3302_final_proj_code/robot_ws/install/yesense_interface/lib/python3.12/site-packages/yesense_interface/msg/_attitude_min_ahrs.py
[49.881s] -- Symlinking: /home/ubuntu/rb3302_final_proj_code/robot_ws/install/yesense_interface/lib/python3.12/site-packages/yesense_interface/msg/_attitude_min_ahrs_s.c
[49.905s] -- Symlinking: /home/ubuntu/rb3302_final_proj_code/robot_ws/install/yesense_interface/lib/python3.12/site-packages/yesense_interface/msg/_attitude_min_vru.py
[49.924s] -- Symlinking: /home/ubuntu/rb3302_final_proj_code/robot_ws/install/yesense_interface/lib/python3.12/site-packages/yesense_interface/msg/_attitude_min_vru_s.c
[49.945s] -- Symlinking: /home/ubuntu/rb3302_final_proj_code/robot_ws/install/yesense_interface/lib/python3.12/site-packages/yesense_interface/msg/_euler_angle.py
[49.961s] -- Symlinking: /home/ubuntu/rb3302_final_proj_code/robot_ws/install/yesense_interface/lib/python3.12/site-packages/yesense_interface/msg/_euler_angle_s.c
[49.994s] -- Symlinking: /home/ubuntu/rb3302_final_proj_code/robot_ws/install/yesense_interface/lib/python3.12/site-packages/yesense_interface/msg/_euler_only.py
[50.034s] -- Symlinking: /home/ubuntu/rb3302_final_proj_code/robot_ws/install/yesense_interface/lib/python3.12/site-packages/yesense_interface/msg/_euler_only_s.c
[50.054s] -- Symlinking: /home/ubuntu/rb3302_final_proj_code/robot_ws/install/yesense_interface/lib/python3.12/site-packages/yesense_interface/msg/_gnss_pos.py
[50.076s] -- Symlinking: /home/ubuntu/rb3302_final_proj_code/robot_ws/install/yesense_interface/lib/python3.12/site-packages/yesense_interface/msg/_gnss_pos_s.c
[50.096s] -- Symlinking: /home/ubuntu/rb3302_final_proj_code/robot_ws/install/yesense_interface/lib/python3.12/site-packages/yesense_interface/msg/_imu_data.py
[50.116s] -- Symlinking: /home/ubuntu/rb3302_final_proj_code/robot_ws/install/yesense_interface/lib/python3.12/site-packages/yesense_interface/msg/_imu_data_s.c
[50.154s] -- Symlinking: /home/ubuntu/rb3302_final_proj_code/robot_ws/install/yesense_interface/lib/python3.12/site-packages/yesense_interface/msg/_imu_data_ten_axis.py
[50.176s] -- Symlinking: /home/ubuntu/rb3302_final_proj_code/robot_ws/install/yesense_interface/lib/python3.12/site-packages/yesense_interface/msg/_imu_data_ten_axis_s.c
[50.214s] -- Symlinking: /home/ubuntu/rb3302_final_proj_code/robot_ws/install/yesense_interface/lib/python3.12/site-packages/yesense_interface/msg/_nav_all.py
[50.254s] -- Symlinking: /home/ubuntu/rb3302_final_proj_code/robot_ws/install/yesense_interface/lib/python3.12/site-packages/yesense_interface/msg/_nav_all_s.c
[50.277s] -- Symlinking: /home/ubuntu/rb3302_final_proj_code/robot_ws/install/yesense_interface/lib/python3.12/site-packages/yesense_interface/msg/_nav_min.py
[50.299s] -- Symlinking: /home/ubuntu/rb3302_final_proj_code/robot_ws/install/yesense_interface/lib/python3.12/site-packages/yesense_interface/msg/_nav_min_s.c
[50.321s] -- Symlinking: /home/ubuntu/rb3302_final_proj_code/robot_ws/install/yesense_interface/lib/python3.12/site-packages/yesense_interface/msg/_nav_min_utc.py
[50.343s] -- Symlinking: /home/ubuntu/rb3302_final_proj_code/robot_ws/install/yesense_interface/lib/python3.12/site-packages/yesense_interface/msg/_nav_min_utc_s.c
[50.365s] -- Symlinking: /home/ubuntu/rb3302_final_proj_code/robot_ws/install/yesense_interface/lib/python3.12/site-packages/yesense_interface/msg/_nav_status.py
[50.387s] -- Symlinking: /home/ubuntu/rb3302_final_proj_code/robot_ws/install/yesense_interface/lib/python3.12/site-packages/yesense_interface/msg/_nav_status_s.c
[50.424s] -- Symlinking: /home/ubuntu/rb3302_final_proj_code/robot_ws/install/yesense_interface/lib/python3.12/site-packages/yesense_interface/msg/_pos_only.py
[50.445s] -- Symlinking: /home/ubuntu/rb3302_final_proj_code/robot_ws/install/yesense_interface/lib/python3.12/site-packages/yesense_interface/msg/_pos_only_s.c
[50.482s] -- Symlinking: /home/ubuntu/rb3302_final_proj_code/robot_ws/install/yesense_interface/lib/python3.12/site-packages/yesense_interface/msg/_pressure.py
[50.503s] -- Symlinking: /home/ubuntu/rb3302_final_proj_code/robot_ws/install/yesense_interface/lib/python3.12/site-packages/yesense_interface/msg/_pressure_s.c
[50.545s] -- Symlinking: /home/ubuntu/rb3302_final_proj_code/robot_ws/install/yesense_interface/lib/python3.12/site-packages/yesense_interface/msg/_quat.py
[50.567s] -- Symlinking: /home/ubuntu/rb3302_final_proj_code/robot_ws/install/yesense_interface/lib/python3.12/site-packages/yesense_interface/msg/_quat_s.c
[50.607s] -- Symlinking: /home/ubuntu/rb3302_final_proj_code/robot_ws/install/yesense_interface/lib/python3.12/site-packages/yesense_interface/msg/_robot_lord.py
[50.634s] -- Symlinking: /home/ubuntu/rb3302_final_proj_code/robot_ws/install/yesense_interface/lib/python3.12/site-packages/yesense_interface/msg/_robot_lord_s.c
[50.675s] -- Symlinking: /home/ubuntu/rb3302_final_proj_code/robot_ws/install/yesense_interface/lib/python3.12/site-packages/yesense_interface/msg/_sample_timestamp.py
[50.697s] -- Symlinking: /home/ubuntu/rb3302_final_proj_code/robot_ws/install/yesense_interface/lib/python3.12/site-packages/yesense_interface/msg/_sample_timestamp_s.c
[50.717s] -- Symlinking: /home/ubuntu/rb3302_final_proj_code/robot_ws/install/yesense_interface/lib/python3.12/site-packages/yesense_interface/msg/_sensor_temp.py
[50.739s] -- Symlinking: /home/ubuntu/rb3302_final_proj_code/robot_ws/install/yesense_interface/lib/python3.12/site-packages/yesense_interface/msg/_sensor_temp_s.c
[50.777s] -- Symlinking: /home/ubuntu/rb3302_final_proj_code/robot_ws/install/yesense_interface/lib/python3.12/site-packages/yesense_interface/msg/_three_axis.py
[50.798s] -- Symlinking: /home/ubuntu/rb3302_final_proj_code/robot_ws/install/yesense_interface/lib/python3.12/site-packages/yesense_interface/msg/_three_axis_s.c
[50.838s] -- Symlinking: /home/ubuntu/rb3302_final_proj_code/robot_ws/install/yesense_interface/lib/python3.12/site-packages/yesense_interface/msg/_tid.py
[50.859s] -- Symlinking: /home/ubuntu/rb3302_final_proj_code/robot_ws/install/yesense_interface/lib/python3.12/site-packages/yesense_interface/msg/_tid_s.c
[50.881s] -- Symlinking: /home/ubuntu/rb3302_final_proj_code/robot_ws/install/yesense_interface/lib/python3.12/site-packages/yesense_interface/msg/_utc.py
[50.920s] -- Symlinking: /home/ubuntu/rb3302_final_proj_code/robot_ws/install/yesense_interface/lib/python3.12/site-packages/yesense_interface/msg/_utc_s.c
[50.942s] -- Symlinking: /home/ubuntu/rb3302_final_proj_code/robot_ws/install/yesense_interface/lib/python3.12/site-packages/yesense_interface/msg/_vel.py
[50.963s] -- Symlinking: /home/ubuntu/rb3302_final_proj_code/robot_ws/install/yesense_interface/lib/python3.12/site-packages/yesense_interface/msg/_vel_s.c
[50.985s] -- Symlinking: /home/ubuntu/rb3302_final_proj_code/robot_ws/install/yesense_interface/lib/python3.12/site-packages/yesense_interface/yesense_interface_s__rosidl_typesupport_c.so
[51.021s] -- Symlinking: /home/ubuntu/rb3302_final_proj_code/robot_ws/install/yesense_interface/lib/python3.12/site-packages/yesense_interface/yesense_interface_s__rosidl_typesupport_fastrtps_c.so
[51.043s] -- Symlinking: /home/ubuntu/rb3302_final_proj_code/robot_ws/install/yesense_interface/lib/python3.12/site-packages/yesense_interface/yesense_interface_s__rosidl_typesupport_introspection_c.so
[51.077s] -- Up-to-date symlink: /home/ubuntu/rb3302_final_proj_code/robot_ws/install/yesense_interface/lib/python3.12/site-packages/yesense_interface/yesense_interface_s__rosidl_typesupport_fastrtps_c.so
[51.081s] -- Up-to-date symlink: /home/ubuntu/rb3302_final_proj_code/robot_ws/install/yesense_interface/lib/python3.12/site-packages/yesense_interface/yesense_interface_s__rosidl_typesupport_introspection_c.so
[51.082s] -- Up-to-date symlink: /home/ubuntu/rb3302_final_proj_code/robot_ws/install/yesense_interface/lib/python3.12/site-packages/yesense_interface/yesense_interface_s__rosidl_typesupport_c.so
[51.082s] -- Symlinking: /home/ubuntu/rb3302_final_proj_code/robot_ws/install/yesense_interface/share/ament_index/resource_index/rust_packages/yesense_interface
[51.102s] -- Symlinking: /home/ubuntu/rb3302_final_proj_code/robot_ws/install/yesense_interface/share/yesense_interface/rust/Cargo.toml
[51.137s] -- Symlinking: /home/ubuntu/rb3302_final_proj_code/robot_ws/install/yesense_interface/share/yesense_interface/rust/build.rs
[51.158s] -- Symlinking: /home/ubuntu/rb3302_final_proj_code/robot_ws/install/yesense_interface/share/yesense_interface/rust/src/lib.rs
[51.179s] -- Symlinking: /home/ubuntu/rb3302_final_proj_code/robot_ws/install/yesense_interface/share/yesense_interface/rust/src/msg.rs
[51.201s] -- Symlinking: /home/ubuntu/rb3302_final_proj_code/robot_ws/install/yesense_interface/share/yesense_interface/rust/src/msg/rmw.rs
[51.222s] -- Symlinking: /home/ubuntu/rb3302_final_proj_code/robot_ws/install/yesense_interface/share/yesense_interface/msg/Tid.idl
[51.244s] -- Symlinking: /home/ubuntu/rb3302_final_proj_code/robot_ws/install/yesense_interface/share/yesense_interface/msg/ThreeAxis.idl
[51.267s] -- Symlinking: /home/ubuntu/rb3302_final_proj_code/robot_ws/install/yesense_interface/share/yesense_interface/msg/SensorTemp.idl
[51.289s] -- Symlinking: /home/ubuntu/rb3302_final_proj_code/robot_ws/install/yesense_interface/share/yesense_interface/msg/Pressure.idl
[51.312s] -- Symlinking: /home/ubuntu/rb3302_final_proj_code/robot_ws/install/yesense_interface/share/yesense_interface/msg/EulerAngle.idl
[51.332s] -- Symlinking: /home/ubuntu/rb3302_final_proj_code/robot_ws/install/yesense_interface/share/yesense_interface/msg/Quat.idl
[51.352s] -- Symlinking: /home/ubuntu/rb3302_final_proj_code/robot_ws/install/yesense_interface/share/yesense_interface/msg/GnssPos.idl
[51.375s] -- Symlinking: /home/ubuntu/rb3302_final_proj_code/robot_ws/install/yesense_interface/share/yesense_interface/msg/NavStatus.idl
[51.397s] -- Symlinking: /home/ubuntu/rb3302_final_proj_code/robot_ws/install/yesense_interface/share/yesense_interface/msg/Vel.idl
[51.419s] -- Symlinking: /home/ubuntu/rb3302_final_proj_code/robot_ws/install/yesense_interface/share/yesense_interface/msg/Utc.idl
[51.441s] -- Symlinking: /home/ubuntu/rb3302_final_proj_code/robot_ws/install/yesense_interface/share/yesense_interface/msg/SampleTimestamp.idl
[51.464s] -- Symlinking: /home/ubuntu/rb3302_final_proj_code/robot_ws/install/yesense_interface/share/yesense_interface/msg/ImuData.idl
[51.484s] -- Symlinking: /home/ubuntu/rb3302_final_proj_code/robot_ws/install/yesense_interface/share/yesense_interface/msg/ImuDataTenAxis.idl
[51.507s] -- Symlinking: /home/ubuntu/rb3302_final_proj_code/robot_ws/install/yesense_interface/share/yesense_interface/msg/EulerOnly.idl
[51.529s] -- Symlinking: /home/ubuntu/rb3302_final_proj_code/robot_ws/install/yesense_interface/share/yesense_interface/msg/RobotLord.idl
[51.552s] -- Symlinking: /home/ubuntu/rb3302_final_proj_code/robot_ws/install/yesense_interface/share/yesense_interface/msg/AttitudeMinVru.idl
[51.572s] -- Symlinking: /home/ubuntu/rb3302_final_proj_code/robot_ws/install/yesense_interface/share/yesense_interface/msg/AttitudeMinAhrs.idl
[51.594s] -- Symlinking: /home/ubuntu/rb3302_final_proj_code/robot_ws/install/yesense_interface/share/yesense_interface/msg/AttitudeAllData.idl
[51.613s] -- Symlinking: /home/ubuntu/rb3302_final_proj_code/robot_ws/install/yesense_interface/share/yesense_interface/msg/PosOnly.idl
[51.635s] -- Symlinking: /home/ubuntu/rb3302_final_proj_code/robot_ws/install/yesense_interface/share/yesense_interface/msg/NavMin.idl
[51.657s] -- Symlinking: /home/ubuntu/rb3302_final_proj_code/robot_ws/install/yesense_interface/share/yesense_interface/msg/NavMinUtc.idl
[51.680s] -- Symlinking: /home/ubuntu/rb3302_final_proj_code/robot_ws/install/yesense_interface/share/yesense_interface/msg/NavAll.idl
[51.702s] -- Symlinking: /home/ubuntu/rb3302_final_proj_code/robot_ws/install/yesense_interface/share/yesense_interface/msg/Tid.msg
[51.725s] -- Symlinking: /home/ubuntu/rb3302_final_proj_code/robot_ws/install/yesense_interface/share/yesense_interface/msg/ThreeAxis.msg
[51.745s] -- Symlinking: /home/ubuntu/rb3302_final_proj_code/robot_ws/install/yesense_interface/share/yesense_interface/msg/SensorTemp.msg
[51.770s] -- Symlinking: /home/ubuntu/rb3302_final_proj_code/robot_ws/install/yesense_interface/share/yesense_interface/msg/Pressure.msg
[51.793s] -- Symlinking: /home/ubuntu/rb3302_final_proj_code/robot_ws/install/yesense_interface/share/yesense_interface/msg/EulerAngle.msg
[51.814s] -- Symlinking: /home/ubuntu/rb3302_final_proj_code/robot_ws/install/yesense_interface/share/yesense_interface/msg/Quat.msg
[51.834s] -- Symlinking: /home/ubuntu/rb3302_final_proj_code/robot_ws/install/yesense_interface/share/yesense_interface/msg/GnssPos.msg
[51.856s] -- Symlinking: /home/ubuntu/rb3302_final_proj_code/robot_ws/install/yesense_interface/share/yesense_interface/msg/NavStatus.msg
[51.879s] -- Symlinking: /home/ubuntu/rb3302_final_proj_code/robot_ws/install/yesense_interface/share/yesense_interface/msg/Vel.msg
[51.900s] -- Symlinking: /home/ubuntu/rb3302_final_proj_code/robot_ws/install/yesense_interface/share/yesense_interface/msg/Utc.msg
[51.921s] -- Symlinking: /home/ubuntu/rb3302_final_proj_code/robot_ws/install/yesense_interface/share/yesense_interface/msg/SampleTimestamp.msg
[51.944s] -- Symlinking: /home/ubuntu/rb3302_final_proj_code/robot_ws/install/yesense_interface/share/yesense_interface/msg/ImuData.msg
[51.967s] -- Symlinking: /home/ubuntu/rb3302_final_proj_code/robot_ws/install/yesense_interface/share/yesense_interface/msg/ImuDataTenAxis.msg
[51.989s] -- Symlinking: /home/ubuntu/rb3302_final_proj_code/robot_ws/install/yesense_interface/share/yesense_interface/msg/EulerOnly.msg
[52.010s] -- Symlinking: /home/ubuntu/rb3302_final_proj_code/robot_ws/install/yesense_interface/share/yesense_interface/msg/RobotLord.msg
[52.035s] -- Symlinking: /home/ubuntu/rb3302_final_proj_code/robot_ws/install/yesense_interface/share/yesense_interface/msg/AttitudeMinVru.msg
[52.058s] -- Symlinking: /home/ubuntu/rb3302_final_proj_code/robot_ws/install/yesense_interface/share/yesense_interface/msg/AttitudeMinAhrs.msg
[52.079s] -- Symlinking: /home/ubuntu/rb3302_final_proj_code/robot_ws/install/yesense_interface/share/yesense_interface/msg/AttitudeAllData.msg
[52.098s] -- Symlinking: /home/ubuntu/rb3302_final_proj_code/robot_ws/install/yesense_interface/share/yesense_interface/msg/PosOnly.msg
[52.122s] -- Symlinking: /home/ubuntu/rb3302_final_proj_code/robot_ws/install/yesense_interface/share/yesense_interface/msg/NavMin.msg
[52.141s] -- Symlinking: /home/ubuntu/rb3302_final_proj_code/robot_ws/install/yesense_interface/share/yesense_interface/msg/NavMinUtc.msg
[52.159s] -- Symlinking: /home/ubuntu/rb3302_final_proj_code/robot_ws/install/yesense_interface/share/yesense_interface/msg/NavAll.msg
[52.183s] -- Symlinking: /home/ubuntu/rb3302_final_proj_code/robot_ws/install/yesense_interface/share/ament_index/resource_index/package_run_dependencies/yesense_interface
[52.203s] -- Symlinking: /home/ubuntu/rb3302_final_proj_code/robot_ws/install/yesense_interface/share/ament_index/resource_index/parent_prefix_path/yesense_interface
[52.221s] -- Symlinking: /home/ubuntu/rb3302_final_proj_code/robot_ws/install/yesense_interface/share/yesense_interface/environment/ament_prefix_path.sh
[52.242s] -- Symlinking: /home/ubuntu/rb3302_final_proj_code/robot_ws/install/yesense_interface/share/yesense_interface/environment/ament_prefix_path.dsv
[52.262s] -- Symlinking: /home/ubuntu/rb3302_final_proj_code/robot_ws/install/yesense_interface/share/yesense_interface/environment/path.sh
[52.282s] -- Symlinking: /home/ubuntu/rb3302_final_proj_code/robot_ws/install/yesense_interface/share/yesense_interface/environment/path.dsv
[52.303s] -- Symlinking: /home/ubuntu/rb3302_final_proj_code/robot_ws/install/yesense_interface/share/yesense_interface/local_setup.bash
[52.326s] -- Symlinking: /home/ubuntu/rb3302_final_proj_code/robot_ws/install/yesense_interface/share/yesense_interface/local_setup.sh
[52.348s] -- Symlinking: /home/ubuntu/rb3302_final_proj_code/robot_ws/install/yesense_interface/share/yesense_interface/local_setup.zsh
[52.371s] -- Symlinking: /home/ubuntu/rb3302_final_proj_code/robot_ws/install/yesense_interface/share/yesense_interface/local_setup.dsv
[52.392s] -- Symlinking: /home/ubuntu/rb3302_final_proj_code/robot_ws/install/yesense_interface/share/yesense_interface/package.dsv
[52.415s] -- Symlinking: /home/ubuntu/rb3302_final_proj_code/robot_ws/install/yesense_interface/share/ament_index/resource_index/packages/yesense_interface
[52.438s] -- Symlinking: /home/ubuntu/rb3302_final_proj_code/robot_ws/install/yesense_interface/share/yesense_interface/cmake/rosidl_cmake-extras.cmake
[52.459s] -- Symlinking: /home/ubuntu/rb3302_final_proj_code/robot_ws/install/yesense_interface/share/yesense_interface/cmake/ament_cmake_export_include_directories-extras.cmake
[52.481s] -- Symlinking: /home/ubuntu/rb3302_final_proj_code/robot_ws/install/yesense_interface/share/yesense_interface/cmake/ament_cmake_export_libraries-extras.cmake
[52.521s] -- Symlinking: /home/ubuntu/rb3302_final_proj_code/robot_ws/install/yesense_interface/share/yesense_interface/cmake/ament_cmake_export_targets-extras.cmake
[52.543s] -- Symlinking: /home/ubuntu/rb3302_final_proj_code/robot_ws/install/yesense_interface/share/yesense_interface/cmake/rosidl_cmake_export_typesupport_targets-extras.cmake
[52.583s] -- Symlinking: /home/ubuntu/rb3302_final_proj_code/robot_ws/install/yesense_interface/share/yesense_interface/cmake/ament_cmake_export_dependencies-extras.cmake
[52.605s] -- Symlinking: /home/ubuntu/rb3302_final_proj_code/robot_ws/install/yesense_interface/share/yesense_interface/cmake/rosidl_cmake_export_typesupport_libraries-extras.cmake
[52.646s] -- Symlinking: /home/ubuntu/rb3302_final_proj_code/robot_ws/install/yesense_interface/share/yesense_interface/cmake/rosidl_cmake_aggregate_target-extras.cmake
[52.685s] -- Symlinking: /home/ubuntu/rb3302_final_proj_code/robot_ws/install/yesense_interface/share/yesense_interface/cmake/yesense_interfaceConfig.cmake
[52.707s] -- Symlinking: /home/ubuntu/rb3302_final_proj_code/robot_ws/install/yesense_interface/share/yesense_interface/cmake/yesense_interfaceConfig-version.cmake
[52.749s] -- Symlinking: /home/ubuntu/rb3302_final_proj_code/robot_ws/install/yesense_interface/share/yesense_interface/package.xml
[52.771s] -- Installing: /home/ubuntu/rb3302_final_proj_code/robot_ws/install/yesense_interface/lib/libyesense_interface__rosidl_generator_c.so
[52.777s] -- Set non-toolchain portion of runtime path of "/home/ubuntu/rb3302_final_proj_code/robot_ws/install/yesense_interface/lib/libyesense_interface__rosidl_generator_c.so" to ""
[52.778s] -- Installing: /home/ubuntu/rb3302_final_proj_code/robot_ws/install/yesense_interface/lib/libyesense_interface__rosidl_typesupport_fastrtps_c.so
[52.783s] -- Set non-toolchain portion of runtime path of "/home/ubuntu/rb3302_final_proj_code/robot_ws/install/yesense_interface/lib/libyesense_interface__rosidl_typesupport_fastrtps_c.so" to ""
[52.784s] -- Installing: /home/ubuntu/rb3302_final_proj_code/robot_ws/install/yesense_interface/lib/libyesense_interface__rosidl_typesupport_introspection_c.so
[52.788s] -- Set non-toolchain portion of runtime path of "/home/ubuntu/rb3302_final_proj_code/robot_ws/install/yesense_interface/lib/libyesense_interface__rosidl_typesupport_introspection_c.so" to ""
[52.790s] -- Installing: /home/ubuntu/rb3302_final_proj_code/robot_ws/install/yesense_interface/lib/libyesense_interface__rosidl_typesupport_c.so
[52.793s] -- Set non-toolchain portion of runtime path of "/home/ubuntu/rb3302_final_proj_code/robot_ws/install/yesense_interface/lib/libyesense_interface__rosidl_typesupport_c.so" to ""
[52.795s] -- Installing: /home/ubuntu/rb3302_final_proj_code/robot_ws/install/yesense_interface/lib/libyesense_interface__rosidl_typesupport_fastrtps_cpp.so
[52.799s] -- Set non-toolchain portion of runtime path of "/home/ubuntu/rb3302_final_proj_code/robot_ws/install/yesense_interface/lib/libyesense_interface__rosidl_typesupport_fastrtps_cpp.so" to ""
[52.800s] -- Installing: /home/ubuntu/rb3302_final_proj_code/robot_ws/install/yesense_interface/lib/libyesense_interface__rosidl_typesupport_introspection_cpp.so
[52.804s] -- Set non-toolchain portion of runtime path of "/home/ubuntu/rb3302_final_proj_code/robot_ws/install/yesense_interface/lib/libyesense_interface__rosidl_typesupport_introspection_cpp.so" to ""
[52.805s] -- Installing: /home/ubuntu/rb3302_final_proj_code/robot_ws/install/yesense_interface/lib/libyesense_interface__rosidl_typesupport_cpp.so
[52.807s] -- Set non-toolchain portion of runtime path of "/home/ubuntu/rb3302_final_proj_code/robot_ws/install/yesense_interface/lib/libyesense_interface__rosidl_typesupport_cpp.so" to ""
[52.946s] Listing '/home/ubuntu/rb3302_final_proj_code/robot_ws/install/yesense_interface/lib/python3.12/site-packages/yesense_interface'...
[52.947s] Compiling '/home/ubuntu/rb3302_final_proj_code/robot_ws/install/yesense_interface/lib/python3.12/site-packages/yesense_interface/__init__.py'...
[52.947s] Listing '/home/ubuntu/rb3302_final_proj_code/robot_ws/install/yesense_interface/lib/python3.12/site-packages/yesense_interface/msg'...
[52.948s] Compiling '/home/ubuntu/rb3302_final_proj_code/robot_ws/install/yesense_interface/lib/python3.12/site-packages/yesense_interface/msg/__init__.py'...
[52.948s] Compiling '/home/ubuntu/rb3302_final_proj_code/robot_ws/install/yesense_interface/lib/python3.12/site-packages/yesense_interface/msg/_attitude_all_data.py'...
[52.949s] Compiling '/home/ubuntu/rb3302_final_proj_code/robot_ws/install/yesense_interface/lib/python3.12/site-packages/yesense_interface/msg/_attitude_min_ahrs.py'...
[52.950s] Compiling '/home/ubuntu/rb3302_final_proj_code/robot_ws/install/yesense_interface/lib/python3.12/site-packages/yesense_interface/msg/_attitude_min_vru.py'...
[52.950s] Compiling '/home/ubuntu/rb3302_final_proj_code/robot_ws/install/yesense_interface/lib/python3.12/site-packages/yesense_interface/msg/_euler_angle.py'...
[52.951s] Compiling '/home/ubuntu/rb3302_final_proj_code/robot_ws/install/yesense_interface/lib/python3.12/site-packages/yesense_interface/msg/_euler_only.py'...
[52.951s] Compiling '/home/ubuntu/rb3302_final_proj_code/robot_ws/install/yesense_interface/lib/python3.12/site-packages/yesense_interface/msg/_gnss_pos.py'...
[52.952s] Compiling '/home/ubuntu/rb3302_final_proj_code/robot_ws/install/yesense_interface/lib/python3.12/site-packages/yesense_interface/msg/_imu_data.py'...
[52.954s] Compiling '/home/ubuntu/rb3302_final_proj_code/robot_ws/install/yesense_interface/lib/python3.12/site-packages/yesense_interface/msg/_imu_data_ten_axis.py'...
[52.955s] Compiling '/home/ubuntu/rb3302_final_proj_code/robot_ws/install/yesense_interface/lib/python3.12/site-packages/yesense_interface/msg/_nav_all.py'...
[52.957s] Compiling '/home/ubuntu/rb3302_final_proj_code/robot_ws/install/yesense_interface/lib/python3.12/site-packages/yesense_interface/msg/_nav_min.py'...
[52.958s] Compiling '/home/ubuntu/rb3302_final_proj_code/robot_ws/install/yesense_interface/lib/python3.12/site-packages/yesense_interface/msg/_nav_min_utc.py'...
[52.959s] Compiling '/home/ubuntu/rb3302_final_proj_code/robot_ws/install/yesense_interface/lib/python3.12/site-packages/yesense_interface/msg/_nav_status.py'...
[52.961s] Compiling '/home/ubuntu/rb3302_final_proj_code/robot_ws/install/yesense_interface/lib/python3.12/site-packages/yesense_interface/msg/_pos_only.py'...
[52.962s] Compiling '/home/ubuntu/rb3302_final_proj_code/robot_ws/install/yesense_interface/lib/python3.12/site-packages/yesense_interface/msg/_pressure.py'...
[52.962s] Compiling '/home/ubuntu/rb3302_final_proj_code/robot_ws/install/yesense_interface/lib/python3.12/site-packages/yesense_interface/msg/_quat.py'...
[52.963s] Compiling '/home/ubuntu/rb3302_final_proj_code/robot_ws/install/yesense_interface/lib/python3.12/site-packages/yesense_interface/msg/_robot_lord.py'...
[52.965s] Compiling '/home/ubuntu/rb3302_final_proj_code/robot_ws/install/yesense_interface/lib/python3.12/site-packages/yesense_interface/msg/_sample_timestamp.py'...
[52.966s] Compiling '/home/ubuntu/rb3302_final_proj_code/robot_ws/install/yesense_interface/lib/python3.12/site-packages/yesense_interface/msg/_sensor_temp.py'...
[52.967s] Compiling '/home/ubuntu/rb3302_final_proj_code/robot_ws/install/yesense_interface/lib/python3.12/site-packages/yesense_interface/msg/_three_axis.py'...
[52.969s] Compiling '/home/ubuntu/rb3302_final_proj_code/robot_ws/install/yesense_interface/lib/python3.12/site-packages/yesense_interface/msg/_tid.py'...
[52.971s] Compiling '/home/ubuntu/rb3302_final_proj_code/robot_ws/install/yesense_interface/lib/python3.12/site-packages/yesense_interface/msg/_utc.py'...
[52.972s] Compiling '/home/ubuntu/rb3302_final_proj_code/robot_ws/install/yesense_interface/lib/python3.12/site-packages/yesense_interface/msg/_vel.py'...
[52.973s] -- Installing: /home/ubuntu/rb3302_final_proj_code/robot_ws/install/yesense_interface/lib/libyesense_interface__rosidl_generator_py.so
[52.974s] -- Set non-toolchain portion of runtime path of "/home/ubuntu/rb3302_final_proj_code/robot_ws/install/yesense_interface/lib/libyesense_interface__rosidl_generator_py.so" to ""
[52.974s] -- Installing: /home/ubuntu/rb3302_final_proj_code/robot_ws/install/yesense_interface/share/yesense_interface/cmake/export_yesense_interface__rosidl_generator_cExport.cmake
[52.975s] -- Installing: /home/ubuntu/rb3302_final_proj_code/robot_ws/install/yesense_interface/share/yesense_interface/cmake/export_yesense_interface__rosidl_generator_cExport-noconfig.cmake
[52.976s] -- Installing: /home/ubuntu/rb3302_final_proj_code/robot_ws/install/yesense_interface/share/yesense_interface/cmake/export_yesense_interface__rosidl_typesupport_fastrtps_cExport.cmake
[52.977s] -- Installing: /home/ubuntu/rb3302_final_proj_code/robot_ws/install/yesense_interface/share/yesense_interface/cmake/export_yesense_interface__rosidl_typesupport_fastrtps_cExport-noconfig.cmake
[52.978s] -- Installing: /home/ubuntu/rb3302_final_proj_code/robot_ws/install/yesense_interface/share/yesense_interface/cmake/yesense_interface__rosidl_typesupport_introspection_cExport.cmake
[52.979s] -- Installing: /home/ubuntu/rb3302_final_proj_code/robot_ws/install/yesense_interface/share/yesense_interface/cmake/yesense_interface__rosidl_typesupport_introspection_cExport-noconfig.cmake
[52.980s] -- Installing: /home/ubuntu/rb3302_final_proj_code/robot_ws/install/yesense_interface/share/yesense_interface/cmake/yesense_interface__rosidl_typesupport_cExport.cmake
[52.981s] -- Installing: /home/ubuntu/rb3302_final_proj_code/robot_ws/install/yesense_interface/share/yesense_interface/cmake/yesense_interface__rosidl_typesupport_cExport-noconfig.cmake
[52.982s] -- Installing: /home/ubuntu/rb3302_final_proj_code/robot_ws/install/yesense_interface/share/yesense_interface/cmake/export_yesense_interface__rosidl_generator_cppExport.cmake
[52.984s] -- Installing: /home/ubuntu/rb3302_final_proj_code/robot_ws/install/yesense_interface/share/yesense_interface/cmake/export_yesense_interface__rosidl_typesupport_fastrtps_cppExport.cmake
[52.985s] -- Installing: /home/ubuntu/rb3302_final_proj_code/robot_ws/install/yesense_interface/share/yesense_interface/cmake/export_yesense_interface__rosidl_typesupport_fastrtps_cppExport-noconfig.cmake
[52.986s] -- Installing: /home/ubuntu/rb3302_final_proj_code/robot_ws/install/yesense_interface/share/yesense_interface/cmake/yesense_interface__rosidl_typesupport_introspection_cppExport.cmake
[52.988s] -- Installing: /home/ubuntu/rb3302_final_proj_code/robot_ws/install/yesense_interface/share/yesense_interface/cmake/yesense_interface__rosidl_typesupport_introspection_cppExport-noconfig.cmake
[52.989s] -- Installing: /home/ubuntu/rb3302_final_proj_code/robot_ws/install/yesense_interface/share/yesense_interface/cmake/yesense_interface__rosidl_typesupport_cppExport.cmake
[52.989s] -- Installing: /home/ubuntu/rb3302_final_proj_code/robot_ws/install/yesense_interface/share/yesense_interface/cmake/yesense_interface__rosidl_typesupport_cppExport-noconfig.cmake
[52.990s] -- Installing: /home/ubuntu/rb3302_final_proj_code/robot_ws/install/yesense_interface/share/yesense_interface/cmake/export_yesense_interface__rosidl_generator_pyExport.cmake
[52.992s] -- Installing: /home/ubuntu/rb3302_final_proj_code/robot_ws/install/yesense_interface/share/yesense_interface/cmake/export_yesense_interface__rosidl_generator_pyExport-noconfig.cmake
[53.008s] Invoked command in '/home/ubuntu/rb3302_final_proj_code/robot_ws/build/yesense_interface' returned '0': CMAKE_PREFIX_PATH=${CMAKE_PREFIX_PATH}:/opt/ros/jazzy /usr/bin/cmake --install /home/ubuntu/rb3302_final_proj_code/robot_ws/build/yesense_interface
