[0.159s] DEBUG:colcon:Command line arguments: ['/usr/bin/colcon', 'build', '--symlink-install']
[0.160s] DEBUG:colcon:Parsed command line arguments: Namespace(log_base=None, log_level=None, verb_name='build', build_base='build', install_base='install', merge_install=False, symlink_install=True, test_result_base=None, continue_on_error=False, executor='parallel', parallel_workers=8, event_handlers=None, ignore_user_meta=False, metas=['./colcon.meta'], base_paths=['.'], packages_ignore=None, packages_ignore_regex=None, paths=None, packages_up_to=None, packages_up_to_regex=None, packages_above=None, packages_above_and_dependencies=None, packages_above_depth=None, packages_select_by_dep=None, packages_skip_by_dep=None, packages_skip_up_to=None, packages_select_build_failed=False, packages_skip_build_finished=False, packages_select_test_failures=False, packages_skip_test_passed=False, packages_select=None, packages_skip=None, packages_select_regex=None, packages_skip_regex=None, packages_start=None, packages_end=None, allow_overriding=[], cmake_args=None, cmake_target=None, cmake_target_skip_unavailable=False, cmake_clean_cache=False, cmake_clean_first=False, cmake_force_configure=False, ament_cmake_args=None, catkin_cmake_args=None, catkin_skip_building_tests=False, mixin_files=None, mixin=None, verb_parser=<colcon_mixin.mixin.mixin_argument.MixinArgumentDecorator object at 0xffffaed07aa0>, verb_extension=<colcon_core.verb.build.BuildVerb object at 0xffffaeeec680>, main=<bound method BuildVerb.main of <colcon_core.verb.build.BuildVerb object at 0xffffaeeec680>>, mixin_verb=('build',))
[0.216s] Level 1:colcon.colcon_core.package_discovery:discover_packages(colcon_meta) check parameters
[0.217s] Level 1:colcon.colcon_core.package_discovery:discover_packages(recursive) check parameters
[0.217s] Level 1:colcon.colcon_core.package_discovery:discover_packages(ignore) check parameters
[0.217s] Level 1:colcon.colcon_core.package_discovery:discover_packages(path) check parameters
[0.217s] Level 1:colcon.colcon_core.package_discovery:discover_packages(colcon_meta) discover
[0.217s] Level 1:colcon.colcon_core.package_discovery:discover_packages(recursive) discover
[0.217s] INFO:colcon.colcon_core.package_discovery:Crawling recursively for packages in '/home/ubuntu/rb3302_final_proj_code/robot_ws'
[0.217s] Level 1:colcon.colcon_core.package_identification:_identify(.) by extensions ['ignore', 'ignore_ament_install']
[0.217s] Level 1:colcon.colcon_core.package_identification:_identify(.) by extension 'ignore'
[0.217s] Level 1:colcon.colcon_core.package_identification:_identify(.) by extension 'ignore_ament_install'
[0.218s] Level 1:colcon.colcon_core.package_identification:_identify(.) by extensions ['colcon_pkg']
[0.218s] Level 1:colcon.colcon_core.package_identification:_identify(.) by extension 'colcon_pkg'
[0.218s] Level 1:colcon.colcon_core.package_identification:_identify(.) by extensions ['colcon_meta']
[0.218s] Level 1:colcon.colcon_core.package_identification:_identify(.) by extension 'colcon_meta'
[0.218s] Level 1:colcon.colcon_core.package_identification:_identify(.) by extensions ['ros']
[0.218s] Level 1:colcon.colcon_core.package_identification:_identify(.) by extension 'ros'
[0.254s] Level 1:colcon.colcon_core.package_identification:_identify(.) by extensions ['cmake', 'python']
[0.254s] Level 1:colcon.colcon_core.package_identification:_identify(.) by extension 'cmake'
[0.255s] Level 1:colcon.colcon_core.package_identification:_identify(.) by extension 'python'
[0.255s] Level 1:colcon.colcon_core.package_identification:_identify(.) by extensions ['python_setup_py']
[0.255s] Level 1:colcon.colcon_core.package_identification:_identify(.) by extension 'python_setup_py'
[0.255s] Level 1:colcon.colcon_core.package_identification:_identify(build) by extensions ['ignore', 'ignore_ament_install']
[0.255s] Level 1:colcon.colcon_core.package_identification:_identify(build) by extension 'ignore'
[0.255s] Level 1:colcon.colcon_core.package_identification:_identify(build) ignored
[0.255s] Level 1:colcon.colcon_core.package_identification:_identify(install) by extensions ['ignore', 'ignore_ament_install']
[0.255s] Level 1:colcon.colcon_core.package_identification:_identify(install) by extension 'ignore'
[0.256s] Level 1:colcon.colcon_core.package_identification:_identify(install) ignored
[0.256s] Level 1:colcon.colcon_core.package_identification:_identify(log) by extensions ['ignore', 'ignore_ament_install']
[0.256s] Level 1:colcon.colcon_core.package_identification:_identify(log) by extension 'ignore'
[0.256s] Level 1:colcon.colcon_core.package_identification:_identify(log) ignored
[0.256s] Level 1:colcon.colcon_core.package_identification:_identify(src) by extensions ['ignore', 'ignore_ament_install']
[0.256s] Level 1:colcon.colcon_core.package_identification:_identify(src) by extension 'ignore'
[0.256s] Level 1:colcon.colcon_core.package_identification:_identify(src) by extension 'ignore_ament_install'
[0.256s] Level 1:colcon.colcon_core.package_identification:_identify(src) by extensions ['colcon_pkg']
[0.256s] Level 1:colcon.colcon_core.package_identification:_identify(src) by extension 'colcon_pkg'
[0.256s] Level 1:colcon.colcon_core.package_identification:_identify(src) by extensions ['colcon_meta']
[0.256s] Level 1:colcon.colcon_core.package_identification:_identify(src) by extension 'colcon_meta'
[0.257s] Level 1:colcon.colcon_core.package_identification:_identify(src) by extensions ['ros']
[0.257s] Level 1:colcon.colcon_core.package_identification:_identify(src) by extension 'ros'
[0.257s] Level 1:colcon.colcon_core.package_identification:_identify(src) by extensions ['cmake', 'python']
[0.257s] Level 1:colcon.colcon_core.package_identification:_identify(src) by extension 'cmake'
[0.257s] Level 1:colcon.colcon_core.package_identification:_identify(src) by extension 'python'
[0.257s] Level 1:colcon.colcon_core.package_identification:_identify(src) by extensions ['python_setup_py']
[0.257s] Level 1:colcon.colcon_core.package_identification:_identify(src) by extension 'python_setup_py'
[0.257s] Level 1:colcon.colcon_core.package_identification:_identify(src/robot_init) by extensions ['ignore', 'ignore_ament_install']
[0.257s] Level 1:colcon.colcon_core.package_identification:_identify(src/robot_init) by extension 'ignore'
[0.257s] Level 1:colcon.colcon_core.package_identification:_identify(src/robot_init) by extension 'ignore_ament_install'
[0.257s] Level 1:colcon.colcon_core.package_identification:_identify(src/robot_init) by extensions ['colcon_pkg']
[0.257s] Level 1:colcon.colcon_core.package_identification:_identify(src/robot_init) by extension 'colcon_pkg'
[0.257s] Level 1:colcon.colcon_core.package_identification:_identify(src/robot_init) by extensions ['colcon_meta']
[0.258s] Level 1:colcon.colcon_core.package_identification:_identify(src/robot_init) by extension 'colcon_meta'
[0.258s] Level 1:colcon.colcon_core.package_identification:_identify(src/robot_init) by extensions ['ros']
[0.258s] Level 1:colcon.colcon_core.package_identification:_identify(src/robot_init) by extension 'ros'
[0.261s] DEBUG:colcon.colcon_core.package_identification:Package 'src/robot_init' with type 'ros.ament_cmake' and name 'robot_init'
[0.261s] Level 1:colcon.colcon_core.package_identification:_identify(src/robot_model) by extensions ['ignore', 'ignore_ament_install']
[0.261s] Level 1:colcon.colcon_core.package_identification:_identify(src/robot_model) by extension 'ignore'
[0.261s] Level 1:colcon.colcon_core.package_identification:_identify(src/robot_model) by extension 'ignore_ament_install'
[0.261s] Level 1:colcon.colcon_core.package_identification:_identify(src/robot_model) by extensions ['colcon_pkg']
[0.261s] Level 1:colcon.colcon_core.package_identification:_identify(src/robot_model) by extension 'colcon_pkg'
[0.262s] Level 1:colcon.colcon_core.package_identification:_identify(src/robot_model) by extensions ['colcon_meta']
[0.262s] Level 1:colcon.colcon_core.package_identification:_identify(src/robot_model) by extension 'colcon_meta'
[0.262s] Level 1:colcon.colcon_core.package_identification:_identify(src/robot_model) by extensions ['ros']
[0.262s] Level 1:colcon.colcon_core.package_identification:_identify(src/robot_model) by extension 'ros'
[0.262s] DEBUG:colcon.colcon_core.package_identification:Package 'src/robot_model' with type 'ros.ament_cmake' and name 'robot_model'
[0.263s] Level 1:colcon.colcon_core.package_identification:_identify(src/rplidar_ros) by extensions ['ignore', 'ignore_ament_install']
[0.263s] Level 1:colcon.colcon_core.package_identification:_identify(src/rplidar_ros) by extension 'ignore'
[0.263s] Level 1:colcon.colcon_core.package_identification:_identify(src/rplidar_ros) by extension 'ignore_ament_install'
[0.263s] Level 1:colcon.colcon_core.package_identification:_identify(src/rplidar_ros) by extensions ['colcon_pkg']
[0.263s] Level 1:colcon.colcon_core.package_identification:_identify(src/rplidar_ros) by extension 'colcon_pkg'
[0.263s] Level 1:colcon.colcon_core.package_identification:_identify(src/rplidar_ros) by extensions ['colcon_meta']
[0.263s] Level 1:colcon.colcon_core.package_identification:_identify(src/rplidar_ros) by extension 'colcon_meta'
[0.263s] Level 1:colcon.colcon_core.package_identification:_identify(src/rplidar_ros) by extensions ['ros']
[0.263s] Level 1:colcon.colcon_core.package_identification:_identify(src/rplidar_ros) by extension 'ros'
[0.264s] DEBUG:colcon.colcon_core.package_identification:Package 'src/rplidar_ros' with type 'ros.ament_cmake' and name 'rplidar_ros'
[0.264s] Level 1:colcon.colcon_core.package_identification:_identify(src/serial) by extensions ['ignore', 'ignore_ament_install']
[0.264s] Level 1:colcon.colcon_core.package_identification:_identify(src/serial) by extension 'ignore'
[0.264s] Level 1:colcon.colcon_core.package_identification:_identify(src/serial) by extension 'ignore_ament_install'
[0.264s] Level 1:colcon.colcon_core.package_identification:_identify(src/serial) by extensions ['colcon_pkg']
[0.264s] Level 1:colcon.colcon_core.package_identification:_identify(src/serial) by extension 'colcon_pkg'
[0.264s] Level 1:colcon.colcon_core.package_identification:_identify(src/serial) by extensions ['colcon_meta']
[0.264s] Level 1:colcon.colcon_core.package_identification:_identify(src/serial) by extension 'colcon_meta'
[0.264s] Level 1:colcon.colcon_core.package_identification:_identify(src/serial) by extensions ['ros']
[0.264s] Level 1:colcon.colcon_core.package_identification:_identify(src/serial) by extension 'ros'
[0.265s] DEBUG:colcon.colcon_core.package_identification:Package 'src/serial' with type 'ros.ament_cmake' and name 'serial'
[0.265s] Level 1:colcon.colcon_core.package_identification:_identify(src/waverover_base) by extensions ['ignore', 'ignore_ament_install']
[0.266s] Level 1:colcon.colcon_core.package_identification:_identify(src/waverover_base) by extension 'ignore'
[0.266s] Level 1:colcon.colcon_core.package_identification:_identify(src/waverover_base) by extension 'ignore_ament_install'
[0.266s] Level 1:colcon.colcon_core.package_identification:_identify(src/waverover_base) by extensions ['colcon_pkg']
[0.266s] Level 1:colcon.colcon_core.package_identification:_identify(src/waverover_base) by extension 'colcon_pkg'
[0.266s] Level 1:colcon.colcon_core.package_identification:_identify(src/waverover_base) by extensions ['colcon_meta']
[0.266s] Level 1:colcon.colcon_core.package_identification:_identify(src/waverover_base) by extension 'colcon_meta'
[0.266s] Level 1:colcon.colcon_core.package_identification:_identify(src/waverover_base) by extensions ['ros']
[0.266s] Level 1:colcon.colcon_core.package_identification:_identify(src/waverover_base) by extension 'ros'
[0.267s] DEBUG:colcon.colcon_core.package_identification:Package 'src/waverover_base' with type 'ros.ament_python' and name 'waverover_base'
[0.267s] Level 1:colcon.colcon_core.package_identification:_identify(src/yesense_interface) by extensions ['ignore', 'ignore_ament_install']
[0.267s] Level 1:colcon.colcon_core.package_identification:_identify(src/yesense_interface) by extension 'ignore'
[0.267s] Level 1:colcon.colcon_core.package_identification:_identify(src/yesense_interface) by extension 'ignore_ament_install'
[0.267s] Level 1:colcon.colcon_core.package_identification:_identify(src/yesense_interface) by extensions ['colcon_pkg']
[0.268s] Level 1:colcon.colcon_core.package_identification:_identify(src/yesense_interface) by extension 'colcon_pkg'
[0.268s] Level 1:colcon.colcon_core.package_identification:_identify(src/yesense_interface) by extensions ['colcon_meta']
[0.268s] Level 1:colcon.colcon_core.package_identification:_identify(src/yesense_interface) by extension 'colcon_meta'
[0.268s] Level 1:colcon.colcon_core.package_identification:_identify(src/yesense_interface) by extensions ['ros']
[0.268s] Level 1:colcon.colcon_core.package_identification:_identify(src/yesense_interface) by extension 'ros'
[0.268s] DEBUG:colcon.colcon_core.package_identification:Package 'src/yesense_interface' with type 'ros.ament_cmake' and name 'yesense_interface'
[0.268s] Level 1:colcon.colcon_core.package_identification:_identify(src/yesense_std_ros2) by extensions ['ignore', 'ignore_ament_install']
[0.269s] Level 1:colcon.colcon_core.package_identification:_identify(src/yesense_std_ros2) by extension 'ignore'
[0.269s] Level 1:colcon.colcon_core.package_identification:_identify(src/yesense_std_ros2) by extension 'ignore_ament_install'
[0.269s] Level 1:colcon.colcon_core.package_identification:_identify(src/yesense_std_ros2) by extensions ['colcon_pkg']
[0.269s] Level 1:colcon.colcon_core.package_identification:_identify(src/yesense_std_ros2) by extension 'colcon_pkg'
[0.269s] Level 1:colcon.colcon_core.package_identification:_identify(src/yesense_std_ros2) by extensions ['colcon_meta']
[0.269s] Level 1:colcon.colcon_core.package_identification:_identify(src/yesense_std_ros2) by extension 'colcon_meta'
[0.269s] Level 1:colcon.colcon_core.package_identification:_identify(src/yesense_std_ros2) by extensions ['ros']
[0.269s] Level 1:colcon.colcon_core.package_identification:_identify(src/yesense_std_ros2) by extension 'ros'
[0.270s] DEBUG:colcon.colcon_core.package_identification:Package 'src/yesense_std_ros2' with type 'ros.ament_cmake' and name 'yesense_std_ros2'
[0.270s] Level 1:colcon.colcon_core.package_discovery:discover_packages(recursive) using defaults
[0.270s] Level 1:colcon.colcon_core.package_discovery:discover_packages(ignore) discover
[0.270s] Level 1:colcon.colcon_core.package_discovery:discover_packages(ignore) using defaults
[0.270s] Level 1:colcon.colcon_core.package_discovery:discover_packages(path) discover
[0.270s] Level 1:colcon.colcon_core.package_discovery:discover_packages(path) using defaults
[0.296s] Level 1:colcon.colcon_core.package_discovery:discover_packages(prefix_path) check parameters
[0.297s] Level 1:colcon.colcon_core.package_discovery:discover_packages(prefix_path) discover
[0.301s] DEBUG:colcon.colcon_installed_package_information.package_discovery:Found 386 installed packages in /opt/ros/jazzy
[0.303s] Level 1:colcon.colcon_core.package_discovery:discover_packages(prefix_path) using defaults
[0.378s] Level 5:colcon.colcon_core.verb:set package 'robot_model' build argument 'cmake_args' from command line to 'None'
[0.378s] Level 5:colcon.colcon_core.verb:set package 'robot_model' build argument 'cmake_target' from command line to 'None'
[0.378s] Level 5:colcon.colcon_core.verb:set package 'robot_model' build argument 'cmake_target_skip_unavailable' from command line to 'False'
[0.378s] Level 5:colcon.colcon_core.verb:set package 'robot_model' build argument 'cmake_clean_cache' from command line to 'False'
[0.378s] Level 5:colcon.colcon_core.verb:set package 'robot_model' build argument 'cmake_clean_first' from command line to 'False'
[0.378s] Level 5:colcon.colcon_core.verb:set package 'robot_model' build argument 'cmake_force_configure' from command line to 'False'
[0.378s] Level 5:colcon.colcon_core.verb:set package 'robot_model' build argument 'ament_cmake_args' from command line to 'None'
[0.378s] Level 5:colcon.colcon_core.verb:set package 'robot_model' build argument 'catkin_cmake_args' from command line to 'None'
[0.378s] Level 5:colcon.colcon_core.verb:set package 'robot_model' build argument 'catkin_skip_building_tests' from command line to 'False'
[0.378s] DEBUG:colcon.colcon_core.verb:Building package 'robot_model' with the following arguments: {'ament_cmake_args': None, 'build_base': '/home/ubuntu/rb3302_final_proj_code/robot_ws/build/robot_model', 'catkin_cmake_args': None, 'catkin_skip_building_tests': False, 'cmake_args': None, 'cmake_clean_cache': False, 'cmake_clean_first': False, 'cmake_force_configure': False, 'cmake_target': None, 'cmake_target_skip_unavailable': False, 'install_base': '/home/ubuntu/rb3302_final_proj_code/robot_ws/install/robot_model', 'merge_install': False, 'path': '/home/ubuntu/rb3302_final_proj_code/robot_ws/src/robot_model', 'symlink_install': True, 'test_result_base': None}
[0.378s] Level 5:colcon.colcon_core.verb:set package 'rplidar_ros' build argument 'cmake_args' from command line to 'None'
[0.379s] Level 5:colcon.colcon_core.verb:set package 'rplidar_ros' build argument 'cmake_target' from command line to 'None'
[0.379s] Level 5:colcon.colcon_core.verb:set package 'rplidar_ros' build argument 'cmake_target_skip_unavailable' from command line to 'False'
[0.379s] Level 5:colcon.colcon_core.verb:set package 'rplidar_ros' build argument 'cmake_clean_cache' from command line to 'False'
[0.379s] Level 5:colcon.colcon_core.verb:set package 'rplidar_ros' build argument 'cmake_clean_first' from command line to 'False'
[0.379s] Level 5:colcon.colcon_core.verb:set package 'rplidar_ros' build argument 'cmake_force_configure' from command line to 'False'
[0.379s] Level 5:colcon.colcon_core.verb:set package 'rplidar_ros' build argument 'ament_cmake_args' from command line to 'None'
[0.379s] Level 5:colcon.colcon_core.verb:set package 'rplidar_ros' build argument 'catkin_cmake_args' from command line to 'None'
[0.379s] Level 5:colcon.colcon_core.verb:set package 'rplidar_ros' build argument 'catkin_skip_building_tests' from command line to 'False'
[0.379s] DEBUG:colcon.colcon_core.verb:Building package 'rplidar_ros' with the following arguments: {'ament_cmake_args': None, 'build_base': '/home/ubuntu/rb3302_final_proj_code/robot_ws/build/rplidar_ros', 'catkin_cmake_args': None, 'catkin_skip_building_tests': False, 'cmake_args': None, 'cmake_clean_cache': False, 'cmake_clean_first': False, 'cmake_force_configure': False, 'cmake_target': None, 'cmake_target_skip_unavailable': False, 'install_base': '/home/ubuntu/rb3302_final_proj_code/robot_ws/install/rplidar_ros', 'merge_install': False, 'path': '/home/ubuntu/rb3302_final_proj_code/robot_ws/src/rplidar_ros', 'symlink_install': True, 'test_result_base': None}
[0.379s] Level 5:colcon.colcon_core.verb:set package 'serial' build argument 'cmake_args' from command line to 'None'
[0.379s] Level 5:colcon.colcon_core.verb:set package 'serial' build argument 'cmake_target' from command line to 'None'
[0.379s] Level 5:colcon.colcon_core.verb:set package 'serial' build argument 'cmake_target_skip_unavailable' from command line to 'False'
[0.379s] Level 5:colcon.colcon_core.verb:set package 'serial' build argument 'cmake_clean_cache' from command line to 'False'
[0.379s] Level 5:colcon.colcon_core.verb:set package 'serial' build argument 'cmake_clean_first' from command line to 'False'
[0.379s] Level 5:colcon.colcon_core.verb:set package 'serial' build argument 'cmake_force_configure' from command line to 'False'
[0.379s] Level 5:colcon.colcon_core.verb:set package 'serial' build argument 'ament_cmake_args' from command line to 'None'
[0.379s] Level 5:colcon.colcon_core.verb:set package 'serial' build argument 'catkin_cmake_args' from command line to 'None'
[0.379s] Level 5:colcon.colcon_core.verb:set package 'serial' build argument 'catkin_skip_building_tests' from command line to 'False'
[0.379s] DEBUG:colcon.colcon_core.verb:Building package 'serial' with the following arguments: {'ament_cmake_args': None, 'build_base': '/home/ubuntu/rb3302_final_proj_code/robot_ws/build/serial', 'catkin_cmake_args': None, 'catkin_skip_building_tests': False, 'cmake_args': None, 'cmake_clean_cache': False, 'cmake_clean_first': False, 'cmake_force_configure': False, 'cmake_target': None, 'cmake_target_skip_unavailable': False, 'install_base': '/home/ubuntu/rb3302_final_proj_code/robot_ws/install/serial', 'merge_install': False, 'path': '/home/ubuntu/rb3302_final_proj_code/robot_ws/src/serial', 'symlink_install': True, 'test_result_base': None}
[0.380s] Level 5:colcon.colcon_core.verb:set package 'waverover_base' build argument 'cmake_args' from command line to 'None'
[0.380s] Level 5:colcon.colcon_core.verb:set package 'waverover_base' build argument 'cmake_target' from command line to 'None'
[0.380s] Level 5:colcon.colcon_core.verb:set package 'waverover_base' build argument 'cmake_target_skip_unavailable' from command line to 'False'
[0.380s] Level 5:colcon.colcon_core.verb:set package 'waverover_base' build argument 'cmake_clean_cache' from command line to 'False'
[0.380s] Level 5:colcon.colcon_core.verb:set package 'waverover_base' build argument 'cmake_clean_first' from command line to 'False'
[0.380s] Level 5:colcon.colcon_core.verb:set package 'waverover_base' build argument 'cmake_force_configure' from command line to 'False'
[0.380s] Level 5:colcon.colcon_core.verb:set package 'waverover_base' build argument 'ament_cmake_args' from command line to 'None'
[0.380s] Level 5:colcon.colcon_core.verb:set package 'waverover_base' build argument 'catkin_cmake_args' from command line to 'None'
[0.380s] Level 5:colcon.colcon_core.verb:set package 'waverover_base' build argument 'catkin_skip_building_tests' from command line to 'False'
[0.380s] DEBUG:colcon.colcon_core.verb:Building package 'waverover_base' with the following arguments: {'ament_cmake_args': None, 'build_base': '/home/ubuntu/rb3302_final_proj_code/robot_ws/build/waverover_base', 'catkin_cmake_args': None, 'catkin_skip_building_tests': False, 'cmake_args': None, 'cmake_clean_cache': False, 'cmake_clean_first': False, 'cmake_force_configure': False, 'cmake_target': None, 'cmake_target_skip_unavailable': False, 'install_base': '/home/ubuntu/rb3302_final_proj_code/robot_ws/install/waverover_base', 'merge_install': False, 'path': '/home/ubuntu/rb3302_final_proj_code/robot_ws/src/waverover_base', 'symlink_install': True, 'test_result_base': None}
[0.380s] Level 5:colcon.colcon_core.verb:set package 'yesense_interface' build argument 'cmake_args' from command line to 'None'
[0.380s] Level 5:colcon.colcon_core.verb:set package 'yesense_interface' build argument 'cmake_target' from command line to 'None'
[0.380s] Level 5:colcon.colcon_core.verb:set package 'yesense_interface' build argument 'cmake_target_skip_unavailable' from command line to 'False'
[0.381s] Level 5:colcon.colcon_core.verb:set package 'yesense_interface' build argument 'cmake_clean_cache' from command line to 'False'
[0.381s] Level 5:colcon.colcon_core.verb:set package 'yesense_interface' build argument 'cmake_clean_first' from command line to 'False'
[0.381s] Level 5:colcon.colcon_core.verb:set package 'yesense_interface' build argument 'cmake_force_configure' from command line to 'False'
[0.381s] Level 5:colcon.colcon_core.verb:set package 'yesense_interface' build argument 'ament_cmake_args' from command line to 'None'
[0.381s] Level 5:colcon.colcon_core.verb:set package 'yesense_interface' build argument 'catkin_cmake_args' from command line to 'None'
[0.381s] Level 5:colcon.colcon_core.verb:set package 'yesense_interface' build argument 'catkin_skip_building_tests' from command line to 'False'
[0.381s] DEBUG:colcon.colcon_core.verb:Building package 'yesense_interface' with the following arguments: {'ament_cmake_args': None, 'build_base': '/home/ubuntu/rb3302_final_proj_code/robot_ws/build/yesense_interface', 'catkin_cmake_args': None, 'catkin_skip_building_tests': False, 'cmake_args': None, 'cmake_clean_cache': False, 'cmake_clean_first': False, 'cmake_force_configure': False, 'cmake_target': None, 'cmake_target_skip_unavailable': False, 'install_base': '/home/ubuntu/rb3302_final_proj_code/robot_ws/install/yesense_interface', 'merge_install': False, 'path': '/home/ubuntu/rb3302_final_proj_code/robot_ws/src/yesense_interface', 'symlink_install': True, 'test_result_base': None}
[0.381s] Level 5:colcon.colcon_core.verb:set package 'yesense_std_ros2' build argument 'cmake_args' from command line to 'None'
[0.381s] Level 5:colcon.colcon_core.verb:set package 'yesense_std_ros2' build argument 'cmake_target' from command line to 'None'
[0.381s] Level 5:colcon.colcon_core.verb:set package 'yesense_std_ros2' build argument 'cmake_target_skip_unavailable' from command line to 'False'
[0.381s] Level 5:colcon.colcon_core.verb:set package 'yesense_std_ros2' build argument 'cmake_clean_cache' from command line to 'False'
[0.381s] Level 5:colcon.colcon_core.verb:set package 'yesense_std_ros2' build argument 'cmake_clean_first' from command line to 'False'
[0.381s] Level 5:colcon.colcon_core.verb:set package 'yesense_std_ros2' build argument 'cmake_force_configure' from command line to 'False'
[0.381s] Level 5:colcon.colcon_core.verb:set package 'yesense_std_ros2' build argument 'ament_cmake_args' from command line to 'None'
[0.381s] Level 5:colcon.colcon_core.verb:set package 'yesense_std_ros2' build argument 'catkin_cmake_args' from command line to 'None'
[0.381s] Level 5:colcon.colcon_core.verb:set package 'yesense_std_ros2' build argument 'catkin_skip_building_tests' from command line to 'False'
[0.381s] DEBUG:colcon.colcon_core.verb:Building package 'yesense_std_ros2' with the following arguments: {'ament_cmake_args': None, 'build_base': '/home/ubuntu/rb3302_final_proj_code/robot_ws/build/yesense_std_ros2', 'catkin_cmake_args': None, 'catkin_skip_building_tests': False, 'cmake_args': None, 'cmake_clean_cache': False, 'cmake_clean_first': False, 'cmake_force_configure': False, 'cmake_target': None, 'cmake_target_skip_unavailable': False, 'install_base': '/home/ubuntu/rb3302_final_proj_code/robot_ws/install/yesense_std_ros2', 'merge_install': False, 'path': '/home/ubuntu/rb3302_final_proj_code/robot_ws/src/yesense_std_ros2', 'symlink_install': True, 'test_result_base': None}
[0.382s] Level 5:colcon.colcon_core.verb:set package 'robot_init' build argument 'cmake_args' from command line to 'None'
[0.382s] Level 5:colcon.colcon_core.verb:set package 'robot_init' build argument 'cmake_target' from command line to 'None'
[0.382s] Level 5:colcon.colcon_core.verb:set package 'robot_init' build argument 'cmake_target_skip_unavailable' from command line to 'False'
[0.382s] Level 5:colcon.colcon_core.verb:set package 'robot_init' build argument 'cmake_clean_cache' from command line to 'False'
[0.382s] Level 5:colcon.colcon_core.verb:set package 'robot_init' build argument 'cmake_clean_first' from command line to 'False'
[0.382s] Level 5:colcon.colcon_core.verb:set package 'robot_init' build argument 'cmake_force_configure' from command line to 'False'
[0.382s] Level 5:colcon.colcon_core.verb:set package 'robot_init' build argument 'ament_cmake_args' from command line to 'None'
[0.382s] Level 5:colcon.colcon_core.verb:set package 'robot_init' build argument 'catkin_cmake_args' from command line to 'None'
[0.382s] Level 5:colcon.colcon_core.verb:set package 'robot_init' build argument 'catkin_skip_building_tests' from command line to 'False'
[0.382s] DEBUG:colcon.colcon_core.verb:Building package 'robot_init' with the following arguments: {'ament_cmake_args': None, 'build_base': '/home/ubuntu/rb3302_final_proj_code/robot_ws/build/robot_init', 'catkin_cmake_args': None, 'catkin_skip_building_tests': False, 'cmake_args': None, 'cmake_clean_cache': False, 'cmake_clean_first': False, 'cmake_force_configure': False, 'cmake_target': None, 'cmake_target_skip_unavailable': False, 'install_base': '/home/ubuntu/rb3302_final_proj_code/robot_ws/install/robot_init', 'merge_install': False, 'path': '/home/ubuntu/rb3302_final_proj_code/robot_ws/src/robot_init', 'symlink_install': True, 'test_result_base': None}
[0.382s] INFO:colcon.colcon_core.executor:Executing jobs using 'parallel' executor
[0.383s] DEBUG:colcon.colcon_parallel_executor.executor.parallel:run_until_complete
[0.384s] INFO:colcon.colcon_ros.task.ament_cmake.build:Building ROS package in '/home/ubuntu/rb3302_final_proj_code/robot_ws/src/serial' with build type 'ament_cmake'
[0.384s] INFO:colcon.colcon_cmake.task.cmake.build:Building CMake package in '/home/ubuntu/rb3302_final_proj_code/robot_ws/src/serial'
[0.387s] INFO:colcon.colcon_core.plugin_system:Skipping extension 'colcon_core.shell.bat': Not used on non-Windows systems
[0.387s] INFO:colcon.colcon_core.shell:Skip shell extension 'powershell' for command environment: Not usable outside of PowerShell
[0.387s] DEBUG:colcon.colcon_core.shell:Skip shell extension 'dsv' for command environment
[0.395s] INFO:colcon.colcon_ros.task.ament_cmake.build:Building ROS package in '/home/ubuntu/rb3302_final_proj_code/robot_ws/src/yesense_interface' with build type 'ament_cmake'
[0.395s] INFO:colcon.colcon_cmake.task.cmake.build:Building CMake package in '/home/ubuntu/rb3302_final_proj_code/robot_ws/src/yesense_interface'
[0.395s] INFO:colcon.colcon_core.shell:Skip shell extension 'powershell' for command environment: Not usable outside of PowerShell
[0.395s] DEBUG:colcon.colcon_core.shell:Skip shell extension 'dsv' for command environment
[0.400s] INFO:colcon.colcon_ros.task.ament_cmake.build:Building ROS package in '/home/ubuntu/rb3302_final_proj_code/robot_ws/src/robot_model' with build type 'ament_cmake'
[0.401s] INFO:colcon.colcon_cmake.task.cmake.build:Building CMake package in '/home/ubuntu/rb3302_final_proj_code/robot_ws/src/robot_model'
[0.401s] INFO:colcon.colcon_core.shell:Skip shell extension 'powershell' for command environment: Not usable outside of PowerShell
[0.401s] DEBUG:colcon.colcon_core.shell:Skip shell extension 'dsv' for command environment
[0.406s] INFO:colcon.colcon_ros.task.ament_cmake.build:Building ROS package in '/home/ubuntu/rb3302_final_proj_code/robot_ws/src/rplidar_ros' with build type 'ament_cmake'
[0.406s] INFO:colcon.colcon_cmake.task.cmake.build:Building CMake package in '/home/ubuntu/rb3302_final_proj_code/robot_ws/src/rplidar_ros'
[0.406s] INFO:colcon.colcon_core.shell:Skip shell extension 'powershell' for command environment: Not usable outside of PowerShell
[0.407s] DEBUG:colcon.colcon_core.shell:Skip shell extension 'dsv' for command environment
[0.412s] INFO:colcon.colcon_ros.task.ament_python.build:Building ROS package in '/home/ubuntu/rb3302_final_proj_code/robot_ws/src/waverover_base' with build type 'ament_python'
[0.413s] Level 1:colcon.colcon_core.shell:create_environment_hook('waverover_base', 'ament_prefix_path')
[0.413s] INFO:colcon.colcon_core.shell:Creating environment hook '/home/ubuntu/rb3302_final_proj_code/robot_ws/install/waverover_base/share/waverover_base/hook/ament_prefix_path.ps1'
[0.414s] INFO:colcon.colcon_core.shell:Creating environment descriptor '/home/ubuntu/rb3302_final_proj_code/robot_ws/install/waverover_base/share/waverover_base/hook/ament_prefix_path.dsv'
[0.415s] INFO:colcon.colcon_core.shell:Creating environment hook '/home/ubuntu/rb3302_final_proj_code/robot_ws/install/waverover_base/share/waverover_base/hook/ament_prefix_path.sh'
[0.415s] INFO:colcon.colcon_core.shell:Skip shell extension 'powershell' for command environment: Not usable outside of PowerShell
[0.416s] DEBUG:colcon.colcon_core.shell:Skip shell extension 'dsv' for command environment
[0.426s] DEBUG:colcon.colcon_core.event_handler.log_command:Invoking command in '/home/ubuntu/rb3302_final_proj_code/robot_ws/build/serial': CMAKE_PREFIX_PATH=${CMAKE_PREFIX_PATH}:/opt/ros/jazzy /usr/bin/cmake /home/ubuntu/rb3302_final_proj_code/robot_ws/src/serial -DAMENT_CMAKE_SYMLINK_INSTALL=1 -DCMAKE_INSTALL_PREFIX=/home/ubuntu/rb3302_final_proj_code/robot_ws/install/serial
[0.430s] DEBUG:colcon.colcon_core.event_handler.log_command:Invoking command in '/home/ubuntu/rb3302_final_proj_code/robot_ws/build/yesense_interface': CMAKE_PREFIX_PATH=${CMAKE_PREFIX_PATH}:/opt/ros/jazzy /usr/bin/cmake /home/ubuntu/rb3302_final_proj_code/robot_ws/src/yesense_interface -DAMENT_CMAKE_SYMLINK_INSTALL=1 -DCMAKE_INSTALL_PREFIX=/home/ubuntu/rb3302_final_proj_code/robot_ws/install/yesense_interface
[0.434s] DEBUG:colcon.colcon_core.event_handler.log_command:Invoking command in '/home/ubuntu/rb3302_final_proj_code/robot_ws/build/robot_model': CMAKE_PREFIX_PATH=${CMAKE_PREFIX_PATH}:/opt/ros/jazzy /usr/bin/cmake /home/ubuntu/rb3302_final_proj_code/robot_ws/src/robot_model -DAMENT_CMAKE_SYMLINK_INSTALL=1 -DCMAKE_INSTALL_PREFIX=/home/ubuntu/rb3302_final_proj_code/robot_ws/install/robot_model
[0.441s] DEBUG:colcon.colcon_core.event_handler.log_command:Invoking command in '/home/ubuntu/rb3302_final_proj_code/robot_ws/build/rplidar_ros': CMAKE_PREFIX_PATH=${CMAKE_PREFIX_PATH}:/opt/ros/jazzy /usr/bin/cmake /home/ubuntu/rb3302_final_proj_code/robot_ws/src/rplidar_ros -DAMENT_CMAKE_SYMLINK_INSTALL=1 -DCMAKE_INSTALL_PREFIX=/home/ubuntu/rb3302_final_proj_code/robot_ws/install/rplidar_ros
[0.914s] INFO:colcon.colcon_core.task.python.build:Building Python package in '/home/ubuntu/rb3302_final_proj_code/robot_ws/src/waverover_base'
[0.915s] INFO:colcon.colcon_core.shell:Skip shell extension 'powershell' for command environment: Not usable outside of PowerShell
[0.915s] DEBUG:colcon.colcon_core.shell:Skip shell extension 'dsv' for command environment
[1.380s] DEBUG:colcon.colcon_core.event_handler.log_command:Invoked command in '/home/ubuntu/rb3302_final_proj_code/robot_ws/build/robot_model' returned '0': CMAKE_PREFIX_PATH=${CMAKE_PREFIX_PATH}:/opt/ros/jazzy /usr/bin/cmake /home/ubuntu/rb3302_final_proj_code/robot_ws/src/robot_model -DAMENT_CMAKE_SYMLINK_INSTALL=1 -DCMAKE_INSTALL_PREFIX=/home/ubuntu/rb3302_final_proj_code/robot_ws/install/robot_model
[1.382s] DEBUG:colcon.colcon_core.event_handler.log_command:Invoking command in '/home/ubuntu/rb3302_final_proj_code/robot_ws/build/robot_model': CMAKE_PREFIX_PATH=${CMAKE_PREFIX_PATH}:/opt/ros/jazzy /usr/bin/cmake --build /home/ubuntu/rb3302_final_proj_code/robot_ws/build/robot_model -- -j8 -l8
[1.437s] DEBUG:colcon.colcon_core.event_handler.log_command:Invoked command in '/home/ubuntu/rb3302_final_proj_code/robot_ws/build/serial' returned '0': CMAKE_PREFIX_PATH=${CMAKE_PREFIX_PATH}:/opt/ros/jazzy /usr/bin/cmake /home/ubuntu/rb3302_final_proj_code/robot_ws/src/serial -DAMENT_CMAKE_SYMLINK_INSTALL=1 -DCMAKE_INSTALL_PREFIX=/home/ubuntu/rb3302_final_proj_code/robot_ws/install/serial
[1.439s] DEBUG:colcon.colcon_core.event_handler.log_command:Invoking command in '/home/ubuntu/rb3302_final_proj_code/robot_ws/build/serial': CMAKE_PREFIX_PATH=${CMAKE_PREFIX_PATH}:/opt/ros/jazzy /usr/bin/cmake --build /home/ubuntu/rb3302_final_proj_code/robot_ws/build/serial -- -j8 -l8
[1.851s] DEBUG:colcon.colcon_core.event_handler.log_command:Invoked command in '/home/ubuntu/rb3302_final_proj_code/robot_ws/build/rplidar_ros' returned '0': CMAKE_PREFIX_PATH=${CMAKE_PREFIX_PATH}:/opt/ros/jazzy /usr/bin/cmake /home/ubuntu/rb3302_final_proj_code/robot_ws/src/rplidar_ros -DAMENT_CMAKE_SYMLINK_INSTALL=1 -DCMAKE_INSTALL_PREFIX=/home/ubuntu/rb3302_final_proj_code/robot_ws/install/rplidar_ros
[1.854s] DEBUG:colcon.colcon_core.event_handler.log_command:Invoking command in '/home/ubuntu/rb3302_final_proj_code/robot_ws/build/rplidar_ros': CMAKE_PREFIX_PATH=${CMAKE_PREFIX_PATH}:/opt/ros/jazzy /usr/bin/cmake --build /home/ubuntu/rb3302_final_proj_code/robot_ws/build/rplidar_ros -- -j8 -l8
[2.171s] DEBUG:colcon.colcon_core.task.python.build:Available setuptools commands: register, bdist_rpm, clean, sdist, build_scripts, symlink_data, test, build_clib, develop, easy_install, rotate, install_lib, update_catalog, editable_wheel, egg_info, bdist_wheel, upload, saveopts, install_scripts, alias, build_py, dist_info, install_egg_info, bdist, check, build, init_catalog, upload_docs, install, bdist_dumb, extract_messages, build_ext, install_headers, compile_catalog, install_data, setopt, bdist_egg
[2.299s] DEBUG:colcon.colcon_core.event_handler.log_command:Invoked command in '/home/ubuntu/rb3302_final_proj_code/robot_ws/build/robot_model' returned '0': CMAKE_PREFIX_PATH=${CMAKE_PREFIX_PATH}:/opt/ros/jazzy /usr/bin/cmake --build /home/ubuntu/rb3302_final_proj_code/robot_ws/build/robot_model -- -j8 -l8
[2.323s] DEBUG:colcon.colcon_core.event_handler.log_command:Invoking command in '/home/ubuntu/rb3302_final_proj_code/robot_ws/build/robot_model': CMAKE_PREFIX_PATH=${CMAKE_PREFIX_PATH}:/opt/ros/jazzy /usr/bin/cmake --install /home/ubuntu/rb3302_final_proj_code/robot_ws/build/robot_model
[2.400s] Level 1:colcon.colcon_core.environment:create_environment_scripts_only(robot_model)
[2.401s] DEBUG:colcon.colcon_core.event_handler.log_command:Invoked command in '/home/ubuntu/rb3302_final_proj_code/robot_ws/build/robot_model' returned '0': CMAKE_PREFIX_PATH=${CMAKE_PREFIX_PATH}:/opt/ros/jazzy /usr/bin/cmake --install /home/ubuntu/rb3302_final_proj_code/robot_ws/build/robot_model
[2.414s] Level 1:colcon.colcon_core.environment:checking '/home/ubuntu/rb3302_final_proj_code/robot_ws/install/robot_model' for CMake module files
[2.419s] Level 1:colcon.colcon_core.environment:checking '/home/ubuntu/rb3302_final_proj_code/robot_ws/install/robot_model' for CMake config files
[2.421s] Level 1:colcon.colcon_core.shell:create_environment_hook('robot_model', 'cmake_prefix_path')
[2.423s] INFO:colcon.colcon_core.shell:Creating environment hook '/home/ubuntu/rb3302_final_proj_code/robot_ws/install/robot_model/share/robot_model/hook/cmake_prefix_path.ps1'
[2.428s] INFO:colcon.colcon_core.shell:Creating environment descriptor '/home/ubuntu/rb3302_final_proj_code/robot_ws/install/robot_model/share/robot_model/hook/cmake_prefix_path.dsv'
[2.431s] INFO:colcon.colcon_core.shell:Creating environment hook '/home/ubuntu/rb3302_final_proj_code/robot_ws/install/robot_model/share/robot_model/hook/cmake_prefix_path.sh'
[2.437s] Level 1:colcon.colcon_core.environment:checking '/home/ubuntu/rb3302_final_proj_code/robot_ws/install/robot_model/bin'
[2.437s] Level 1:colcon.colcon_core.environment:checking '/home/ubuntu/rb3302_final_proj_code/robot_ws/install/robot_model/lib/pkgconfig/robot_model.pc'
[2.439s] Level 1:colcon.colcon_core.environment:checking '/home/ubuntu/rb3302_final_proj_code/robot_ws/install/robot_model/lib/python3.12/site-packages'
[2.442s] Level 1:colcon.colcon_core.environment:checking '/home/ubuntu/rb3302_final_proj_code/robot_ws/install/robot_model/bin'
[2.444s] INFO:colcon.colcon_core.shell:Creating package script '/home/ubuntu/rb3302_final_proj_code/robot_ws/install/robot_model/share/robot_model/package.ps1'
[2.451s] INFO:colcon.colcon_core.shell:Creating package descriptor '/home/ubuntu/rb3302_final_proj_code/robot_ws/install/robot_model/share/robot_model/package.dsv'
[2.456s] INFO:colcon.colcon_core.shell:Creating package script '/home/ubuntu/rb3302_final_proj_code/robot_ws/install/robot_model/share/robot_model/package.sh'
[2.461s] INFO:colcon.colcon_core.shell:Creating package script '/home/ubuntu/rb3302_final_proj_code/robot_ws/install/robot_model/share/robot_model/package.bash'
[2.463s] INFO:colcon.colcon_core.shell:Creating package script '/home/ubuntu/rb3302_final_proj_code/robot_ws/install/robot_model/share/robot_model/package.zsh'
[2.464s] Level 1:colcon.colcon_core.environment:create_file_with_runtime_dependencies(/home/ubuntu/rb3302_final_proj_code/robot_ws/install/robot_model/share/colcon-core/packages/robot_model)
[2.465s] Level 1:colcon.colcon_core.environment:create_environment_scripts_only(robot_model)
[2.466s] Level 1:colcon.colcon_core.environment:checking '/home/ubuntu/rb3302_final_proj_code/robot_ws/install/robot_model' for CMake module files
[2.467s] Level 1:colcon.colcon_core.environment:checking '/home/ubuntu/rb3302_final_proj_code/robot_ws/install/robot_model' for CMake config files
[2.467s] Level 1:colcon.colcon_core.shell:create_environment_hook('robot_model', 'cmake_prefix_path')
[2.467s] INFO:colcon.colcon_core.shell:Creating environment hook '/home/ubuntu/rb3302_final_proj_code/robot_ws/install/robot_model/share/robot_model/hook/cmake_prefix_path.ps1'
[2.468s] INFO:colcon.colcon_core.shell:Creating environment descriptor '/home/ubuntu/rb3302_final_proj_code/robot_ws/install/robot_model/share/robot_model/hook/cmake_prefix_path.dsv'
[2.469s] INFO:colcon.colcon_core.shell:Creating environment hook '/home/ubuntu/rb3302_final_proj_code/robot_ws/install/robot_model/share/robot_model/hook/cmake_prefix_path.sh'
[2.470s] Level 1:colcon.colcon_core.environment:checking '/home/ubuntu/rb3302_final_proj_code/robot_ws/install/robot_model/bin'
[2.470s] Level 1:colcon.colcon_core.environment:checking '/home/ubuntu/rb3302_final_proj_code/robot_ws/install/robot_model/lib/pkgconfig/robot_model.pc'
[2.471s] Level 1:colcon.colcon_core.environment:checking '/home/ubuntu/rb3302_final_proj_code/robot_ws/install/robot_model/lib/python3.12/site-packages'
[2.471s] Level 1:colcon.colcon_core.environment:checking '/home/ubuntu/rb3302_final_proj_code/robot_ws/install/robot_model/bin'
[2.472s] INFO:colcon.colcon_core.shell:Creating package script '/home/ubuntu/rb3302_final_proj_code/robot_ws/install/robot_model/share/robot_model/package.ps1'
[2.473s] INFO:colcon.colcon_core.shell:Creating package descriptor '/home/ubuntu/rb3302_final_proj_code/robot_ws/install/robot_model/share/robot_model/package.dsv'
[2.474s] INFO:colcon.colcon_core.shell:Creating package script '/home/ubuntu/rb3302_final_proj_code/robot_ws/install/robot_model/share/robot_model/package.sh'
[2.475s] INFO:colcon.colcon_core.shell:Creating package script '/home/ubuntu/rb3302_final_proj_code/robot_ws/install/robot_model/share/robot_model/package.bash'
[2.476s] INFO:colcon.colcon_core.shell:Creating package script '/home/ubuntu/rb3302_final_proj_code/robot_ws/install/robot_model/share/robot_model/package.zsh'
[2.477s] Level 1:colcon.colcon_core.environment:create_file_with_runtime_dependencies(/home/ubuntu/rb3302_final_proj_code/robot_ws/install/robot_model/share/colcon-core/packages/robot_model)
[2.605s] DEBUG:colcon.colcon_core.event_handler.log_command:Invoked command in '/home/ubuntu/rb3302_final_proj_code/robot_ws/build/serial' returned '0': CMAKE_PREFIX_PATH=${CMAKE_PREFIX_PATH}:/opt/ros/jazzy /usr/bin/cmake --build /home/ubuntu/rb3302_final_proj_code/robot_ws/build/serial -- -j8 -l8
[2.608s] DEBUG:colcon.colcon_core.event_handler.log_command:Invoking command in '/home/ubuntu/rb3302_final_proj_code/robot_ws/build/serial': CMAKE_PREFIX_PATH=${CMAKE_PREFIX_PATH}:/opt/ros/jazzy /usr/bin/cmake --install /home/ubuntu/rb3302_final_proj_code/robot_ws/build/serial
[2.667s] Level 1:colcon.colcon_core.environment:create_environment_scripts_only(serial)
[2.668s] Level 1:colcon.colcon_core.environment:checking '/home/ubuntu/rb3302_final_proj_code/robot_ws/install/serial' for CMake module files
[2.670s] DEBUG:colcon.colcon_core.event_handler.log_command:Invoked command in '/home/ubuntu/rb3302_final_proj_code/robot_ws/build/serial' returned '0': CMAKE_PREFIX_PATH=${CMAKE_PREFIX_PATH}:/opt/ros/jazzy /usr/bin/cmake --install /home/ubuntu/rb3302_final_proj_code/robot_ws/build/serial
[2.672s] Level 1:colcon.colcon_core.environment:checking '/home/ubuntu/rb3302_final_proj_code/robot_ws/install/serial' for CMake config files
[2.674s] Level 1:colcon.colcon_core.shell:create_environment_hook('serial', 'cmake_prefix_path')
[2.676s] INFO:colcon.colcon_core.shell:Creating environment hook '/home/ubuntu/rb3302_final_proj_code/robot_ws/install/serial/share/serial/hook/cmake_prefix_path.ps1'
[2.679s] INFO:colcon.colcon_core.shell:Creating environment descriptor '/home/ubuntu/rb3302_final_proj_code/robot_ws/install/serial/share/serial/hook/cmake_prefix_path.dsv'
[2.682s] INFO:colcon.colcon_core.shell:Creating environment hook '/home/ubuntu/rb3302_final_proj_code/robot_ws/install/serial/share/serial/hook/cmake_prefix_path.sh'
[2.688s] Level 1:colcon.colcon_core.environment:checking '/home/ubuntu/rb3302_final_proj_code/robot_ws/install/serial/lib'
[2.689s] Level 1:colcon.colcon_core.environment:checking '/home/ubuntu/rb3302_final_proj_code/robot_ws/install/serial/bin'
[2.690s] Level 1:colcon.colcon_core.environment:checking '/home/ubuntu/rb3302_final_proj_code/robot_ws/install/serial/lib/pkgconfig/serial.pc'
[2.691s] Level 1:colcon.colcon_core.environment:checking '/home/ubuntu/rb3302_final_proj_code/robot_ws/install/serial/lib/python3.12/site-packages'
[2.693s] Level 1:colcon.colcon_core.environment:checking '/home/ubuntu/rb3302_final_proj_code/robot_ws/install/serial/bin'
[2.695s] INFO:colcon.colcon_core.shell:Creating package script '/home/ubuntu/rb3302_final_proj_code/robot_ws/install/serial/share/serial/package.ps1'
[2.699s] INFO:colcon.colcon_core.shell:Creating package descriptor '/home/ubuntu/rb3302_final_proj_code/robot_ws/install/serial/share/serial/package.dsv'
[2.701s] INFO:colcon.colcon_core.shell:Creating package script '/home/ubuntu/rb3302_final_proj_code/robot_ws/install/serial/share/serial/package.sh'
[2.704s] INFO:colcon.colcon_core.shell:Creating package script '/home/ubuntu/rb3302_final_proj_code/robot_ws/install/serial/share/serial/package.bash'
[2.706s] INFO:colcon.colcon_core.shell:Creating package script '/home/ubuntu/rb3302_final_proj_code/robot_ws/install/serial/share/serial/package.zsh'
[2.707s] Level 1:colcon.colcon_core.environment:create_file_with_runtime_dependencies(/home/ubuntu/rb3302_final_proj_code/robot_ws/install/serial/share/colcon-core/packages/serial)
[2.708s] Level 1:colcon.colcon_core.environment:create_environment_scripts_only(serial)
[2.708s] Level 1:colcon.colcon_core.environment:checking '/home/ubuntu/rb3302_final_proj_code/robot_ws/install/serial' for CMake module files
[2.709s] Level 1:colcon.colcon_core.environment:checking '/home/ubuntu/rb3302_final_proj_code/robot_ws/install/serial' for CMake config files
[2.709s] Level 1:colcon.colcon_core.shell:create_environment_hook('serial', 'cmake_prefix_path')
[2.710s] INFO:colcon.colcon_core.shell:Creating environment hook '/home/ubuntu/rb3302_final_proj_code/robot_ws/install/serial/share/serial/hook/cmake_prefix_path.ps1'
[2.710s] INFO:colcon.colcon_core.shell:Creating environment descriptor '/home/ubuntu/rb3302_final_proj_code/robot_ws/install/serial/share/serial/hook/cmake_prefix_path.dsv'
[2.711s] INFO:colcon.colcon_core.shell:Creating environment hook '/home/ubuntu/rb3302_final_proj_code/robot_ws/install/serial/share/serial/hook/cmake_prefix_path.sh'
[2.712s] Level 1:colcon.colcon_core.environment:checking '/home/ubuntu/rb3302_final_proj_code/robot_ws/install/serial/lib'
[2.712s] Level 1:colcon.colcon_core.environment:checking '/home/ubuntu/rb3302_final_proj_code/robot_ws/install/serial/bin'
[2.712s] Level 1:colcon.colcon_core.environment:checking '/home/ubuntu/rb3302_final_proj_code/robot_ws/install/serial/lib/pkgconfig/serial.pc'
[2.713s] Level 1:colcon.colcon_core.environment:checking '/home/ubuntu/rb3302_final_proj_code/robot_ws/install/serial/lib/python3.12/site-packages'
[2.714s] Level 1:colcon.colcon_core.environment:checking '/home/ubuntu/rb3302_final_proj_code/robot_ws/install/serial/bin'
[2.714s] INFO:colcon.colcon_core.shell:Creating package script '/home/ubuntu/rb3302_final_proj_code/robot_ws/install/serial/share/serial/package.ps1'
[2.715s] INFO:colcon.colcon_core.shell:Creating package descriptor '/home/ubuntu/rb3302_final_proj_code/robot_ws/install/serial/share/serial/package.dsv'
[2.716s] INFO:colcon.colcon_core.shell:Creating package script '/home/ubuntu/rb3302_final_proj_code/robot_ws/install/serial/share/serial/package.sh'
[2.717s] INFO:colcon.colcon_core.shell:Creating package script '/home/ubuntu/rb3302_final_proj_code/robot_ws/install/serial/share/serial/package.bash'
[2.718s] INFO:colcon.colcon_core.shell:Creating package script '/home/ubuntu/rb3302_final_proj_code/robot_ws/install/serial/share/serial/package.zsh'
[2.718s] Level 1:colcon.colcon_core.environment:create_file_with_runtime_dependencies(/home/ubuntu/rb3302_final_proj_code/robot_ws/install/serial/share/colcon-core/packages/serial)
[2.858s] DEBUG:colcon.colcon_core.task.python.build:Available setuptools 'develop' options: --build-directory, --optimize, --user, --index-url, --prefix, --force-installation-into-system-dir, --find-links, --no-find-links, --site-dirs, --editable, --multi-version, --help, --record, --script-dir, --install-layout, --always-unzip, --no-deps, --version, --verbose, --quiet, --exclude-scripts, --no-user-cfg, --upgrade, --allow-hosts, --dry-run, --zip-ok, --always-copy, --local-snapshots-ok, --egg-path, --uninstall, --install-dir
[2.860s] DEBUG:colcon.colcon_core.task.python.build:While undoing a previous installation files outside the Python library path are being ignored: /home/ubuntu/rb3302_final_proj_code/robot_ws/install/waverover_base/share/ament_index/resource_index/packages/waverover_base
[2.860s] DEBUG:colcon.colcon_core.task.python.build:While undoing a previous installation files outside the Python library path are being ignored: /home/ubuntu/rb3302_final_proj_code/robot_ws/install/waverover_base/share/waverover_base/package.xml
[2.860s] DEBUG:colcon.colcon_core.task.python.build:While undoing a previous installation files outside the Python library path are being ignored: /home/ubuntu/rb3302_final_proj_code/robot_ws/install/waverover_base/share/waverover_base/launch/driver.launch.py
[2.861s] DEBUG:colcon.colcon_core.task.python.build:While undoing a previous installation files outside the Python library path are being ignored: /home/ubuntu/rb3302_final_proj_code/robot_ws/install/waverover_base/lib/waverover_base/keyboard_teleop
[2.862s] DEBUG:colcon.colcon_core.task.python.build:While undoing a previous installation files outside the Python library path are being ignored: /home/ubuntu/rb3302_final_proj_code/robot_ws/install/waverover_base/lib/waverover_base/waverover_driver
[2.866s] DEBUG:colcon.colcon_core.event_handler.log_command:Invoking command in '/home/ubuntu/rb3302_final_proj_code/robot_ws/build/waverover_base': PYTHONPATH=/home/ubuntu/rb3302_final_proj_code/robot_ws/build/waverover_base/prefix_override:/usr/lib/python3/dist-packages/colcon_core/task/python/colcon_distutils_commands:/home/ubuntu/rb3302_final_proj_code/robot_ws/install/waverover_base/lib/python3.12/site-packages:${PYTHONPATH} /usr/bin/python3 -W ignore:setup.py install is deprecated -W ignore:easy_install command is deprecated setup.py develop --editable --build-directory /home/ubuntu/rb3302_final_proj_code/robot_ws/build/waverover_base/build --no-deps symlink_data --force
[3.015s] DEBUG:colcon.colcon_core.event_handler.log_command:Invoked command in '/home/ubuntu/rb3302_final_proj_code/robot_ws/build/yesense_interface' returned '0': CMAKE_PREFIX_PATH=${CMAKE_PREFIX_PATH}:/opt/ros/jazzy /usr/bin/cmake /home/ubuntu/rb3302_final_proj_code/robot_ws/src/yesense_interface -DAMENT_CMAKE_SYMLINK_INSTALL=1 -DCMAKE_INSTALL_PREFIX=/home/ubuntu/rb3302_final_proj_code/robot_ws/install/yesense_interface
[3.018s] DEBUG:colcon.colcon_core.event_handler.log_command:Invoking command in '/home/ubuntu/rb3302_final_proj_code/robot_ws/build/yesense_interface': CMAKE_PREFIX_PATH=${CMAKE_PREFIX_PATH}:/opt/ros/jazzy /usr/bin/cmake --build /home/ubuntu/rb3302_final_proj_code/robot_ws/build/yesense_interface -- -j8 -l8
[3.532s] DEBUG:colcon.colcon_core.event_handler.log_command:Invoked command in '/home/ubuntu/rb3302_final_proj_code/robot_ws/build/rplidar_ros' returned '0': CMAKE_PREFIX_PATH=${CMAKE_PREFIX_PATH}:/opt/ros/jazzy /usr/bin/cmake --build /home/ubuntu/rb3302_final_proj_code/robot_ws/build/rplidar_ros -- -j8 -l8
[3.535s] DEBUG:colcon.colcon_core.event_handler.log_command:Invoking command in '/home/ubuntu/rb3302_final_proj_code/robot_ws/build/rplidar_ros': CMAKE_PREFIX_PATH=${CMAKE_PREFIX_PATH}:/opt/ros/jazzy /usr/bin/cmake --install /home/ubuntu/rb3302_final_proj_code/robot_ws/build/rplidar_ros
[3.606s] Level 1:colcon.colcon_core.environment:create_environment_scripts_only(rplidar_ros)
[3.606s] DEBUG:colcon.colcon_core.event_handler.log_command:Invoked command in '/home/ubuntu/rb3302_final_proj_code/robot_ws/build/rplidar_ros' returned '0': CMAKE_PREFIX_PATH=${CMAKE_PREFIX_PATH}:/opt/ros/jazzy /usr/bin/cmake --install /home/ubuntu/rb3302_final_proj_code/robot_ws/build/rplidar_ros
[3.608s] Level 1:colcon.colcon_core.environment:checking '/home/ubuntu/rb3302_final_proj_code/robot_ws/install/rplidar_ros' for CMake module files
[3.614s] Level 1:colcon.colcon_core.environment:checking '/home/ubuntu/rb3302_final_proj_code/robot_ws/install/rplidar_ros' for CMake config files
[3.618s] Level 1:colcon.colcon_core.shell:create_environment_hook('rplidar_ros', 'cmake_prefix_path')
[3.620s] INFO:colcon.colcon_core.shell:Creating environment hook '/home/ubuntu/rb3302_final_proj_code/robot_ws/install/rplidar_ros/share/rplidar_ros/hook/cmake_prefix_path.ps1'
[3.624s] INFO:colcon.colcon_core.shell:Creating environment descriptor '/home/ubuntu/rb3302_final_proj_code/robot_ws/install/rplidar_ros/share/rplidar_ros/hook/cmake_prefix_path.dsv'
[3.628s] INFO:colcon.colcon_core.shell:Creating environment hook '/home/ubuntu/rb3302_final_proj_code/robot_ws/install/rplidar_ros/share/rplidar_ros/hook/cmake_prefix_path.sh'
[3.633s] Level 1:colcon.colcon_core.environment:checking '/home/ubuntu/rb3302_final_proj_code/robot_ws/install/rplidar_ros/lib'
[3.634s] Level 1:colcon.colcon_core.environment:checking '/home/ubuntu/rb3302_final_proj_code/robot_ws/install/rplidar_ros/bin'
[3.634s] Level 1:colcon.colcon_core.environment:checking '/home/ubuntu/rb3302_final_proj_code/robot_ws/install/rplidar_ros/lib/pkgconfig/rplidar_ros.pc'
[3.636s] Level 1:colcon.colcon_core.environment:checking '/home/ubuntu/rb3302_final_proj_code/robot_ws/install/rplidar_ros/lib/python3.12/site-packages'
[3.640s] Level 1:colcon.colcon_core.environment:checking '/home/ubuntu/rb3302_final_proj_code/robot_ws/install/rplidar_ros/bin'
[3.642s] INFO:colcon.colcon_core.shell:Creating package script '/home/ubuntu/rb3302_final_proj_code/robot_ws/install/rplidar_ros/share/rplidar_ros/package.ps1'
[3.647s] INFO:colcon.colcon_core.shell:Creating package descriptor '/home/ubuntu/rb3302_final_proj_code/robot_ws/install/rplidar_ros/share/rplidar_ros/package.dsv'
[3.650s] INFO:colcon.colcon_core.shell:Creating package script '/home/ubuntu/rb3302_final_proj_code/robot_ws/install/rplidar_ros/share/rplidar_ros/package.sh'
[3.653s] INFO:colcon.colcon_core.shell:Creating package script '/home/ubuntu/rb3302_final_proj_code/robot_ws/install/rplidar_ros/share/rplidar_ros/package.bash'
[3.656s] INFO:colcon.colcon_core.shell:Creating package script '/home/ubuntu/rb3302_final_proj_code/robot_ws/install/rplidar_ros/share/rplidar_ros/package.zsh'
[3.658s] Level 1:colcon.colcon_core.environment:create_file_with_runtime_dependencies(/home/ubuntu/rb3302_final_proj_code/robot_ws/install/rplidar_ros/share/colcon-core/packages/rplidar_ros)
[3.661s] Level 1:colcon.colcon_core.environment:create_environment_scripts_only(rplidar_ros)
[3.663s] Level 1:colcon.colcon_core.environment:checking '/home/ubuntu/rb3302_final_proj_code/robot_ws/install/rplidar_ros' for CMake module files
[3.667s] Level 1:colcon.colcon_core.environment:checking '/home/ubuntu/rb3302_final_proj_code/robot_ws/install/rplidar_ros' for CMake config files
[3.669s] Level 1:colcon.colcon_core.shell:create_environment_hook('rplidar_ros', 'cmake_prefix_path')
[3.670s] INFO:colcon.colcon_core.shell:Creating environment hook '/home/ubuntu/rb3302_final_proj_code/robot_ws/install/rplidar_ros/share/rplidar_ros/hook/cmake_prefix_path.ps1'
[3.672s] INFO:colcon.colcon_core.shell:Creating environment descriptor '/home/ubuntu/rb3302_final_proj_code/robot_ws/install/rplidar_ros/share/rplidar_ros/hook/cmake_prefix_path.dsv'
[3.673s] INFO:colcon.colcon_core.shell:Creating environment hook '/home/ubuntu/rb3302_final_proj_code/robot_ws/install/rplidar_ros/share/rplidar_ros/hook/cmake_prefix_path.sh'
[3.675s] Level 1:colcon.colcon_core.environment:checking '/home/ubuntu/rb3302_final_proj_code/robot_ws/install/rplidar_ros/lib'
[3.675s] Level 1:colcon.colcon_core.environment:checking '/home/ubuntu/rb3302_final_proj_code/robot_ws/install/rplidar_ros/bin'
[3.675s] Level 1:colcon.colcon_core.environment:checking '/home/ubuntu/rb3302_final_proj_code/robot_ws/install/rplidar_ros/lib/pkgconfig/rplidar_ros.pc'
[3.675s] Level 1:colcon.colcon_core.environment:checking '/home/ubuntu/rb3302_final_proj_code/robot_ws/install/rplidar_ros/lib/python3.12/site-packages'
[3.676s] Level 1:colcon.colcon_core.environment:checking '/home/ubuntu/rb3302_final_proj_code/robot_ws/install/rplidar_ros/bin'
[3.676s] INFO:colcon.colcon_core.shell:Creating package script '/home/ubuntu/rb3302_final_proj_code/robot_ws/install/rplidar_ros/share/rplidar_ros/package.ps1'
[3.677s] INFO:colcon.colcon_core.shell:Creating package descriptor '/home/ubuntu/rb3302_final_proj_code/robot_ws/install/rplidar_ros/share/rplidar_ros/package.dsv'
[3.678s] INFO:colcon.colcon_core.shell:Creating package script '/home/ubuntu/rb3302_final_proj_code/robot_ws/install/rplidar_ros/share/rplidar_ros/package.sh'
[3.679s] INFO:colcon.colcon_core.shell:Creating package script '/home/ubuntu/rb3302_final_proj_code/robot_ws/install/rplidar_ros/share/rplidar_ros/package.bash'
[3.680s] INFO:colcon.colcon_core.shell:Creating package script '/home/ubuntu/rb3302_final_proj_code/robot_ws/install/rplidar_ros/share/rplidar_ros/package.zsh'
[3.680s] Level 1:colcon.colcon_core.environment:create_file_with_runtime_dependencies(/home/ubuntu/rb3302_final_proj_code/robot_ws/install/rplidar_ros/share/colcon-core/packages/rplidar_ros)
[4.002s] Level 1:colcon.colcon_core.shell:create_environment_hook('waverover_base', 'pythonpath_develop')
[4.004s] INFO:colcon.colcon_core.shell:Creating environment hook '/home/ubuntu/rb3302_final_proj_code/robot_ws/build/waverover_base/share/waverover_base/hook/pythonpath_develop.ps1'
[4.011s] DEBUG:colcon.colcon_core.event_handler.log_command:Invoked command in '/home/ubuntu/rb3302_final_proj_code/robot_ws/build/waverover_base' returned '0': PYTHONPATH=/home/ubuntu/rb3302_final_proj_code/robot_ws/build/waverover_base/prefix_override:/usr/lib/python3/dist-packages/colcon_core/task/python/colcon_distutils_commands:/home/ubuntu/rb3302_final_proj_code/robot_ws/install/waverover_base/lib/python3.12/site-packages:${PYTHONPATH} /usr/bin/python3 -W ignore:setup.py install is deprecated -W ignore:easy_install command is deprecated setup.py develop --editable --build-directory /home/ubuntu/rb3302_final_proj_code/robot_ws/build/waverover_base/build --no-deps symlink_data --force
[4.012s] INFO:colcon.colcon_core.shell:Creating environment descriptor '/home/ubuntu/rb3302_final_proj_code/robot_ws/build/waverover_base/share/waverover_base/hook/pythonpath_develop.dsv'
[4.015s] INFO:colcon.colcon_core.shell:Creating environment hook '/home/ubuntu/rb3302_final_proj_code/robot_ws/build/waverover_base/share/waverover_base/hook/pythonpath_develop.sh'
[4.019s] Level 1:colcon.colcon_core.environment:checking '/home/ubuntu/rb3302_final_proj_code/robot_ws/install/waverover_base' for CMake module files
[4.023s] Level 1:colcon.colcon_core.environment:checking '/home/ubuntu/rb3302_final_proj_code/robot_ws/install/waverover_base' for CMake config files
[4.026s] Level 1:colcon.colcon_core.environment:checking '/home/ubuntu/rb3302_final_proj_code/robot_ws/install/waverover_base/lib'
[4.027s] Level 1:colcon.colcon_core.environment:checking '/home/ubuntu/rb3302_final_proj_code/robot_ws/install/waverover_base/bin'
[4.027s] Level 1:colcon.colcon_core.environment:checking '/home/ubuntu/rb3302_final_proj_code/robot_ws/install/waverover_base/lib/pkgconfig/waverover_base.pc'
[4.028s] Level 1:colcon.colcon_core.environment:checking '/home/ubuntu/rb3302_final_proj_code/robot_ws/install/waverover_base/lib/python3.12/site-packages'
[4.029s] Level 1:colcon.colcon_core.shell:create_environment_hook('waverover_base', 'pythonpath')
[4.030s] INFO:colcon.colcon_core.shell:Creating environment hook '/home/ubuntu/rb3302_final_proj_code/robot_ws/install/waverover_base/share/waverover_base/hook/pythonpath.ps1'
[4.033s] INFO:colcon.colcon_core.shell:Creating environment descriptor '/home/ubuntu/rb3302_final_proj_code/robot_ws/install/waverover_base/share/waverover_base/hook/pythonpath.dsv'
[4.035s] INFO:colcon.colcon_core.shell:Creating environment hook '/home/ubuntu/rb3302_final_proj_code/robot_ws/install/waverover_base/share/waverover_base/hook/pythonpath.sh'
[4.039s] Level 1:colcon.colcon_core.environment:checking '/home/ubuntu/rb3302_final_proj_code/robot_ws/install/waverover_base/bin'
[4.040s] Level 1:colcon.colcon_core.environment:create_environment_scripts_only(waverover_base)
[4.042s] INFO:colcon.colcon_core.shell:Creating package script '/home/ubuntu/rb3302_final_proj_code/robot_ws/install/waverover_base/share/waverover_base/package.ps1'
[4.046s] INFO:colcon.colcon_core.shell:Creating package descriptor '/home/ubuntu/rb3302_final_proj_code/robot_ws/install/waverover_base/share/waverover_base/package.dsv'
[4.050s] INFO:colcon.colcon_core.shell:Creating package script '/home/ubuntu/rb3302_final_proj_code/robot_ws/install/waverover_base/share/waverover_base/package.sh'
[4.052s] INFO:colcon.colcon_core.shell:Creating package script '/home/ubuntu/rb3302_final_proj_code/robot_ws/install/waverover_base/share/waverover_base/package.bash'
[4.054s] INFO:colcon.colcon_core.shell:Creating package script '/home/ubuntu/rb3302_final_proj_code/robot_ws/install/waverover_base/share/waverover_base/package.zsh'
[4.055s] Level 1:colcon.colcon_core.environment:create_file_with_runtime_dependencies(/home/ubuntu/rb3302_final_proj_code/robot_ws/install/waverover_base/share/colcon-core/packages/waverover_base)
[6.033s] DEBUG:colcon.colcon_core.event_handler.log_command:Invoked command in '/home/ubuntu/rb3302_final_proj_code/robot_ws/build/yesense_interface' returned '0': CMAKE_PREFIX_PATH=${CMAKE_PREFIX_PATH}:/opt/ros/jazzy /usr/bin/cmake --build /home/ubuntu/rb3302_final_proj_code/robot_ws/build/yesense_interface -- -j8 -l8
[6.037s] DEBUG:colcon.colcon_core.event_handler.log_command:Invoking command in '/home/ubuntu/rb3302_final_proj_code/robot_ws/build/yesense_interface': CMAKE_PREFIX_PATH=${CMAKE_PREFIX_PATH}:/opt/ros/jazzy /usr/bin/cmake --install /home/ubuntu/rb3302_final_proj_code/robot_ws/build/yesense_interface
[6.228s] Level 1:colcon.colcon_core.environment:create_environment_scripts_only(yesense_interface)
[6.228s] Level 1:colcon.colcon_core.environment:checking '/home/ubuntu/rb3302_final_proj_code/robot_ws/install/yesense_interface' for CMake module files
[6.229s] DEBUG:colcon.colcon_core.event_handler.log_command:Invoked command in '/home/ubuntu/rb3302_final_proj_code/robot_ws/build/yesense_interface' returned '0': CMAKE_PREFIX_PATH=${CMAKE_PREFIX_PATH}:/opt/ros/jazzy /usr/bin/cmake --install /home/ubuntu/rb3302_final_proj_code/robot_ws/build/yesense_interface
[6.234s] Level 1:colcon.colcon_core.environment:checking '/home/ubuntu/rb3302_final_proj_code/robot_ws/install/yesense_interface' for CMake config files
[6.251s] Level 1:colcon.colcon_core.shell:create_environment_hook('yesense_interface', 'cmake_prefix_path')
[6.252s] INFO:colcon.colcon_core.shell:Creating environment hook '/home/ubuntu/rb3302_final_proj_code/robot_ws/install/yesense_interface/share/yesense_interface/hook/cmake_prefix_path.ps1'
[6.254s] INFO:colcon.colcon_core.shell:Creating environment descriptor '/home/ubuntu/rb3302_final_proj_code/robot_ws/install/yesense_interface/share/yesense_interface/hook/cmake_prefix_path.dsv'
[6.256s] INFO:colcon.colcon_core.shell:Creating environment hook '/home/ubuntu/rb3302_final_proj_code/robot_ws/install/yesense_interface/share/yesense_interface/hook/cmake_prefix_path.sh'
[6.259s] Level 1:colcon.colcon_core.environment:checking '/home/ubuntu/rb3302_final_proj_code/robot_ws/install/yesense_interface/lib'
[6.259s] Level 1:colcon.colcon_core.shell:create_environment_hook('yesense_interface', 'ld_library_path_lib')
[6.260s] INFO:colcon.colcon_core.shell:Creating environment hook '/home/ubuntu/rb3302_final_proj_code/robot_ws/install/yesense_interface/share/yesense_interface/hook/ld_library_path_lib.ps1'
[6.262s] INFO:colcon.colcon_core.shell:Creating environment descriptor '/home/ubuntu/rb3302_final_proj_code/robot_ws/install/yesense_interface/share/yesense_interface/hook/ld_library_path_lib.dsv'
[6.264s] INFO:colcon.colcon_core.shell:Creating environment hook '/home/ubuntu/rb3302_final_proj_code/robot_ws/install/yesense_interface/share/yesense_interface/hook/ld_library_path_lib.sh'
[6.265s] Level 1:colcon.colcon_core.environment:checking '/home/ubuntu/rb3302_final_proj_code/robot_ws/install/yesense_interface/bin'
[6.266s] Level 1:colcon.colcon_core.environment:checking '/home/ubuntu/rb3302_final_proj_code/robot_ws/install/yesense_interface/lib/pkgconfig/yesense_interface.pc'
[6.267s] Level 1:colcon.colcon_core.environment:checking '/home/ubuntu/rb3302_final_proj_code/robot_ws/install/yesense_interface/lib/python3.12/site-packages'
[6.267s] Level 1:colcon.colcon_core.shell:create_environment_hook('yesense_interface', 'pythonpath')
[6.268s] INFO:colcon.colcon_core.shell:Creating environment hook '/home/ubuntu/rb3302_final_proj_code/robot_ws/install/yesense_interface/share/yesense_interface/hook/pythonpath.ps1'
[6.270s] INFO:colcon.colcon_core.shell:Creating environment descriptor '/home/ubuntu/rb3302_final_proj_code/robot_ws/install/yesense_interface/share/yesense_interface/hook/pythonpath.dsv'
[6.272s] INFO:colcon.colcon_core.shell:Creating environment hook '/home/ubuntu/rb3302_final_proj_code/robot_ws/install/yesense_interface/share/yesense_interface/hook/pythonpath.sh'
[6.276s] Level 1:colcon.colcon_core.environment:checking '/home/ubuntu/rb3302_final_proj_code/robot_ws/install/yesense_interface/bin'
[6.277s] INFO:colcon.colcon_core.shell:Creating package script '/home/ubuntu/rb3302_final_proj_code/robot_ws/install/yesense_interface/share/yesense_interface/package.ps1'
[6.281s] INFO:colcon.colcon_core.shell:Creating package descriptor '/home/ubuntu/rb3302_final_proj_code/robot_ws/install/yesense_interface/share/yesense_interface/package.dsv'
[6.282s] INFO:colcon.colcon_core.shell:Creating package script '/home/ubuntu/rb3302_final_proj_code/robot_ws/install/yesense_interface/share/yesense_interface/package.sh'
[6.283s] INFO:colcon.colcon_core.shell:Creating package script '/home/ubuntu/rb3302_final_proj_code/robot_ws/install/yesense_interface/share/yesense_interface/package.bash'
[6.284s] INFO:colcon.colcon_core.shell:Creating package script '/home/ubuntu/rb3302_final_proj_code/robot_ws/install/yesense_interface/share/yesense_interface/package.zsh'
[6.285s] Level 1:colcon.colcon_core.environment:create_file_with_runtime_dependencies(/home/ubuntu/rb3302_final_proj_code/robot_ws/install/yesense_interface/share/colcon-core/packages/yesense_interface)
[6.286s] Level 1:colcon.colcon_core.environment:create_environment_scripts_only(yesense_interface)
[6.286s] Level 1:colcon.colcon_core.environment:checking '/home/ubuntu/rb3302_final_proj_code/robot_ws/install/yesense_interface' for CMake module files
[6.288s] Level 1:colcon.colcon_core.environment:checking '/home/ubuntu/rb3302_final_proj_code/robot_ws/install/yesense_interface' for CMake config files
[6.293s] Level 1:colcon.colcon_core.shell:create_environment_hook('yesense_interface', 'cmake_prefix_path')
[6.294s] INFO:colcon.colcon_core.shell:Creating environment hook '/home/ubuntu/rb3302_final_proj_code/robot_ws/install/yesense_interface/share/yesense_interface/hook/cmake_prefix_path.ps1'
[6.295s] INFO:colcon.colcon_core.shell:Creating environment descriptor '/home/ubuntu/rb3302_final_proj_code/robot_ws/install/yesense_interface/share/yesense_interface/hook/cmake_prefix_path.dsv'
[6.296s] INFO:colcon.colcon_core.shell:Creating environment hook '/home/ubuntu/rb3302_final_proj_code/robot_ws/install/yesense_interface/share/yesense_interface/hook/cmake_prefix_path.sh'
[6.297s] Level 1:colcon.colcon_core.environment:checking '/home/ubuntu/rb3302_final_proj_code/robot_ws/install/yesense_interface/lib'
[6.297s] Level 1:colcon.colcon_core.shell:create_environment_hook('yesense_interface', 'ld_library_path_lib')
[6.297s] INFO:colcon.colcon_core.shell:Creating environment hook '/home/ubuntu/rb3302_final_proj_code/robot_ws/install/yesense_interface/share/yesense_interface/hook/ld_library_path_lib.ps1'
[6.298s] INFO:colcon.colcon_core.shell:Creating environment descriptor '/home/ubuntu/rb3302_final_proj_code/robot_ws/install/yesense_interface/share/yesense_interface/hook/ld_library_path_lib.dsv'
[6.299s] INFO:colcon.colcon_core.shell:Creating environment hook '/home/ubuntu/rb3302_final_proj_code/robot_ws/install/yesense_interface/share/yesense_interface/hook/ld_library_path_lib.sh'
[6.300s] Level 1:colcon.colcon_core.environment:checking '/home/ubuntu/rb3302_final_proj_code/robot_ws/install/yesense_interface/bin'
[6.300s] Level 1:colcon.colcon_core.environment:checking '/home/ubuntu/rb3302_final_proj_code/robot_ws/install/yesense_interface/lib/pkgconfig/yesense_interface.pc'
[6.300s] Level 1:colcon.colcon_core.environment:checking '/home/ubuntu/rb3302_final_proj_code/robot_ws/install/yesense_interface/lib/python3.12/site-packages'
[6.301s] Level 1:colcon.colcon_core.shell:create_environment_hook('yesense_interface', 'pythonpath')
[6.301s] INFO:colcon.colcon_core.shell:Creating environment hook '/home/ubuntu/rb3302_final_proj_code/robot_ws/install/yesense_interface/share/yesense_interface/hook/pythonpath.ps1'
[6.302s] INFO:colcon.colcon_core.shell:Creating environment descriptor '/home/ubuntu/rb3302_final_proj_code/robot_ws/install/yesense_interface/share/yesense_interface/hook/pythonpath.dsv'
[6.302s] INFO:colcon.colcon_core.shell:Creating environment hook '/home/ubuntu/rb3302_final_proj_code/robot_ws/install/yesense_interface/share/yesense_interface/hook/pythonpath.sh'
[6.304s] Level 1:colcon.colcon_core.environment:checking '/home/ubuntu/rb3302_final_proj_code/robot_ws/install/yesense_interface/bin'
[6.304s] INFO:colcon.colcon_core.shell:Creating package script '/home/ubuntu/rb3302_final_proj_code/robot_ws/install/yesense_interface/share/yesense_interface/package.ps1'
[6.305s] INFO:colcon.colcon_core.shell:Creating package descriptor '/home/ubuntu/rb3302_final_proj_code/robot_ws/install/yesense_interface/share/yesense_interface/package.dsv'
[6.306s] INFO:colcon.colcon_core.shell:Creating package script '/home/ubuntu/rb3302_final_proj_code/robot_ws/install/yesense_interface/share/yesense_interface/package.sh'
[6.307s] INFO:colcon.colcon_core.shell:Creating package script '/home/ubuntu/rb3302_final_proj_code/robot_ws/install/yesense_interface/share/yesense_interface/package.bash'
[6.308s] INFO:colcon.colcon_core.shell:Creating package script '/home/ubuntu/rb3302_final_proj_code/robot_ws/install/yesense_interface/share/yesense_interface/package.zsh'
[6.309s] Level 1:colcon.colcon_core.environment:create_file_with_runtime_dependencies(/home/ubuntu/rb3302_final_proj_code/robot_ws/install/yesense_interface/share/colcon-core/packages/yesense_interface)
[6.309s] INFO:colcon.colcon_ros.task.ament_cmake.build:Building ROS package in '/home/ubuntu/rb3302_final_proj_code/robot_ws/src/yesense_std_ros2' with build type 'ament_cmake'
[6.310s] INFO:colcon.colcon_cmake.task.cmake.build:Building CMake package in '/home/ubuntu/rb3302_final_proj_code/robot_ws/src/yesense_std_ros2'
[6.310s] INFO:colcon.colcon_core.shell:Skip shell extension 'powershell' for command environment: Not usable outside of PowerShell
[6.310s] DEBUG:colcon.colcon_core.shell:Skip shell extension 'dsv' for command environment
[6.347s] DEBUG:colcon.colcon_core.event_handler.log_command:Invoking command in '/home/ubuntu/rb3302_final_proj_code/robot_ws/build/yesense_std_ros2': AMENT_PREFIX_PATH=/home/ubuntu/rb3302_final_proj_code/robot_ws/install/yesense_interface:/home/ubuntu/rb3302_final_proj_code/robot_ws/install/serial:${AMENT_PREFIX_PATH} CMAKE_PREFIX_PATH=/home/ubuntu/rb3302_final_proj_code/robot_ws/install/yesense_interface:/home/ubuntu/rb3302_final_proj_code/robot_ws/install/serial:/opt/ros/jazzy/opt/gz_sim_vendor:/opt/ros/jazzy/opt/gz_sensors_vendor:/opt/ros/jazzy/opt/gz_physics_vendor:/opt/ros/jazzy/opt/sdformat_vendor:/opt/ros/jazzy/opt/gz_gui_vendor:/opt/ros/jazzy/opt/gz_transport_vendor:/opt/ros/jazzy/opt/gz_rendering_vendor:/opt/ros/jazzy/opt/gz_plugin_vendor:/opt/ros/jazzy/opt/gz_fuel_tools_vendor:/opt/ros/jazzy/opt/gz_msgs_vendor:/opt/ros/jazzy/opt/gz_common_vendor:/opt/ros/jazzy/opt/gz_math_vendor:/opt/ros/jazzy/opt/gz_utils_vendor:/opt/ros/jazzy/opt/gz_tools_vendor:/opt/ros/jazzy/opt/gz_ogre_next_vendor:/opt/ros/jazzy/opt/gz_dartsim_vendor:/opt/ros/jazzy/opt/gz_cmake_vendor:/opt/ros/jazzy LD_LIBRARY_PATH=/home/ubuntu/rb3302_final_proj_code/robot_ws/install/yesense_interface/lib:/home/ubuntu/rb3302_final_proj_code/robot_ws/install/serial/lib:${LD_LIBRARY_PATH} PYTHONPATH=/home/ubuntu/rb3302_final_proj_code/robot_ws/install/yesense_interface/lib/python3.12/site-packages:${PYTHONPATH} /usr/bin/cmake /home/ubuntu/rb3302_final_proj_code/robot_ws/src/yesense_std_ros2 -DAMENT_CMAKE_SYMLINK_INSTALL=1 -DCMAKE_INSTALL_PREFIX=/home/ubuntu/rb3302_final_proj_code/robot_ws/install/yesense_std_ros2
[7.484s] DEBUG:colcon.colcon_core.event_handler.log_command:Invoked command in '/home/ubuntu/rb3302_final_proj_code/robot_ws/build/yesense_std_ros2' returned '0': AMENT_PREFIX_PATH=/home/ubuntu/rb3302_final_proj_code/robot_ws/install/yesense_interface:/home/ubuntu/rb3302_final_proj_code/robot_ws/install/serial:${AMENT_PREFIX_PATH} CMAKE_PREFIX_PATH=/home/ubuntu/rb3302_final_proj_code/robot_ws/install/yesense_interface:/home/ubuntu/rb3302_final_proj_code/robot_ws/install/serial:/opt/ros/jazzy/opt/gz_sim_vendor:/opt/ros/jazzy/opt/gz_sensors_vendor:/opt/ros/jazzy/opt/gz_physics_vendor:/opt/ros/jazzy/opt/sdformat_vendor:/opt/ros/jazzy/opt/gz_gui_vendor:/opt/ros/jazzy/opt/gz_transport_vendor:/opt/ros/jazzy/opt/gz_rendering_vendor:/opt/ros/jazzy/opt/gz_plugin_vendor:/opt/ros/jazzy/opt/gz_fuel_tools_vendor:/opt/ros/jazzy/opt/gz_msgs_vendor:/opt/ros/jazzy/opt/gz_common_vendor:/opt/ros/jazzy/opt/gz_math_vendor:/opt/ros/jazzy/opt/gz_utils_vendor:/opt/ros/jazzy/opt/gz_tools_vendor:/opt/ros/jazzy/opt/gz_ogre_next_vendor:/opt/ros/jazzy/opt/gz_dartsim_vendor:/opt/ros/jazzy/opt/gz_cmake_vendor:/opt/ros/jazzy LD_LIBRARY_PATH=/home/ubuntu/rb3302_final_proj_code/robot_ws/install/yesense_interface/lib:/home/ubuntu/rb3302_final_proj_code/robot_ws/install/serial/lib:${LD_LIBRARY_PATH} PYTHONPATH=/home/ubuntu/rb3302_final_proj_code/robot_ws/install/yesense_interface/lib/python3.12/site-packages:${PYTHONPATH} /usr/bin/cmake /home/ubuntu/rb3302_final_proj_code/robot_ws/src/yesense_std_ros2 -DAMENT_CMAKE_SYMLINK_INSTALL=1 -DCMAKE_INSTALL_PREFIX=/home/ubuntu/rb3302_final_proj_code/robot_ws/install/yesense_std_ros2
[7.490s] DEBUG:colcon.colcon_core.event_handler.log_command:Invoking command in '/home/ubuntu/rb3302_final_proj_code/robot_ws/build/yesense_std_ros2': AMENT_PREFIX_PATH=/home/ubuntu/rb3302_final_proj_code/robot_ws/install/yesense_interface:/home/ubuntu/rb3302_final_proj_code/robot_ws/install/serial:${AMENT_PREFIX_PATH} CMAKE_PREFIX_PATH=/home/ubuntu/rb3302_final_proj_code/robot_ws/install/yesense_interface:/home/ubuntu/rb3302_final_proj_code/robot_ws/install/serial:/opt/ros/jazzy/opt/gz_sim_vendor:/opt/ros/jazzy/opt/gz_sensors_vendor:/opt/ros/jazzy/opt/gz_physics_vendor:/opt/ros/jazzy/opt/sdformat_vendor:/opt/ros/jazzy/opt/gz_gui_vendor:/opt/ros/jazzy/opt/gz_transport_vendor:/opt/ros/jazzy/opt/gz_rendering_vendor:/opt/ros/jazzy/opt/gz_plugin_vendor:/opt/ros/jazzy/opt/gz_fuel_tools_vendor:/opt/ros/jazzy/opt/gz_msgs_vendor:/opt/ros/jazzy/opt/gz_common_vendor:/opt/ros/jazzy/opt/gz_math_vendor:/opt/ros/jazzy/opt/gz_utils_vendor:/opt/ros/jazzy/opt/gz_tools_vendor:/opt/ros/jazzy/opt/gz_ogre_next_vendor:/opt/ros/jazzy/opt/gz_dartsim_vendor:/opt/ros/jazzy/opt/gz_cmake_vendor:/opt/ros/jazzy LD_LIBRARY_PATH=/home/ubuntu/rb3302_final_proj_code/robot_ws/install/yesense_interface/lib:/home/ubuntu/rb3302_final_proj_code/robot_ws/install/serial/lib:${LD_LIBRARY_PATH} PYTHONPATH=/home/ubuntu/rb3302_final_proj_code/robot_ws/install/yesense_interface/lib/python3.12/site-packages:${PYTHONPATH} /usr/bin/cmake --build /home/ubuntu/rb3302_final_proj_code/robot_ws/build/yesense_std_ros2 -- -j8 -l8
[8.777s] DEBUG:colcon.colcon_core.event_handler.log_command:Invoked command in '/home/ubuntu/rb3302_final_proj_code/robot_ws/build/yesense_std_ros2' returned '0': AMENT_PREFIX_PATH=/home/ubuntu/rb3302_final_proj_code/robot_ws/install/yesense_interface:/home/ubuntu/rb3302_final_proj_code/robot_ws/install/serial:${AMENT_PREFIX_PATH} CMAKE_PREFIX_PATH=/home/ubuntu/rb3302_final_proj_code/robot_ws/install/yesense_interface:/home/ubuntu/rb3302_final_proj_code/robot_ws/install/serial:/opt/ros/jazzy/opt/gz_sim_vendor:/opt/ros/jazzy/opt/gz_sensors_vendor:/opt/ros/jazzy/opt/gz_physics_vendor:/opt/ros/jazzy/opt/sdformat_vendor:/opt/ros/jazzy/opt/gz_gui_vendor:/opt/ros/jazzy/opt/gz_transport_vendor:/opt/ros/jazzy/opt/gz_rendering_vendor:/opt/ros/jazzy/opt/gz_plugin_vendor:/opt/ros/jazzy/opt/gz_fuel_tools_vendor:/opt/ros/jazzy/opt/gz_msgs_vendor:/opt/ros/jazzy/opt/gz_common_vendor:/opt/ros/jazzy/opt/gz_math_vendor:/opt/ros/jazzy/opt/gz_utils_vendor:/opt/ros/jazzy/opt/gz_tools_vendor:/opt/ros/jazzy/opt/gz_ogre_next_vendor:/opt/ros/jazzy/opt/gz_dartsim_vendor:/opt/ros/jazzy/opt/gz_cmake_vendor:/opt/ros/jazzy LD_LIBRARY_PATH=/home/ubuntu/rb3302_final_proj_code/robot_ws/install/yesense_interface/lib:/home/ubuntu/rb3302_final_proj_code/robot_ws/install/serial/lib:${LD_LIBRARY_PATH} PYTHONPATH=/home/ubuntu/rb3302_final_proj_code/robot_ws/install/yesense_interface/lib/python3.12/site-packages:${PYTHONPATH} /usr/bin/cmake --build /home/ubuntu/rb3302_final_proj_code/robot_ws/build/yesense_std_ros2 -- -j8 -l8
[8.782s] DEBUG:colcon.colcon_core.event_handler.log_command:Invoking command in '/home/ubuntu/rb3302_final_proj_code/robot_ws/build/yesense_std_ros2': AMENT_PREFIX_PATH=/home/ubuntu/rb3302_final_proj_code/robot_ws/install/yesense_interface:/home/ubuntu/rb3302_final_proj_code/robot_ws/install/serial:${AMENT_PREFIX_PATH} CMAKE_PREFIX_PATH=/home/ubuntu/rb3302_final_proj_code/robot_ws/install/yesense_interface:/home/ubuntu/rb3302_final_proj_code/robot_ws/install/serial:/opt/ros/jazzy/opt/gz_sim_vendor:/opt/ros/jazzy/opt/gz_sensors_vendor:/opt/ros/jazzy/opt/gz_physics_vendor:/opt/ros/jazzy/opt/sdformat_vendor:/opt/ros/jazzy/opt/gz_gui_vendor:/opt/ros/jazzy/opt/gz_transport_vendor:/opt/ros/jazzy/opt/gz_rendering_vendor:/opt/ros/jazzy/opt/gz_plugin_vendor:/opt/ros/jazzy/opt/gz_fuel_tools_vendor:/opt/ros/jazzy/opt/gz_msgs_vendor:/opt/ros/jazzy/opt/gz_common_vendor:/opt/ros/jazzy/opt/gz_math_vendor:/opt/ros/jazzy/opt/gz_utils_vendor:/opt/ros/jazzy/opt/gz_tools_vendor:/opt/ros/jazzy/opt/gz_ogre_next_vendor:/opt/ros/jazzy/opt/gz_dartsim_vendor:/opt/ros/jazzy/opt/gz_cmake_vendor:/opt/ros/jazzy LD_LIBRARY_PATH=/home/ubuntu/rb3302_final_proj_code/robot_ws/install/yesense_interface/lib:/home/ubuntu/rb3302_final_proj_code/robot_ws/install/serial/lib:${LD_LIBRARY_PATH} PYTHONPATH=/home/ubuntu/rb3302_final_proj_code/robot_ws/install/yesense_interface/lib/python3.12/site-packages:${PYTHONPATH} /usr/bin/cmake --install /home/ubuntu/rb3302_final_proj_code/robot_ws/build/yesense_std_ros2
[8.830s] Level 1:colcon.colcon_core.environment:create_environment_scripts_only(yesense_std_ros2)
[8.832s] DEBUG:colcon.colcon_core.event_handler.log_command:Invoked command in '/home/ubuntu/rb3302_final_proj_code/robot_ws/build/yesense_std_ros2' returned '0': AMENT_PREFIX_PATH=/home/ubuntu/rb3302_final_proj_code/robot_ws/install/yesense_interface:/home/ubuntu/rb3302_final_proj_code/robot_ws/install/serial:${AMENT_PREFIX_PATH} CMAKE_PREFIX_PATH=/home/ubuntu/rb3302_final_proj_code/robot_ws/install/yesense_interface:/home/ubuntu/rb3302_final_proj_code/robot_ws/install/serial:/opt/ros/jazzy/opt/gz_sim_vendor:/opt/ros/jazzy/opt/gz_sensors_vendor:/opt/ros/jazzy/opt/gz_physics_vendor:/opt/ros/jazzy/opt/sdformat_vendor:/opt/ros/jazzy/opt/gz_gui_vendor:/opt/ros/jazzy/opt/gz_transport_vendor:/opt/ros/jazzy/opt/gz_rendering_vendor:/opt/ros/jazzy/opt/gz_plugin_vendor:/opt/ros/jazzy/opt/gz_fuel_tools_vendor:/opt/ros/jazzy/opt/gz_msgs_vendor:/opt/ros/jazzy/opt/gz_common_vendor:/opt/ros/jazzy/opt/gz_math_vendor:/opt/ros/jazzy/opt/gz_utils_vendor:/opt/ros/jazzy/opt/gz_tools_vendor:/opt/ros/jazzy/opt/gz_ogre_next_vendor:/opt/ros/jazzy/opt/gz_dartsim_vendor:/opt/ros/jazzy/opt/gz_cmake_vendor:/opt/ros/jazzy LD_LIBRARY_PATH=/home/ubuntu/rb3302_final_proj_code/robot_ws/install/yesense_interface/lib:/home/ubuntu/rb3302_final_proj_code/robot_ws/install/serial/lib:${LD_LIBRARY_PATH} PYTHONPATH=/home/ubuntu/rb3302_final_proj_code/robot_ws/install/yesense_interface/lib/python3.12/site-packages:${PYTHONPATH} /usr/bin/cmake --install /home/ubuntu/rb3302_final_proj_code/robot_ws/build/yesense_std_ros2
[8.837s] Level 1:colcon.colcon_core.environment:checking '/home/ubuntu/rb3302_final_proj_code/robot_ws/install/yesense_std_ros2' for CMake module files
[8.841s] Level 1:colcon.colcon_core.environment:checking '/home/ubuntu/rb3302_final_proj_code/robot_ws/install/yesense_std_ros2' for CMake config files
[8.843s] Level 1:colcon.colcon_core.shell:create_environment_hook('yesense_std_ros2', 'cmake_prefix_path')
[8.844s] INFO:colcon.colcon_core.shell:Creating environment hook '/home/ubuntu/rb3302_final_proj_code/robot_ws/install/yesense_std_ros2/share/yesense_std_ros2/hook/cmake_prefix_path.ps1'
[8.846s] INFO:colcon.colcon_core.shell:Creating environment descriptor '/home/ubuntu/rb3302_final_proj_code/robot_ws/install/yesense_std_ros2/share/yesense_std_ros2/hook/cmake_prefix_path.dsv'
[8.848s] INFO:colcon.colcon_core.shell:Creating environment hook '/home/ubuntu/rb3302_final_proj_code/robot_ws/install/yesense_std_ros2/share/yesense_std_ros2/hook/cmake_prefix_path.sh'
[8.850s] Level 1:colcon.colcon_core.environment:checking '/home/ubuntu/rb3302_final_proj_code/robot_ws/install/yesense_std_ros2/lib'
[8.850s] Level 1:colcon.colcon_core.environment:checking '/home/ubuntu/rb3302_final_proj_code/robot_ws/install/yesense_std_ros2/bin'
[8.851s] Level 1:colcon.colcon_core.environment:checking '/home/ubuntu/rb3302_final_proj_code/robot_ws/install/yesense_std_ros2/lib/pkgconfig/yesense_std_ros2.pc'
[8.852s] Level 1:colcon.colcon_core.environment:checking '/home/ubuntu/rb3302_final_proj_code/robot_ws/install/yesense_std_ros2/lib/python3.12/site-packages'
[8.853s] Level 1:colcon.colcon_core.environment:checking '/home/ubuntu/rb3302_final_proj_code/robot_ws/install/yesense_std_ros2/bin'
[8.855s] INFO:colcon.colcon_core.shell:Creating package script '/home/ubuntu/rb3302_final_proj_code/robot_ws/install/yesense_std_ros2/share/yesense_std_ros2/package.ps1'
[8.857s] INFO:colcon.colcon_core.shell:Creating package descriptor '/home/ubuntu/rb3302_final_proj_code/robot_ws/install/yesense_std_ros2/share/yesense_std_ros2/package.dsv'
[8.859s] INFO:colcon.colcon_core.shell:Creating package script '/home/ubuntu/rb3302_final_proj_code/robot_ws/install/yesense_std_ros2/share/yesense_std_ros2/package.sh'
[8.861s] INFO:colcon.colcon_core.shell:Creating package script '/home/ubuntu/rb3302_final_proj_code/robot_ws/install/yesense_std_ros2/share/yesense_std_ros2/package.bash'
[8.864s] INFO:colcon.colcon_core.shell:Creating package script '/home/ubuntu/rb3302_final_proj_code/robot_ws/install/yesense_std_ros2/share/yesense_std_ros2/package.zsh'
[8.866s] Level 1:colcon.colcon_core.environment:create_file_with_runtime_dependencies(/home/ubuntu/rb3302_final_proj_code/robot_ws/install/yesense_std_ros2/share/colcon-core/packages/yesense_std_ros2)
[8.868s] Level 1:colcon.colcon_core.environment:create_environment_scripts_only(yesense_std_ros2)
[8.869s] Level 1:colcon.colcon_core.environment:checking '/home/ubuntu/rb3302_final_proj_code/robot_ws/install/yesense_std_ros2' for CMake module files
[8.872s] Level 1:colcon.colcon_core.environment:checking '/home/ubuntu/rb3302_final_proj_code/robot_ws/install/yesense_std_ros2' for CMake config files
[8.873s] Level 1:colcon.colcon_core.shell:create_environment_hook('yesense_std_ros2', 'cmake_prefix_path')
[8.874s] INFO:colcon.colcon_core.shell:Creating environment hook '/home/ubuntu/rb3302_final_proj_code/robot_ws/install/yesense_std_ros2/share/yesense_std_ros2/hook/cmake_prefix_path.ps1'
[8.876s] INFO:colcon.colcon_core.shell:Creating environment descriptor '/home/ubuntu/rb3302_final_proj_code/robot_ws/install/yesense_std_ros2/share/yesense_std_ros2/hook/cmake_prefix_path.dsv'
[8.877s] INFO:colcon.colcon_core.shell:Creating environment hook '/home/ubuntu/rb3302_final_proj_code/robot_ws/install/yesense_std_ros2/share/yesense_std_ros2/hook/cmake_prefix_path.sh'
[8.879s] Level 1:colcon.colcon_core.environment:checking '/home/ubuntu/rb3302_final_proj_code/robot_ws/install/yesense_std_ros2/lib'
[8.880s] Level 1:colcon.colcon_core.environment:checking '/home/ubuntu/rb3302_final_proj_code/robot_ws/install/yesense_std_ros2/bin'
[8.880s] Level 1:colcon.colcon_core.environment:checking '/home/ubuntu/rb3302_final_proj_code/robot_ws/install/yesense_std_ros2/lib/pkgconfig/yesense_std_ros2.pc'
[8.881s] Level 1:colcon.colcon_core.environment:checking '/home/ubuntu/rb3302_final_proj_code/robot_ws/install/yesense_std_ros2/lib/python3.12/site-packages'
[8.883s] Level 1:colcon.colcon_core.environment:checking '/home/ubuntu/rb3302_final_proj_code/robot_ws/install/yesense_std_ros2/bin'
[8.884s] INFO:colcon.colcon_core.shell:Creating package script '/home/ubuntu/rb3302_final_proj_code/robot_ws/install/yesense_std_ros2/share/yesense_std_ros2/package.ps1'
[8.887s] INFO:colcon.colcon_core.shell:Creating package descriptor '/home/ubuntu/rb3302_final_proj_code/robot_ws/install/yesense_std_ros2/share/yesense_std_ros2/package.dsv'
[8.888s] INFO:colcon.colcon_core.shell:Creating package script '/home/ubuntu/rb3302_final_proj_code/robot_ws/install/yesense_std_ros2/share/yesense_std_ros2/package.sh'
[8.890s] INFO:colcon.colcon_core.shell:Creating package script '/home/ubuntu/rb3302_final_proj_code/robot_ws/install/yesense_std_ros2/share/yesense_std_ros2/package.bash'
[8.890s] INFO:colcon.colcon_core.shell:Creating package script '/home/ubuntu/rb3302_final_proj_code/robot_ws/install/yesense_std_ros2/share/yesense_std_ros2/package.zsh'
[8.891s] Level 1:colcon.colcon_core.environment:create_file_with_runtime_dependencies(/home/ubuntu/rb3302_final_proj_code/robot_ws/install/yesense_std_ros2/share/colcon-core/packages/yesense_std_ros2)
[8.891s] INFO:colcon.colcon_ros.task.ament_cmake.build:Building ROS package in '/home/ubuntu/rb3302_final_proj_code/robot_ws/src/robot_init' with build type 'ament_cmake'
[8.892s] INFO:colcon.colcon_cmake.task.cmake.build:Building CMake package in '/home/ubuntu/rb3302_final_proj_code/robot_ws/src/robot_init'
[8.892s] INFO:colcon.colcon_core.shell:Skip shell extension 'powershell' for command environment: Not usable outside of PowerShell
[8.892s] DEBUG:colcon.colcon_core.shell:Skip shell extension 'dsv' for command environment
[8.932s] DEBUG:colcon.colcon_core.event_handler.log_command:Invoking command in '/home/ubuntu/rb3302_final_proj_code/robot_ws/build/robot_init': AMENT_PREFIX_PATH=/home/ubuntu/rb3302_final_proj_code/robot_ws/install/yesense_std_ros2:/home/ubuntu/rb3302_final_proj_code/robot_ws/install/yesense_interface:/home/ubuntu/rb3302_final_proj_code/robot_ws/install/waverover_base:/home/ubuntu/rb3302_final_proj_code/robot_ws/install/serial:/home/ubuntu/rb3302_final_proj_code/robot_ws/install/rplidar_ros:/home/ubuntu/rb3302_final_proj_code/robot_ws/install/robot_model:${AMENT_PREFIX_PATH} CMAKE_PREFIX_PATH=/home/ubuntu/rb3302_final_proj_code/robot_ws/install/yesense_std_ros2:/home/ubuntu/rb3302_final_proj_code/robot_ws/install/yesense_interface:/home/ubuntu/rb3302_final_proj_code/robot_ws/install/serial:/home/ubuntu/rb3302_final_proj_code/robot_ws/install/rplidar_ros:/home/ubuntu/rb3302_final_proj_code/robot_ws/install/robot_model:/opt/ros/jazzy/opt/gz_sim_vendor:/opt/ros/jazzy/opt/gz_sensors_vendor:/opt/ros/jazzy/opt/gz_physics_vendor:/opt/ros/jazzy/opt/sdformat_vendor:/opt/ros/jazzy/opt/gz_gui_vendor:/opt/ros/jazzy/opt/gz_transport_vendor:/opt/ros/jazzy/opt/gz_rendering_vendor:/opt/ros/jazzy/opt/gz_plugin_vendor:/opt/ros/jazzy/opt/gz_fuel_tools_vendor:/opt/ros/jazzy/opt/gz_msgs_vendor:/opt/ros/jazzy/opt/gz_common_vendor:/opt/ros/jazzy/opt/gz_math_vendor:/opt/ros/jazzy/opt/gz_utils_vendor:/opt/ros/jazzy/opt/gz_tools_vendor:/opt/ros/jazzy/opt/gz_ogre_next_vendor:/opt/ros/jazzy/opt/gz_dartsim_vendor:/opt/ros/jazzy/opt/gz_cmake_vendor:/opt/ros/jazzy LD_LIBRARY_PATH=/home/ubuntu/rb3302_final_proj_code/robot_ws/install/yesense_interface/lib:/home/ubuntu/rb3302_final_proj_code/robot_ws/install/serial/lib:${LD_LIBRARY_PATH} PYTHONPATH=/home/ubuntu/rb3302_final_proj_code/robot_ws/install/yesense_interface/lib/python3.12/site-packages:/home/ubuntu/rb3302_final_proj_code/robot_ws/build/waverover_base:/home/ubuntu/rb3302_final_proj_code/robot_ws/install/waverover_base/lib/python3.12/site-packages:${PYTHONPATH} /usr/bin/cmake /home/ubuntu/rb3302_final_proj_code/robot_ws/src/robot_init -DAMENT_CMAKE_SYMLINK_INSTALL=1 -DCMAKE_INSTALL_PREFIX=/home/ubuntu/rb3302_final_proj_code/robot_ws/install/robot_init
[9.586s] DEBUG:colcon.colcon_core.event_handler.log_command:Invoked command in '/home/ubuntu/rb3302_final_proj_code/robot_ws/build/robot_init' returned '0': AMENT_PREFIX_PATH=/home/ubuntu/rb3302_final_proj_code/robot_ws/install/yesense_std_ros2:/home/ubuntu/rb3302_final_proj_code/robot_ws/install/yesense_interface:/home/ubuntu/rb3302_final_proj_code/robot_ws/install/waverover_base:/home/ubuntu/rb3302_final_proj_code/robot_ws/install/serial:/home/ubuntu/rb3302_final_proj_code/robot_ws/install/rplidar_ros:/home/ubuntu/rb3302_final_proj_code/robot_ws/install/robot_model:${AMENT_PREFIX_PATH} CMAKE_PREFIX_PATH=/home/ubuntu/rb3302_final_proj_code/robot_ws/install/yesense_std_ros2:/home/ubuntu/rb3302_final_proj_code/robot_ws/install/yesense_interface:/home/ubuntu/rb3302_final_proj_code/robot_ws/install/serial:/home/ubuntu/rb3302_final_proj_code/robot_ws/install/rplidar_ros:/home/ubuntu/rb3302_final_proj_code/robot_ws/install/robot_model:/opt/ros/jazzy/opt/gz_sim_vendor:/opt/ros/jazzy/opt/gz_sensors_vendor:/opt/ros/jazzy/opt/gz_physics_vendor:/opt/ros/jazzy/opt/sdformat_vendor:/opt/ros/jazzy/opt/gz_gui_vendor:/opt/ros/jazzy/opt/gz_transport_vendor:/opt/ros/jazzy/opt/gz_rendering_vendor:/opt/ros/jazzy/opt/gz_plugin_vendor:/opt/ros/jazzy/opt/gz_fuel_tools_vendor:/opt/ros/jazzy/opt/gz_msgs_vendor:/opt/ros/jazzy/opt/gz_common_vendor:/opt/ros/jazzy/opt/gz_math_vendor:/opt/ros/jazzy/opt/gz_utils_vendor:/opt/ros/jazzy/opt/gz_tools_vendor:/opt/ros/jazzy/opt/gz_ogre_next_vendor:/opt/ros/jazzy/opt/gz_dartsim_vendor:/opt/ros/jazzy/opt/gz_cmake_vendor:/opt/ros/jazzy LD_LIBRARY_PATH=/home/ubuntu/rb3302_final_proj_code/robot_ws/install/yesense_interface/lib:/home/ubuntu/rb3302_final_proj_code/robot_ws/install/serial/lib:${LD_LIBRARY_PATH} PYTHONPATH=/home/ubuntu/rb3302_final_proj_code/robot_ws/install/yesense_interface/lib/python3.12/site-packages:/home/ubuntu/rb3302_final_proj_code/robot_ws/build/waverover_base:/home/ubuntu/rb3302_final_proj_code/robot_ws/install/waverover_base/lib/python3.12/site-packages:${PYTHONPATH} /usr/bin/cmake /home/ubuntu/rb3302_final_proj_code/robot_ws/src/robot_init -DAMENT_CMAKE_SYMLINK_INSTALL=1 -DCMAKE_INSTALL_PREFIX=/home/ubuntu/rb3302_final_proj_code/robot_ws/install/robot_init
[9.589s] DEBUG:colcon.colcon_core.event_handler.log_command:Invoking command in '/home/ubuntu/rb3302_final_proj_code/robot_ws/build/robot_init': AMENT_PREFIX_PATH=/home/ubuntu/rb3302_final_proj_code/robot_ws/install/yesense_std_ros2:/home/ubuntu/rb3302_final_proj_code/robot_ws/install/yesense_interface:/home/ubuntu/rb3302_final_proj_code/robot_ws/install/waverover_base:/home/ubuntu/rb3302_final_proj_code/robot_ws/install/serial:/home/ubuntu/rb3302_final_proj_code/robot_ws/install/rplidar_ros:/home/ubuntu/rb3302_final_proj_code/robot_ws/install/robot_model:${AMENT_PREFIX_PATH} CMAKE_PREFIX_PATH=/home/ubuntu/rb3302_final_proj_code/robot_ws/install/yesense_std_ros2:/home/ubuntu/rb3302_final_proj_code/robot_ws/install/yesense_interface:/home/ubuntu/rb3302_final_proj_code/robot_ws/install/serial:/home/ubuntu/rb3302_final_proj_code/robot_ws/install/rplidar_ros:/home/ubuntu/rb3302_final_proj_code/robot_ws/install/robot_model:/opt/ros/jazzy/opt/gz_sim_vendor:/opt/ros/jazzy/opt/gz_sensors_vendor:/opt/ros/jazzy/opt/gz_physics_vendor:/opt/ros/jazzy/opt/sdformat_vendor:/opt/ros/jazzy/opt/gz_gui_vendor:/opt/ros/jazzy/opt/gz_transport_vendor:/opt/ros/jazzy/opt/gz_rendering_vendor:/opt/ros/jazzy/opt/gz_plugin_vendor:/opt/ros/jazzy/opt/gz_fuel_tools_vendor:/opt/ros/jazzy/opt/gz_msgs_vendor:/opt/ros/jazzy/opt/gz_common_vendor:/opt/ros/jazzy/opt/gz_math_vendor:/opt/ros/jazzy/opt/gz_utils_vendor:/opt/ros/jazzy/opt/gz_tools_vendor:/opt/ros/jazzy/opt/gz_ogre_next_vendor:/opt/ros/jazzy/opt/gz_dartsim_vendor:/opt/ros/jazzy/opt/gz_cmake_vendor:/opt/ros/jazzy LD_LIBRARY_PATH=/home/ubuntu/rb3302_final_proj_code/robot_ws/install/yesense_interface/lib:/home/ubuntu/rb3302_final_proj_code/robot_ws/install/serial/lib:${LD_LIBRARY_PATH} PYTHONPATH=/home/ubuntu/rb3302_final_proj_code/robot_ws/install/yesense_interface/lib/python3.12/site-packages:/home/ubuntu/rb3302_final_proj_code/robot_ws/build/waverover_base:/home/ubuntu/rb3302_final_proj_code/robot_ws/install/waverover_base/lib/python3.12/site-packages:${PYTHONPATH} /usr/bin/cmake --build /home/ubuntu/rb3302_final_proj_code/robot_ws/build/robot_init -- -j8 -l8
[10.300s] DEBUG:colcon.colcon_core.event_handler.log_command:Invoked command in '/home/ubuntu/rb3302_final_proj_code/robot_ws/build/robot_init' returned '0': AMENT_PREFIX_PATH=/home/ubuntu/rb3302_final_proj_code/robot_ws/install/yesense_std_ros2:/home/ubuntu/rb3302_final_proj_code/robot_ws/install/yesense_interface:/home/ubuntu/rb3302_final_proj_code/robot_ws/install/waverover_base:/home/ubuntu/rb3302_final_proj_code/robot_ws/install/serial:/home/ubuntu/rb3302_final_proj_code/robot_ws/install/rplidar_ros:/home/ubuntu/rb3302_final_proj_code/robot_ws/install/robot_model:${AMENT_PREFIX_PATH} CMAKE_PREFIX_PATH=/home/ubuntu/rb3302_final_proj_code/robot_ws/install/yesense_std_ros2:/home/ubuntu/rb3302_final_proj_code/robot_ws/install/yesense_interface:/home/ubuntu/rb3302_final_proj_code/robot_ws/install/serial:/home/ubuntu/rb3302_final_proj_code/robot_ws/install/rplidar_ros:/home/ubuntu/rb3302_final_proj_code/robot_ws/install/robot_model:/opt/ros/jazzy/opt/gz_sim_vendor:/opt/ros/jazzy/opt/gz_sensors_vendor:/opt/ros/jazzy/opt/gz_physics_vendor:/opt/ros/jazzy/opt/sdformat_vendor:/opt/ros/jazzy/opt/gz_gui_vendor:/opt/ros/jazzy/opt/gz_transport_vendor:/opt/ros/jazzy/opt/gz_rendering_vendor:/opt/ros/jazzy/opt/gz_plugin_vendor:/opt/ros/jazzy/opt/gz_fuel_tools_vendor:/opt/ros/jazzy/opt/gz_msgs_vendor:/opt/ros/jazzy/opt/gz_common_vendor:/opt/ros/jazzy/opt/gz_math_vendor:/opt/ros/jazzy/opt/gz_utils_vendor:/opt/ros/jazzy/opt/gz_tools_vendor:/opt/ros/jazzy/opt/gz_ogre_next_vendor:/opt/ros/jazzy/opt/gz_dartsim_vendor:/opt/ros/jazzy/opt/gz_cmake_vendor:/opt/ros/jazzy LD_LIBRARY_PATH=/home/ubuntu/rb3302_final_proj_code/robot_ws/install/yesense_interface/lib:/home/ubuntu/rb3302_final_proj_code/robot_ws/install/serial/lib:${LD_LIBRARY_PATH} PYTHONPATH=/home/ubuntu/rb3302_final_proj_code/robot_ws/install/yesense_interface/lib/python3.12/site-packages:/home/ubuntu/rb3302_final_proj_code/robot_ws/build/waverover_base:/home/ubuntu/rb3302_final_proj_code/robot_ws/install/waverover_base/lib/python3.12/site-packages:${PYTHONPATH} /usr/bin/cmake --build /home/ubuntu/rb3302_final_proj_code/robot_ws/build/robot_init -- -j8 -l8
[10.307s] DEBUG:colcon.colcon_core.event_handler.log_command:Invoking command in '/home/ubuntu/rb3302_final_proj_code/robot_ws/build/robot_init': AMENT_PREFIX_PATH=/home/ubuntu/rb3302_final_proj_code/robot_ws/install/yesense_std_ros2:/home/ubuntu/rb3302_final_proj_code/robot_ws/install/yesense_interface:/home/ubuntu/rb3302_final_proj_code/robot_ws/install/waverover_base:/home/ubuntu/rb3302_final_proj_code/robot_ws/install/serial:/home/ubuntu/rb3302_final_proj_code/robot_ws/install/rplidar_ros:/home/ubuntu/rb3302_final_proj_code/robot_ws/install/robot_model:${AMENT_PREFIX_PATH} CMAKE_PREFIX_PATH=/home/ubuntu/rb3302_final_proj_code/robot_ws/install/yesense_std_ros2:/home/ubuntu/rb3302_final_proj_code/robot_ws/install/yesense_interface:/home/ubuntu/rb3302_final_proj_code/robot_ws/install/serial:/home/ubuntu/rb3302_final_proj_code/robot_ws/install/rplidar_ros:/home/ubuntu/rb3302_final_proj_code/robot_ws/install/robot_model:/opt/ros/jazzy/opt/gz_sim_vendor:/opt/ros/jazzy/opt/gz_sensors_vendor:/opt/ros/jazzy/opt/gz_physics_vendor:/opt/ros/jazzy/opt/sdformat_vendor:/opt/ros/jazzy/opt/gz_gui_vendor:/opt/ros/jazzy/opt/gz_transport_vendor:/opt/ros/jazzy/opt/gz_rendering_vendor:/opt/ros/jazzy/opt/gz_plugin_vendor:/opt/ros/jazzy/opt/gz_fuel_tools_vendor:/opt/ros/jazzy/opt/gz_msgs_vendor:/opt/ros/jazzy/opt/gz_common_vendor:/opt/ros/jazzy/opt/gz_math_vendor:/opt/ros/jazzy/opt/gz_utils_vendor:/opt/ros/jazzy/opt/gz_tools_vendor:/opt/ros/jazzy/opt/gz_ogre_next_vendor:/opt/ros/jazzy/opt/gz_dartsim_vendor:/opt/ros/jazzy/opt/gz_cmake_vendor:/opt/ros/jazzy LD_LIBRARY_PATH=/home/ubuntu/rb3302_final_proj_code/robot_ws/install/yesense_interface/lib:/home/ubuntu/rb3302_final_proj_code/robot_ws/install/serial/lib:${LD_LIBRARY_PATH} PYTHONPATH=/home/ubuntu/rb3302_final_proj_code/robot_ws/install/yesense_interface/lib/python3.12/site-packages:/home/ubuntu/rb3302_final_proj_code/robot_ws/build/waverover_base:/home/ubuntu/rb3302_final_proj_code/robot_ws/install/waverover_base/lib/python3.12/site-packages:${PYTHONPATH} /usr/bin/cmake --install /home/ubuntu/rb3302_final_proj_code/robot_ws/build/robot_init
[10.349s] Level 1:colcon.colcon_core.environment:create_environment_scripts_only(robot_init)
[10.350s] Level 1:colcon.colcon_core.environment:checking '/home/ubuntu/rb3302_final_proj_code/robot_ws/install/robot_init' for CMake module files
[10.356s] Level 1:colcon.colcon_core.environment:checking '/home/ubuntu/rb3302_final_proj_code/robot_ws/install/robot_init' for CMake config files
[10.356s] DEBUG:colcon.colcon_core.event_handler.log_command:Invoked command in '/home/ubuntu/rb3302_final_proj_code/robot_ws/build/robot_init' returned '0': AMENT_PREFIX_PATH=/home/ubuntu/rb3302_final_proj_code/robot_ws/install/yesense_std_ros2:/home/ubuntu/rb3302_final_proj_code/robot_ws/install/yesense_interface:/home/ubuntu/rb3302_final_proj_code/robot_ws/install/waverover_base:/home/ubuntu/rb3302_final_proj_code/robot_ws/install/serial:/home/ubuntu/rb3302_final_proj_code/robot_ws/install/rplidar_ros:/home/ubuntu/rb3302_final_proj_code/robot_ws/install/robot_model:${AMENT_PREFIX_PATH} CMAKE_PREFIX_PATH=/home/ubuntu/rb3302_final_proj_code/robot_ws/install/yesense_std_ros2:/home/ubuntu/rb3302_final_proj_code/robot_ws/install/yesense_interface:/home/ubuntu/rb3302_final_proj_code/robot_ws/install/serial:/home/ubuntu/rb3302_final_proj_code/robot_ws/install/rplidar_ros:/home/ubuntu/rb3302_final_proj_code/robot_ws/install/robot_model:/opt/ros/jazzy/opt/gz_sim_vendor:/opt/ros/jazzy/opt/gz_sensors_vendor:/opt/ros/jazzy/opt/gz_physics_vendor:/opt/ros/jazzy/opt/sdformat_vendor:/opt/ros/jazzy/opt/gz_gui_vendor:/opt/ros/jazzy/opt/gz_transport_vendor:/opt/ros/jazzy/opt/gz_rendering_vendor:/opt/ros/jazzy/opt/gz_plugin_vendor:/opt/ros/jazzy/opt/gz_fuel_tools_vendor:/opt/ros/jazzy/opt/gz_msgs_vendor:/opt/ros/jazzy/opt/gz_common_vendor:/opt/ros/jazzy/opt/gz_math_vendor:/opt/ros/jazzy/opt/gz_utils_vendor:/opt/ros/jazzy/opt/gz_tools_vendor:/opt/ros/jazzy/opt/gz_ogre_next_vendor:/opt/ros/jazzy/opt/gz_dartsim_vendor:/opt/ros/jazzy/opt/gz_cmake_vendor:/opt/ros/jazzy LD_LIBRARY_PATH=/home/ubuntu/rb3302_final_proj_code/robot_ws/install/yesense_interface/lib:/home/ubuntu/rb3302_final_proj_code/robot_ws/install/serial/lib:${LD_LIBRARY_PATH} PYTHONPATH=/home/ubuntu/rb3302_final_proj_code/robot_ws/install/yesense_interface/lib/python3.12/site-packages:/home/ubuntu/rb3302_final_proj_code/robot_ws/build/waverover_base:/home/ubuntu/rb3302_final_proj_code/robot_ws/install/waverover_base/lib/python3.12/site-packages:${PYTHONPATH} /usr/bin/cmake --install /home/ubuntu/rb3302_final_proj_code/robot_ws/build/robot_init
[10.358s] Level 1:colcon.colcon_core.shell:create_environment_hook('robot_init', 'cmake_prefix_path')
[10.359s] INFO:colcon.colcon_core.shell:Creating environment hook '/home/ubuntu/rb3302_final_proj_code/robot_ws/install/robot_init/share/robot_init/hook/cmake_prefix_path.ps1'
[10.361s] INFO:colcon.colcon_core.shell:Creating environment descriptor '/home/ubuntu/rb3302_final_proj_code/robot_ws/install/robot_init/share/robot_init/hook/cmake_prefix_path.dsv'
[10.363s] INFO:colcon.colcon_core.shell:Creating environment hook '/home/ubuntu/rb3302_final_proj_code/robot_ws/install/robot_init/share/robot_init/hook/cmake_prefix_path.sh'
[10.365s] Level 1:colcon.colcon_core.environment:checking '/home/ubuntu/rb3302_final_proj_code/robot_ws/install/robot_init/bin'
[10.366s] Level 1:colcon.colcon_core.environment:checking '/home/ubuntu/rb3302_final_proj_code/robot_ws/install/robot_init/lib/pkgconfig/robot_init.pc'
[10.367s] Level 1:colcon.colcon_core.environment:checking '/home/ubuntu/rb3302_final_proj_code/robot_ws/install/robot_init/lib/python3.12/site-packages'
[10.368s] Level 1:colcon.colcon_core.environment:checking '/home/ubuntu/rb3302_final_proj_code/robot_ws/install/robot_init/bin'
[10.369s] INFO:colcon.colcon_core.shell:Creating package script '/home/ubuntu/rb3302_final_proj_code/robot_ws/install/robot_init/share/robot_init/package.ps1'
[10.372s] INFO:colcon.colcon_core.shell:Creating package descriptor '/home/ubuntu/rb3302_final_proj_code/robot_ws/install/robot_init/share/robot_init/package.dsv'
[10.374s] INFO:colcon.colcon_core.shell:Creating package script '/home/ubuntu/rb3302_final_proj_code/robot_ws/install/robot_init/share/robot_init/package.sh'
[10.375s] INFO:colcon.colcon_core.shell:Creating package script '/home/ubuntu/rb3302_final_proj_code/robot_ws/install/robot_init/share/robot_init/package.bash'
[10.377s] INFO:colcon.colcon_core.shell:Creating package script '/home/ubuntu/rb3302_final_proj_code/robot_ws/install/robot_init/share/robot_init/package.zsh'
[10.378s] Level 1:colcon.colcon_core.environment:create_file_with_runtime_dependencies(/home/ubuntu/rb3302_final_proj_code/robot_ws/install/robot_init/share/colcon-core/packages/robot_init)
[10.381s] Level 1:colcon.colcon_core.environment:create_environment_scripts_only(robot_init)
[10.381s] Level 1:colcon.colcon_core.environment:checking '/home/ubuntu/rb3302_final_proj_code/robot_ws/install/robot_init' for CMake module files
[10.384s] Level 1:colcon.colcon_core.environment:checking '/home/ubuntu/rb3302_final_proj_code/robot_ws/install/robot_init' for CMake config files
[10.385s] Level 1:colcon.colcon_core.shell:create_environment_hook('robot_init', 'cmake_prefix_path')
[10.385s] INFO:colcon.colcon_core.shell:Creating environment hook '/home/ubuntu/rb3302_final_proj_code/robot_ws/install/robot_init/share/robot_init/hook/cmake_prefix_path.ps1'
[10.387s] INFO:colcon.colcon_core.shell:Creating environment descriptor '/home/ubuntu/rb3302_final_proj_code/robot_ws/install/robot_init/share/robot_init/hook/cmake_prefix_path.dsv'
[10.389s] INFO:colcon.colcon_core.shell:Creating environment hook '/home/ubuntu/rb3302_final_proj_code/robot_ws/install/robot_init/share/robot_init/hook/cmake_prefix_path.sh'
[10.391s] Level 1:colcon.colcon_core.environment:checking '/home/ubuntu/rb3302_final_proj_code/robot_ws/install/robot_init/bin'
[10.392s] Level 1:colcon.colcon_core.environment:checking '/home/ubuntu/rb3302_final_proj_code/robot_ws/install/robot_init/lib/pkgconfig/robot_init.pc'
[10.392s] Level 1:colcon.colcon_core.environment:checking '/home/ubuntu/rb3302_final_proj_code/robot_ws/install/robot_init/lib/python3.12/site-packages'
[10.394s] Level 1:colcon.colcon_core.environment:checking '/home/ubuntu/rb3302_final_proj_code/robot_ws/install/robot_init/bin'
[10.395s] INFO:colcon.colcon_core.shell:Creating package script '/home/ubuntu/rb3302_final_proj_code/robot_ws/install/robot_init/share/robot_init/package.ps1'
[10.397s] INFO:colcon.colcon_core.shell:Creating package descriptor '/home/ubuntu/rb3302_final_proj_code/robot_ws/install/robot_init/share/robot_init/package.dsv'
[10.398s] INFO:colcon.colcon_core.shell:Creating package script '/home/ubuntu/rb3302_final_proj_code/robot_ws/install/robot_init/share/robot_init/package.sh'
[10.400s] INFO:colcon.colcon_core.shell:Creating package script '/home/ubuntu/rb3302_final_proj_code/robot_ws/install/robot_init/share/robot_init/package.bash'
[10.401s] INFO:colcon.colcon_core.shell:Creating package script '/home/ubuntu/rb3302_final_proj_code/robot_ws/install/robot_init/share/robot_init/package.zsh'
[10.402s] Level 1:colcon.colcon_core.environment:create_file_with_runtime_dependencies(/home/ubuntu/rb3302_final_proj_code/robot_ws/install/robot_init/share/colcon-core/packages/robot_init)
[10.403s] DEBUG:colcon.colcon_parallel_executor.executor.parallel:closing loop
[10.404s] DEBUG:colcon.colcon_parallel_executor.executor.parallel:loop closed
[10.404s] DEBUG:colcon.colcon_parallel_executor.executor.parallel:run_until_complete finished with '0'
[10.405s] DEBUG:colcon.colcon_core.event_reactor:joining thread
[10.410s] DEBUG:colcon.colcon_core.event_reactor:joined thread
[10.411s] INFO:colcon.colcon_core.shell:Creating prefix script '/home/ubuntu/rb3302_final_proj_code/robot_ws/install/local_setup.ps1'
[10.414s] INFO:colcon.colcon_core.shell:Creating prefix util module '/home/ubuntu/rb3302_final_proj_code/robot_ws/install/_local_setup_util_ps1.py'
[10.419s] INFO:colcon.colcon_core.shell:Creating prefix chain script '/home/ubuntu/rb3302_final_proj_code/robot_ws/install/setup.ps1'
[10.423s] INFO:colcon.colcon_core.shell:Creating prefix script '/home/ubuntu/rb3302_final_proj_code/robot_ws/install/local_setup.sh'
[10.426s] INFO:colcon.colcon_core.shell:Creating prefix util module '/home/ubuntu/rb3302_final_proj_code/robot_ws/install/_local_setup_util_sh.py'
[10.428s] INFO:colcon.colcon_core.shell:Creating prefix chain script '/home/ubuntu/rb3302_final_proj_code/robot_ws/install/setup.sh'
[10.432s] INFO:colcon.colcon_core.shell:Creating prefix script '/home/ubuntu/rb3302_final_proj_code/robot_ws/install/local_setup.bash'
[10.433s] INFO:colcon.colcon_core.shell:Creating prefix chain script '/home/ubuntu/rb3302_final_proj_code/robot_ws/install/setup.bash'
[10.436s] INFO:colcon.colcon_core.shell:Creating prefix script '/home/ubuntu/rb3302_final_proj_code/robot_ws/install/local_setup.zsh'
[10.438s] INFO:colcon.colcon_core.shell:Creating prefix chain script '/home/ubuntu/rb3302_final_proj_code/robot_ws/install/setup.zsh'
