[0.929s] DEBUG:colcon:Command line arguments: ['/usr/bin/colcon', 'build', '--symlink-install']
[0.930s] DEBUG:colcon:Parsed command line arguments: Namespace(log_base=None, log_level=None, verb_name='build', build_base='build', install_base='install', merge_install=False, symlink_install=True, test_result_base=None, continue_on_error=False, executor='parallel', parallel_workers=8, event_handlers=None, ignore_user_meta=False, metas=['./colcon.meta'], base_paths=['.'], packages_ignore=None, packages_ignore_regex=None, paths=None, packages_up_to=None, packages_up_to_regex=None, packages_above=None, packages_above_and_dependencies=None, packages_above_depth=None, packages_select_by_dep=None, packages_skip_by_dep=None, packages_skip_up_to=None, packages_select_build_failed=False, packages_skip_build_finished=False, packages_select_test_failures=False, packages_skip_test_passed=False, packages_select=None, packages_skip=None, packages_select_regex=None, packages_skip_regex=None, packages_start=None, packages_end=None, allow_overriding=[], cmake_args=None, cmake_target=None, cmake_target_skip_unavailable=False, cmake_clean_cache=False, cmake_clean_first=False, cmake_force_configure=False, ament_cmake_args=None, catkin_cmake_args=None, catkin_skip_building_tests=False, mixin_files=None, mixin=None, verb_parser=<colcon_mixin.mixin.mixin_argument.MixinArgumentDecorator object at 0xffffb2a07980>, verb_extension=<colcon_core.verb.build.BuildVerb object at 0xffffb2bec5f0>, main=<bound method BuildVerb.main of <colcon_core.verb.build.BuildVerb object at 0xffffb2bec5f0>>, mixin_verb=('build',))
[1.088s] Level 1:colcon.colcon_core.package_discovery:discover_packages(colcon_meta) check parameters
[1.088s] Level 1:colcon.colcon_core.package_discovery:discover_packages(recursive) check parameters
[1.088s] Level 1:colcon.colcon_core.package_discovery:discover_packages(ignore) check parameters
[1.088s] Level 1:colcon.colcon_core.package_discovery:discover_packages(path) check parameters
[1.088s] Level 1:colcon.colcon_core.package_discovery:discover_packages(colcon_meta) discover
[1.089s] Level 1:colcon.colcon_core.package_discovery:discover_packages(recursive) discover
[1.089s] INFO:colcon.colcon_core.package_discovery:Crawling recursively for packages in '/home/ubuntu/rb3302_final_proj_code/robot_ws'
[1.089s] Level 1:colcon.colcon_core.package_identification:_identify(.) by extensions ['ignore', 'ignore_ament_install']
[1.089s] Level 1:colcon.colcon_core.package_identification:_identify(.) by extension 'ignore'
[1.089s] Level 1:colcon.colcon_core.package_identification:_identify(.) by extension 'ignore_ament_install'
[1.089s] Level 1:colcon.colcon_core.package_identification:_identify(.) by extensions ['colcon_pkg']
[1.089s] Level 1:colcon.colcon_core.package_identification:_identify(.) by extension 'colcon_pkg'
[1.090s] Level 1:colcon.colcon_core.package_identification:_identify(.) by extensions ['colcon_meta']
[1.090s] Level 1:colcon.colcon_core.package_identification:_identify(.) by extension 'colcon_meta'
[1.090s] Level 1:colcon.colcon_core.package_identification:_identify(.) by extensions ['ros']
[1.090s] Level 1:colcon.colcon_core.package_identification:_identify(.) by extension 'ros'
[1.151s] Level 1:colcon.colcon_core.package_identification:_identify(.) by extensions ['cmake', 'python']
[1.152s] Level 1:colcon.colcon_core.package_identification:_identify(.) by extension 'cmake'
[1.152s] Level 1:colcon.colcon_core.package_identification:_identify(.) by extension 'python'
[1.152s] Level 1:colcon.colcon_core.package_identification:_identify(.) by extensions ['python_setup_py']
[1.152s] Level 1:colcon.colcon_core.package_identification:_identify(.) by extension 'python_setup_py'
[1.152s] Level 1:colcon.colcon_core.package_identification:_identify(build) by extensions ['ignore', 'ignore_ament_install']
[1.152s] Level 1:colcon.colcon_core.package_identification:_identify(build) by extension 'ignore'
[1.152s] Level 1:colcon.colcon_core.package_identification:_identify(build) ignored
[1.153s] Level 1:colcon.colcon_core.package_identification:_identify(install) by extensions ['ignore', 'ignore_ament_install']
[1.153s] Level 1:colcon.colcon_core.package_identification:_identify(install) by extension 'ignore'
[1.153s] Level 1:colcon.colcon_core.package_identification:_identify(install) ignored
[1.153s] Level 1:colcon.colcon_core.package_identification:_identify(log) by extensions ['ignore', 'ignore_ament_install']
[1.153s] Level 1:colcon.colcon_core.package_identification:_identify(log) by extension 'ignore'
[1.153s] Level 1:colcon.colcon_core.package_identification:_identify(log) ignored
[1.153s] Level 1:colcon.colcon_core.package_identification:_identify(src) by extensions ['ignore', 'ignore_ament_install']
[1.153s] Level 1:colcon.colcon_core.package_identification:_identify(src) by extension 'ignore'
[1.154s] Level 1:colcon.colcon_core.package_identification:_identify(src) by extension 'ignore_ament_install'
[1.154s] Level 1:colcon.colcon_core.package_identification:_identify(src) by extensions ['colcon_pkg']
[1.154s] Level 1:colcon.colcon_core.package_identification:_identify(src) by extension 'colcon_pkg'
[1.154s] Level 1:colcon.colcon_core.package_identification:_identify(src) by extensions ['colcon_meta']
[1.154s] Level 1:colcon.colcon_core.package_identification:_identify(src) by extension 'colcon_meta'
[1.154s] Level 1:colcon.colcon_core.package_identification:_identify(src) by extensions ['ros']
[1.154s] Level 1:colcon.colcon_core.package_identification:_identify(src) by extension 'ros'
[1.154s] Level 1:colcon.colcon_core.package_identification:_identify(src) by extensions ['cmake', 'python']
[1.154s] Level 1:colcon.colcon_core.package_identification:_identify(src) by extension 'cmake'
[1.154s] Level 1:colcon.colcon_core.package_identification:_identify(src) by extension 'python'
[1.154s] Level 1:colcon.colcon_core.package_identification:_identify(src) by extensions ['python_setup_py']
[1.154s] Level 1:colcon.colcon_core.package_identification:_identify(src) by extension 'python_setup_py'
[1.155s] Level 1:colcon.colcon_core.package_identification:_identify(src/robot_init) by extensions ['ignore', 'ignore_ament_install']
[1.155s] Level 1:colcon.colcon_core.package_identification:_identify(src/robot_init) by extension 'ignore'
[1.155s] Level 1:colcon.colcon_core.package_identification:_identify(src/robot_init) by extension 'ignore_ament_install'
[1.155s] Level 1:colcon.colcon_core.package_identification:_identify(src/robot_init) by extensions ['colcon_pkg']
[1.155s] Level 1:colcon.colcon_core.package_identification:_identify(src/robot_init) by extension 'colcon_pkg'
[1.155s] Level 1:colcon.colcon_core.package_identification:_identify(src/robot_init) by extensions ['colcon_meta']
[1.155s] Level 1:colcon.colcon_core.package_identification:_identify(src/robot_init) by extension 'colcon_meta'
[1.155s] Level 1:colcon.colcon_core.package_identification:_identify(src/robot_init) by extensions ['ros']
[1.155s] Level 1:colcon.colcon_core.package_identification:_identify(src/robot_init) by extension 'ros'
[1.163s] DEBUG:colcon.colcon_core.package_identification:Package 'src/robot_init' with type 'ros.ament_cmake' and name 'robot_init'
[1.163s] Level 1:colcon.colcon_core.package_identification:_identify(src/robot_model) by extensions ['ignore', 'ignore_ament_install']
[1.163s] Level 1:colcon.colcon_core.package_identification:_identify(src/robot_model) by extension 'ignore'
[1.163s] Level 1:colcon.colcon_core.package_identification:_identify(src/robot_model) by extension 'ignore_ament_install'
[1.163s] Level 1:colcon.colcon_core.package_identification:_identify(src/robot_model) by extensions ['colcon_pkg']
[1.164s] Level 1:colcon.colcon_core.package_identification:_identify(src/robot_model) by extension 'colcon_pkg'
[1.164s] Level 1:colcon.colcon_core.package_identification:_identify(src/robot_model) by extensions ['colcon_meta']
[1.164s] Level 1:colcon.colcon_core.package_identification:_identify(src/robot_model) by extension 'colcon_meta'
[1.164s] Level 1:colcon.colcon_core.package_identification:_identify(src/robot_model) by extensions ['ros']
[1.164s] Level 1:colcon.colcon_core.package_identification:_identify(src/robot_model) by extension 'ros'
[1.165s] DEBUG:colcon.colcon_core.package_identification:Package 'src/robot_model' with type 'ros.ament_cmake' and name 'robot_model'
[1.165s] Level 1:colcon.colcon_core.package_identification:_identify(src/rplidar_ros) by extensions ['ignore', 'ignore_ament_install']
[1.165s] Level 1:colcon.colcon_core.package_identification:_identify(src/rplidar_ros) by extension 'ignore'
[1.165s] Level 1:colcon.colcon_core.package_identification:_identify(src/rplidar_ros) by extension 'ignore_ament_install'
[1.165s] Level 1:colcon.colcon_core.package_identification:_identify(src/rplidar_ros) by extensions ['colcon_pkg']
[1.165s] Level 1:colcon.colcon_core.package_identification:_identify(src/rplidar_ros) by extension 'colcon_pkg'
[1.165s] Level 1:colcon.colcon_core.package_identification:_identify(src/rplidar_ros) by extensions ['colcon_meta']
[1.165s] Level 1:colcon.colcon_core.package_identification:_identify(src/rplidar_ros) by extension 'colcon_meta'
[1.165s] Level 1:colcon.colcon_core.package_identification:_identify(src/rplidar_ros) by extensions ['ros']
[1.165s] Level 1:colcon.colcon_core.package_identification:_identify(src/rplidar_ros) by extension 'ros'
[1.166s] DEBUG:colcon.colcon_core.package_identification:Package 'src/rplidar_ros' with type 'ros.ament_cmake' and name 'rplidar_ros'
[1.166s] Level 1:colcon.colcon_core.package_identification:_identify(src/serial) by extensions ['ignore', 'ignore_ament_install']
[1.166s] Level 1:colcon.colcon_core.package_identification:_identify(src/serial) by extension 'ignore'
[1.167s] Level 1:colcon.colcon_core.package_identification:_identify(src/serial) by extension 'ignore_ament_install'
[1.167s] Level 1:colcon.colcon_core.package_identification:_identify(src/serial) by extensions ['colcon_pkg']
[1.167s] Level 1:colcon.colcon_core.package_identification:_identify(src/serial) by extension 'colcon_pkg'
[1.167s] Level 1:colcon.colcon_core.package_identification:_identify(src/serial) by extensions ['colcon_meta']
[1.167s] Level 1:colcon.colcon_core.package_identification:_identify(src/serial) by extension 'colcon_meta'
[1.167s] Level 1:colcon.colcon_core.package_identification:_identify(src/serial) by extensions ['ros']
[1.167s] Level 1:colcon.colcon_core.package_identification:_identify(src/serial) by extension 'ros'
[1.168s] DEBUG:colcon.colcon_core.package_identification:Package 'src/serial' with type 'ros.ament_cmake' and name 'serial'
[1.168s] Level 1:colcon.colcon_core.package_identification:_identify(src/waverover_base) by extensions ['ignore', 'ignore_ament_install']
[1.168s] Level 1:colcon.colcon_core.package_identification:_identify(src/waverover_base) by extension 'ignore'
[1.168s] Level 1:colcon.colcon_core.package_identification:_identify(src/waverover_base) by extension 'ignore_ament_install'
[1.168s] Level 1:colcon.colcon_core.package_identification:_identify(src/waverover_base) by extensions ['colcon_pkg']
[1.169s] Level 1:colcon.colcon_core.package_identification:_identify(src/waverover_base) by extension 'colcon_pkg'
[1.169s] Level 1:colcon.colcon_core.package_identification:_identify(src/waverover_base) by extensions ['colcon_meta']
[1.169s] Level 1:colcon.colcon_core.package_identification:_identify(src/waverover_base) by extension 'colcon_meta'
[1.169s] Level 1:colcon.colcon_core.package_identification:_identify(src/waverover_base) by extensions ['ros']
[1.169s] Level 1:colcon.colcon_core.package_identification:_identify(src/waverover_base) by extension 'ros'
[1.170s] DEBUG:colcon.colcon_core.package_identification:Package 'src/waverover_base' with type 'ros.ament_python' and name 'waverover_base'
[1.170s] Level 1:colcon.colcon_core.package_identification:_identify(src/yesense_interface) by extensions ['ignore', 'ignore_ament_install']
[1.170s] Level 1:colcon.colcon_core.package_identification:_identify(src/yesense_interface) by extension 'ignore'
[1.170s] Level 1:colcon.colcon_core.package_identification:_identify(src/yesense_interface) by extension 'ignore_ament_install'
[1.170s] Level 1:colcon.colcon_core.package_identification:_identify(src/yesense_interface) by extensions ['colcon_pkg']
[1.170s] Level 1:colcon.colcon_core.package_identification:_identify(src/yesense_interface) by extension 'colcon_pkg'
[1.171s] Level 1:colcon.colcon_core.package_identification:_identify(src/yesense_interface) by extensions ['colcon_meta']
[1.171s] Level 1:colcon.colcon_core.package_identification:_identify(src/yesense_interface) by extension 'colcon_meta'
[1.171s] Level 1:colcon.colcon_core.package_identification:_identify(src/yesense_interface) by extensions ['ros']
[1.171s] Level 1:colcon.colcon_core.package_identification:_identify(src/yesense_interface) by extension 'ros'
[1.171s] DEBUG:colcon.colcon_core.package_identification:Package 'src/yesense_interface' with type 'ros.ament_cmake' and name 'yesense_interface'
[1.171s] Level 1:colcon.colcon_core.package_identification:_identify(src/yesense_std_ros2) by extensions ['ignore', 'ignore_ament_install']
[1.172s] Level 1:colcon.colcon_core.package_identification:_identify(src/yesense_std_ros2) by extension 'ignore'
[1.172s] Level 1:colcon.colcon_core.package_identification:_identify(src/yesense_std_ros2) by extension 'ignore_ament_install'
[1.172s] Level 1:colcon.colcon_core.package_identification:_identify(src/yesense_std_ros2) by extensions ['colcon_pkg']
[1.172s] Level 1:colcon.colcon_core.package_identification:_identify(src/yesense_std_ros2) by extension 'colcon_pkg'
[1.172s] Level 1:colcon.colcon_core.package_identification:_identify(src/yesense_std_ros2) by extensions ['colcon_meta']
[1.172s] Level 1:colcon.colcon_core.package_identification:_identify(src/yesense_std_ros2) by extension 'colcon_meta'
[1.172s] Level 1:colcon.colcon_core.package_identification:_identify(src/yesense_std_ros2) by extensions ['ros']
[1.172s] Level 1:colcon.colcon_core.package_identification:_identify(src/yesense_std_ros2) by extension 'ros'
[1.173s] DEBUG:colcon.colcon_core.package_identification:Package 'src/yesense_std_ros2' with type 'ros.ament_cmake' and name 'yesense_std_ros2'
[1.173s] Level 1:colcon.colcon_core.package_discovery:discover_packages(recursive) using defaults
[1.173s] Level 1:colcon.colcon_core.package_discovery:discover_packages(ignore) discover
[1.173s] Level 1:colcon.colcon_core.package_discovery:discover_packages(ignore) using defaults
[1.173s] Level 1:colcon.colcon_core.package_discovery:discover_packages(path) discover
[1.174s] Level 1:colcon.colcon_core.package_discovery:discover_packages(path) using defaults
[1.230s] Level 1:colcon.colcon_core.package_discovery:discover_packages(prefix_path) check parameters
[1.230s] Level 1:colcon.colcon_core.package_discovery:discover_packages(prefix_path) discover
[1.242s] DEBUG:colcon.colcon_installed_package_information.package_discovery:Found 386 installed packages in /opt/ros/jazzy
[1.245s] Level 1:colcon.colcon_core.package_discovery:discover_packages(prefix_path) using defaults
[1.326s] Level 5:colcon.colcon_core.verb:set package 'robot_model' build argument 'cmake_args' from command line to 'None'
[1.327s] Level 5:colcon.colcon_core.verb:set package 'robot_model' build argument 'cmake_target' from command line to 'None'
[1.327s] Level 5:colcon.colcon_core.verb:set package 'robot_model' build argument 'cmake_target_skip_unavailable' from command line to 'False'
[1.327s] Level 5:colcon.colcon_core.verb:set package 'robot_model' build argument 'cmake_clean_cache' from command line to 'False'
[1.327s] Level 5:colcon.colcon_core.verb:set package 'robot_model' build argument 'cmake_clean_first' from command line to 'False'
[1.327s] Level 5:colcon.colcon_core.verb:set package 'robot_model' build argument 'cmake_force_configure' from command line to 'False'
[1.327s] Level 5:colcon.colcon_core.verb:set package 'robot_model' build argument 'ament_cmake_args' from command line to 'None'
[1.327s] Level 5:colcon.colcon_core.verb:set package 'robot_model' build argument 'catkin_cmake_args' from command line to 'None'
[1.327s] Level 5:colcon.colcon_core.verb:set package 'robot_model' build argument 'catkin_skip_building_tests' from command line to 'False'
[1.327s] DEBUG:colcon.colcon_core.verb:Building package 'robot_model' with the following arguments: {'ament_cmake_args': None, 'build_base': '/home/ubuntu/rb3302_final_proj_code/robot_ws/build/robot_model', 'catkin_cmake_args': None, 'catkin_skip_building_tests': False, 'cmake_args': None, 'cmake_clean_cache': False, 'cmake_clean_first': False, 'cmake_force_configure': False, 'cmake_target': None, 'cmake_target_skip_unavailable': False, 'install_base': '/home/ubuntu/rb3302_final_proj_code/robot_ws/install/robot_model', 'merge_install': False, 'path': '/home/ubuntu/rb3302_final_proj_code/robot_ws/src/robot_model', 'symlink_install': True, 'test_result_base': None}
[1.327s] Level 5:colcon.colcon_core.verb:set package 'rplidar_ros' build argument 'cmake_args' from command line to 'None'
[1.327s] Level 5:colcon.colcon_core.verb:set package 'rplidar_ros' build argument 'cmake_target' from command line to 'None'
[1.327s] Level 5:colcon.colcon_core.verb:set package 'rplidar_ros' build argument 'cmake_target_skip_unavailable' from command line to 'False'
[1.327s] Level 5:colcon.colcon_core.verb:set package 'rplidar_ros' build argument 'cmake_clean_cache' from command line to 'False'
[1.327s] Level 5:colcon.colcon_core.verb:set package 'rplidar_ros' build argument 'cmake_clean_first' from command line to 'False'
[1.327s] Level 5:colcon.colcon_core.verb:set package 'rplidar_ros' build argument 'cmake_force_configure' from command line to 'False'
[1.327s] Level 5:colcon.colcon_core.verb:set package 'rplidar_ros' build argument 'ament_cmake_args' from command line to 'None'
[1.327s] Level 5:colcon.colcon_core.verb:set package 'rplidar_ros' build argument 'catkin_cmake_args' from command line to 'None'
[1.327s] Level 5:colcon.colcon_core.verb:set package 'rplidar_ros' build argument 'catkin_skip_building_tests' from command line to 'False'
[1.327s] DEBUG:colcon.colcon_core.verb:Building package 'rplidar_ros' with the following arguments: {'ament_cmake_args': None, 'build_base': '/home/ubuntu/rb3302_final_proj_code/robot_ws/build/rplidar_ros', 'catkin_cmake_args': None, 'catkin_skip_building_tests': False, 'cmake_args': None, 'cmake_clean_cache': False, 'cmake_clean_first': False, 'cmake_force_configure': False, 'cmake_target': None, 'cmake_target_skip_unavailable': False, 'install_base': '/home/ubuntu/rb3302_final_proj_code/robot_ws/install/rplidar_ros', 'merge_install': False, 'path': '/home/ubuntu/rb3302_final_proj_code/robot_ws/src/rplidar_ros', 'symlink_install': True, 'test_result_base': None}
[1.328s] Level 5:colcon.colcon_core.verb:set package 'serial' build argument 'cmake_args' from command line to 'None'
[1.328s] Level 5:colcon.colcon_core.verb:set package 'serial' build argument 'cmake_target' from command line to 'None'
[1.328s] Level 5:colcon.colcon_core.verb:set package 'serial' build argument 'cmake_target_skip_unavailable' from command line to 'False'
[1.328s] Level 5:colcon.colcon_core.verb:set package 'serial' build argument 'cmake_clean_cache' from command line to 'False'
[1.328s] Level 5:colcon.colcon_core.verb:set package 'serial' build argument 'cmake_clean_first' from command line to 'False'
[1.328s] Level 5:colcon.colcon_core.verb:set package 'serial' build argument 'cmake_force_configure' from command line to 'False'
[1.328s] Level 5:colcon.colcon_core.verb:set package 'serial' build argument 'ament_cmake_args' from command line to 'None'
[1.328s] Level 5:colcon.colcon_core.verb:set package 'serial' build argument 'catkin_cmake_args' from command line to 'None'
[1.328s] Level 5:colcon.colcon_core.verb:set package 'serial' build argument 'catkin_skip_building_tests' from command line to 'False'
[1.328s] DEBUG:colcon.colcon_core.verb:Building package 'serial' with the following arguments: {'ament_cmake_args': None, 'build_base': '/home/ubuntu/rb3302_final_proj_code/robot_ws/build/serial', 'catkin_cmake_args': None, 'catkin_skip_building_tests': False, 'cmake_args': None, 'cmake_clean_cache': False, 'cmake_clean_first': False, 'cmake_force_configure': False, 'cmake_target': None, 'cmake_target_skip_unavailable': False, 'install_base': '/home/ubuntu/rb3302_final_proj_code/robot_ws/install/serial', 'merge_install': False, 'path': '/home/ubuntu/rb3302_final_proj_code/robot_ws/src/serial', 'symlink_install': True, 'test_result_base': None}
[1.328s] Level 5:colcon.colcon_core.verb:set package 'waverover_base' build argument 'cmake_args' from command line to 'None'
[1.328s] Level 5:colcon.colcon_core.verb:set package 'waverover_base' build argument 'cmake_target' from command line to 'None'
[1.328s] Level 5:colcon.colcon_core.verb:set package 'waverover_base' build argument 'cmake_target_skip_unavailable' from command line to 'False'
[1.328s] Level 5:colcon.colcon_core.verb:set package 'waverover_base' build argument 'cmake_clean_cache' from command line to 'False'
[1.328s] Level 5:colcon.colcon_core.verb:set package 'waverover_base' build argument 'cmake_clean_first' from command line to 'False'
[1.329s] Level 5:colcon.colcon_core.verb:set package 'waverover_base' build argument 'cmake_force_configure' from command line to 'False'
[1.329s] Level 5:colcon.colcon_core.verb:set package 'waverover_base' build argument 'ament_cmake_args' from command line to 'None'
[1.329s] Level 5:colcon.colcon_core.verb:set package 'waverover_base' build argument 'catkin_cmake_args' from command line to 'None'
[1.329s] Level 5:colcon.colcon_core.verb:set package 'waverover_base' build argument 'catkin_skip_building_tests' from command line to 'False'
[1.329s] DEBUG:colcon.colcon_core.verb:Building package 'waverover_base' with the following arguments: {'ament_cmake_args': None, 'build_base': '/home/ubuntu/rb3302_final_proj_code/robot_ws/build/waverover_base', 'catkin_cmake_args': None, 'catkin_skip_building_tests': False, 'cmake_args': None, 'cmake_clean_cache': False, 'cmake_clean_first': False, 'cmake_force_configure': False, 'cmake_target': None, 'cmake_target_skip_unavailable': False, 'install_base': '/home/ubuntu/rb3302_final_proj_code/robot_ws/install/waverover_base', 'merge_install': False, 'path': '/home/ubuntu/rb3302_final_proj_code/robot_ws/src/waverover_base', 'symlink_install': True, 'test_result_base': None}
[1.329s] Level 5:colcon.colcon_core.verb:set package 'yesense_interface' build argument 'cmake_args' from command line to 'None'
[1.329s] Level 5:colcon.colcon_core.verb:set package 'yesense_interface' build argument 'cmake_target' from command line to 'None'
[1.329s] Level 5:colcon.colcon_core.verb:set package 'yesense_interface' build argument 'cmake_target_skip_unavailable' from command line to 'False'
[1.329s] Level 5:colcon.colcon_core.verb:set package 'yesense_interface' build argument 'cmake_clean_cache' from command line to 'False'
[1.329s] Level 5:colcon.colcon_core.verb:set package 'yesense_interface' build argument 'cmake_clean_first' from command line to 'False'
[1.329s] Level 5:colcon.colcon_core.verb:set package 'yesense_interface' build argument 'cmake_force_configure' from command line to 'False'
[1.329s] Level 5:colcon.colcon_core.verb:set package 'yesense_interface' build argument 'ament_cmake_args' from command line to 'None'
[1.329s] Level 5:colcon.colcon_core.verb:set package 'yesense_interface' build argument 'catkin_cmake_args' from command line to 'None'
[1.329s] Level 5:colcon.colcon_core.verb:set package 'yesense_interface' build argument 'catkin_skip_building_tests' from command line to 'False'
[1.329s] DEBUG:colcon.colcon_core.verb:Building package 'yesense_interface' with the following arguments: {'ament_cmake_args': None, 'build_base': '/home/ubuntu/rb3302_final_proj_code/robot_ws/build/yesense_interface', 'catkin_cmake_args': None, 'catkin_skip_building_tests': False, 'cmake_args': None, 'cmake_clean_cache': False, 'cmake_clean_first': False, 'cmake_force_configure': False, 'cmake_target': None, 'cmake_target_skip_unavailable': False, 'install_base': '/home/ubuntu/rb3302_final_proj_code/robot_ws/install/yesense_interface', 'merge_install': False, 'path': '/home/ubuntu/rb3302_final_proj_code/robot_ws/src/yesense_interface', 'symlink_install': True, 'test_result_base': None}
[1.330s] Level 5:colcon.colcon_core.verb:set package 'yesense_std_ros2' build argument 'cmake_args' from command line to 'None'
[1.330s] Level 5:colcon.colcon_core.verb:set package 'yesense_std_ros2' build argument 'cmake_target' from command line to 'None'
[1.330s] Level 5:colcon.colcon_core.verb:set package 'yesense_std_ros2' build argument 'cmake_target_skip_unavailable' from command line to 'False'
[1.330s] Level 5:colcon.colcon_core.verb:set package 'yesense_std_ros2' build argument 'cmake_clean_cache' from command line to 'False'
[1.330s] Level 5:colcon.colcon_core.verb:set package 'yesense_std_ros2' build argument 'cmake_clean_first' from command line to 'False'
[1.330s] Level 5:colcon.colcon_core.verb:set package 'yesense_std_ros2' build argument 'cmake_force_configure' from command line to 'False'
[1.330s] Level 5:colcon.colcon_core.verb:set package 'yesense_std_ros2' build argument 'ament_cmake_args' from command line to 'None'
[1.330s] Level 5:colcon.colcon_core.verb:set package 'yesense_std_ros2' build argument 'catkin_cmake_args' from command line to 'None'
[1.330s] Level 5:colcon.colcon_core.verb:set package 'yesense_std_ros2' build argument 'catkin_skip_building_tests' from command line to 'False'
[1.330s] DEBUG:colcon.colcon_core.verb:Building package 'yesense_std_ros2' with the following arguments: {'ament_cmake_args': None, 'build_base': '/home/ubuntu/rb3302_final_proj_code/robot_ws/build/yesense_std_ros2', 'catkin_cmake_args': None, 'catkin_skip_building_tests': False, 'cmake_args': None, 'cmake_clean_cache': False, 'cmake_clean_first': False, 'cmake_force_configure': False, 'cmake_target': None, 'cmake_target_skip_unavailable': False, 'install_base': '/home/ubuntu/rb3302_final_proj_code/robot_ws/install/yesense_std_ros2', 'merge_install': False, 'path': '/home/ubuntu/rb3302_final_proj_code/robot_ws/src/yesense_std_ros2', 'symlink_install': True, 'test_result_base': None}
[1.330s] Level 5:colcon.colcon_core.verb:set package 'robot_init' build argument 'cmake_args' from command line to 'None'
[1.330s] Level 5:colcon.colcon_core.verb:set package 'robot_init' build argument 'cmake_target' from command line to 'None'
[1.330s] Level 5:colcon.colcon_core.verb:set package 'robot_init' build argument 'cmake_target_skip_unavailable' from command line to 'False'
[1.330s] Level 5:colcon.colcon_core.verb:set package 'robot_init' build argument 'cmake_clean_cache' from command line to 'False'
[1.330s] Level 5:colcon.colcon_core.verb:set package 'robot_init' build argument 'cmake_clean_first' from command line to 'False'
[1.330s] Level 5:colcon.colcon_core.verb:set package 'robot_init' build argument 'cmake_force_configure' from command line to 'False'
[1.330s] Level 5:colcon.colcon_core.verb:set package 'robot_init' build argument 'ament_cmake_args' from command line to 'None'
[1.330s] Level 5:colcon.colcon_core.verb:set package 'robot_init' build argument 'catkin_cmake_args' from command line to 'None'
[1.330s] Level 5:colcon.colcon_core.verb:set package 'robot_init' build argument 'catkin_skip_building_tests' from command line to 'False'
[1.330s] DEBUG:colcon.colcon_core.verb:Building package 'robot_init' with the following arguments: {'ament_cmake_args': None, 'build_base': '/home/ubuntu/rb3302_final_proj_code/robot_ws/build/robot_init', 'catkin_cmake_args': None, 'catkin_skip_building_tests': False, 'cmake_args': None, 'cmake_clean_cache': False, 'cmake_clean_first': False, 'cmake_force_configure': False, 'cmake_target': None, 'cmake_target_skip_unavailable': False, 'install_base': '/home/ubuntu/rb3302_final_proj_code/robot_ws/install/robot_init', 'merge_install': False, 'path': '/home/ubuntu/rb3302_final_proj_code/robot_ws/src/robot_init', 'symlink_install': True, 'test_result_base': None}
[1.330s] INFO:colcon.colcon_core.executor:Executing jobs using 'parallel' executor
[1.332s] DEBUG:colcon.colcon_parallel_executor.executor.parallel:run_until_complete
[1.333s] INFO:colcon.colcon_ros.task.ament_cmake.build:Building ROS package in '/home/ubuntu/rb3302_final_proj_code/robot_ws/src/serial' with build type 'ament_cmake'
[1.333s] INFO:colcon.colcon_cmake.task.cmake.build:Building CMake package in '/home/ubuntu/rb3302_final_proj_code/robot_ws/src/serial'
[1.344s] INFO:colcon.colcon_core.plugin_system:Skipping extension 'colcon_core.shell.bat': Not used on non-Windows systems
[1.344s] INFO:colcon.colcon_core.shell:Skip shell extension 'powershell' for command environment: Not usable outside of PowerShell
[1.344s] DEBUG:colcon.colcon_core.shell:Skip shell extension 'dsv' for command environment
[1.350s] INFO:colcon.colcon_ros.task.ament_cmake.build:Building ROS package in '/home/ubuntu/rb3302_final_proj_code/robot_ws/src/yesense_interface' with build type 'ament_cmake'
[1.350s] INFO:colcon.colcon_cmake.task.cmake.build:Building CMake package in '/home/ubuntu/rb3302_final_proj_code/robot_ws/src/yesense_interface'
[1.350s] INFO:colcon.colcon_core.shell:Skip shell extension 'powershell' for command environment: Not usable outside of PowerShell
[1.350s] DEBUG:colcon.colcon_core.shell:Skip shell extension 'dsv' for command environment
[1.355s] INFO:colcon.colcon_ros.task.ament_cmake.build:Building ROS package in '/home/ubuntu/rb3302_final_proj_code/robot_ws/src/robot_model' with build type 'ament_cmake'
[1.355s] INFO:colcon.colcon_cmake.task.cmake.build:Building CMake package in '/home/ubuntu/rb3302_final_proj_code/robot_ws/src/robot_model'
[1.355s] INFO:colcon.colcon_core.shell:Skip shell extension 'powershell' for command environment: Not usable outside of PowerShell
[1.355s] DEBUG:colcon.colcon_core.shell:Skip shell extension 'dsv' for command environment
[1.360s] INFO:colcon.colcon_ros.task.ament_cmake.build:Building ROS package in '/home/ubuntu/rb3302_final_proj_code/robot_ws/src/rplidar_ros' with build type 'ament_cmake'
[1.361s] INFO:colcon.colcon_cmake.task.cmake.build:Building CMake package in '/home/ubuntu/rb3302_final_proj_code/robot_ws/src/rplidar_ros'
[1.361s] INFO:colcon.colcon_core.shell:Skip shell extension 'powershell' for command environment: Not usable outside of PowerShell
[1.361s] DEBUG:colcon.colcon_core.shell:Skip shell extension 'dsv' for command environment
[1.365s] INFO:colcon.colcon_ros.task.ament_python.build:Building ROS package in '/home/ubuntu/rb3302_final_proj_code/robot_ws/src/waverover_base' with build type 'ament_python'
[1.365s] Level 1:colcon.colcon_core.shell:create_environment_hook('waverover_base', 'ament_prefix_path')
[1.366s] INFO:colcon.colcon_core.shell:Creating environment hook '/home/ubuntu/rb3302_final_proj_code/robot_ws/install/waverover_base/share/waverover_base/hook/ament_prefix_path.ps1'
[1.367s] INFO:colcon.colcon_core.shell:Creating environment descriptor '/home/ubuntu/rb3302_final_proj_code/robot_ws/install/waverover_base/share/waverover_base/hook/ament_prefix_path.dsv'
[1.368s] INFO:colcon.colcon_core.shell:Creating environment hook '/home/ubuntu/rb3302_final_proj_code/robot_ws/install/waverover_base/share/waverover_base/hook/ament_prefix_path.sh'
[1.369s] INFO:colcon.colcon_core.shell:Skip shell extension 'powershell' for command environment: Not usable outside of PowerShell
[1.369s] DEBUG:colcon.colcon_core.shell:Skip shell extension 'dsv' for command environment
[1.381s] DEBUG:colcon.colcon_core.event_handler.log_command:Invoking command in '/home/ubuntu/rb3302_final_proj_code/robot_ws/build/serial': CMAKE_PREFIX_PATH=${CMAKE_PREFIX_PATH}:/opt/ros/jazzy /usr/bin/cmake /home/ubuntu/rb3302_final_proj_code/robot_ws/src/serial -DAMENT_CMAKE_SYMLINK_INSTALL=1 -DCMAKE_INSTALL_PREFIX=/home/ubuntu/rb3302_final_proj_code/robot_ws/install/serial
[1.386s] DEBUG:colcon.colcon_core.event_handler.log_command:Invoking command in '/home/ubuntu/rb3302_final_proj_code/robot_ws/build/yesense_interface': CMAKE_PREFIX_PATH=${CMAKE_PREFIX_PATH}:/opt/ros/jazzy /usr/bin/cmake /home/ubuntu/rb3302_final_proj_code/robot_ws/src/yesense_interface -DAMENT_CMAKE_SYMLINK_INSTALL=1 -DCMAKE_INSTALL_PREFIX=/home/ubuntu/rb3302_final_proj_code/robot_ws/install/yesense_interface
[1.390s] DEBUG:colcon.colcon_core.event_handler.log_command:Invoking command in '/home/ubuntu/rb3302_final_proj_code/robot_ws/build/robot_model': CMAKE_PREFIX_PATH=${CMAKE_PREFIX_PATH}:/opt/ros/jazzy /usr/bin/cmake /home/ubuntu/rb3302_final_proj_code/robot_ws/src/robot_model -DAMENT_CMAKE_SYMLINK_INSTALL=1 -DCMAKE_INSTALL_PREFIX=/home/ubuntu/rb3302_final_proj_code/robot_ws/install/robot_model
[1.398s] DEBUG:colcon.colcon_core.event_handler.log_command:Invoking command in '/home/ubuntu/rb3302_final_proj_code/robot_ws/build/rplidar_ros': CMAKE_PREFIX_PATH=${CMAKE_PREFIX_PATH}:/opt/ros/jazzy /usr/bin/cmake /home/ubuntu/rb3302_final_proj_code/robot_ws/src/rplidar_ros -DAMENT_CMAKE_SYMLINK_INSTALL=1 -DCMAKE_INSTALL_PREFIX=/home/ubuntu/rb3302_final_proj_code/robot_ws/install/rplidar_ros
[1.804s] INFO:colcon.colcon_core.task.python.build:Building Python package in '/home/ubuntu/rb3302_final_proj_code/robot_ws/src/waverover_base'
[1.805s] INFO:colcon.colcon_core.shell:Skip shell extension 'powershell' for command environment: Not usable outside of PowerShell
[1.805s] DEBUG:colcon.colcon_core.shell:Skip shell extension 'dsv' for command environment
[3.317s] DEBUG:colcon.colcon_core.task.python.build:Available setuptools commands: upload, bdist, test, saveopts, update_catalog, build, bdist_egg, install_data, compile_catalog, sdist, symlink_data, egg_info, editable_wheel, register, develop, bdist_dumb, clean, bdist_wheel, upload_docs, bdist_rpm, build_py, install_scripts, dist_info, check, build_clib, install_lib, alias, setopt, build_ext, build_scripts, extract_messages, install_headers, easy_install, rotate, install, init_catalog, install_egg_info
[3.586s] DEBUG:colcon.colcon_core.event_handler.log_command:Invoked command in '/home/ubuntu/rb3302_final_proj_code/robot_ws/build/robot_model' returned '0': CMAKE_PREFIX_PATH=${CMAKE_PREFIX_PATH}:/opt/ros/jazzy /usr/bin/cmake /home/ubuntu/rb3302_final_proj_code/robot_ws/src/robot_model -DAMENT_CMAKE_SYMLINK_INSTALL=1 -DCMAKE_INSTALL_PREFIX=/home/ubuntu/rb3302_final_proj_code/robot_ws/install/robot_model
[3.594s] DEBUG:colcon.colcon_core.event_handler.log_command:Invoking command in '/home/ubuntu/rb3302_final_proj_code/robot_ws/build/robot_model': CMAKE_PREFIX_PATH=${CMAKE_PREFIX_PATH}:/opt/ros/jazzy /usr/bin/cmake --build /home/ubuntu/rb3302_final_proj_code/robot_ws/build/robot_model -- -j8 -l8
[3.743s] DEBUG:colcon.colcon_core.event_handler.log_command:Invoked command in '/home/ubuntu/rb3302_final_proj_code/robot_ws/build/robot_model' returned '0': CMAKE_PREFIX_PATH=${CMAKE_PREFIX_PATH}:/opt/ros/jazzy /usr/bin/cmake --build /home/ubuntu/rb3302_final_proj_code/robot_ws/build/robot_model -- -j8 -l8
[3.795s] DEBUG:colcon.colcon_core.event_handler.log_command:Invoking command in '/home/ubuntu/rb3302_final_proj_code/robot_ws/build/robot_model': CMAKE_PREFIX_PATH=${CMAKE_PREFIX_PATH}:/opt/ros/jazzy /usr/bin/cmake --install /home/ubuntu/rb3302_final_proj_code/robot_ws/build/robot_model
[3.802s] DEBUG:colcon.colcon_core.event_handler.log_command:Invoked command in '/home/ubuntu/rb3302_final_proj_code/robot_ws/build/serial' returned '0': CMAKE_PREFIX_PATH=${CMAKE_PREFIX_PATH}:/opt/ros/jazzy /usr/bin/cmake /home/ubuntu/rb3302_final_proj_code/robot_ws/src/serial -DAMENT_CMAKE_SYMLINK_INSTALL=1 -DCMAKE_INSTALL_PREFIX=/home/ubuntu/rb3302_final_proj_code/robot_ws/install/serial
[3.804s] DEBUG:colcon.colcon_core.event_handler.log_command:Invoking command in '/home/ubuntu/rb3302_final_proj_code/robot_ws/build/serial': CMAKE_PREFIX_PATH=${CMAKE_PREFIX_PATH}:/opt/ros/jazzy /usr/bin/cmake --build /home/ubuntu/rb3302_final_proj_code/robot_ws/build/serial -- -j8 -l8
[3.915s] DEBUG:colcon.colcon_core.task.python.build:Available setuptools 'develop' options: --help, --local-snapshots-ok, --record, --exclude-scripts, --site-dirs, --optimize, --allow-hosts, --verbose, --user, --version, --upgrade, --no-deps, --no-find-links, --prefix, --install-dir, --script-dir, --dry-run, --egg-path, --editable, --zip-ok, --index-url, --force-installation-into-system-dir, --no-user-cfg, --multi-version, --find-links, --build-directory, --always-unzip, --uninstall, --always-copy, --quiet, --install-layout
[3.920s] DEBUG:colcon.colcon_core.event_handler.log_command:Invoking command in '/home/ubuntu/rb3302_final_proj_code/robot_ws/build/waverover_base': PYTHONPATH=/home/ubuntu/rb3302_final_proj_code/robot_ws/build/waverover_base/prefix_override:/usr/lib/python3/dist-packages/colcon_core/task/python/colcon_distutils_commands:/home/ubuntu/rb3302_final_proj_code/robot_ws/install/waverover_base/lib/python3.12/site-packages:${PYTHONPATH} /usr/bin/python3 -W ignore:setup.py install is deprecated -W ignore:easy_install command is deprecated setup.py develop --editable --build-directory /home/ubuntu/rb3302_final_proj_code/robot_ws/build/waverover_base/build --no-deps symlink_data
[4.569s] Level 1:colcon.colcon_core.environment:create_environment_scripts_only(robot_model)
[4.572s] DEBUG:colcon.colcon_core.event_handler.log_command:Invoked command in '/home/ubuntu/rb3302_final_proj_code/robot_ws/build/robot_model' returned '0': CMAKE_PREFIX_PATH=${CMAKE_PREFIX_PATH}:/opt/ros/jazzy /usr/bin/cmake --install /home/ubuntu/rb3302_final_proj_code/robot_ws/build/robot_model
[4.596s] Level 1:colcon.colcon_core.environment:checking '/home/ubuntu/rb3302_final_proj_code/robot_ws/install/robot_model' for CMake module files
[4.600s] Level 1:colcon.colcon_core.environment:checking '/home/ubuntu/rb3302_final_proj_code/robot_ws/install/robot_model' for CMake config files
[4.601s] Level 1:colcon.colcon_core.shell:create_environment_hook('robot_model', 'cmake_prefix_path')
[4.603s] INFO:colcon.colcon_core.shell:Creating environment hook '/home/ubuntu/rb3302_final_proj_code/robot_ws/install/robot_model/share/robot_model/hook/cmake_prefix_path.ps1'
[4.605s] INFO:colcon.colcon_core.shell:Creating environment descriptor '/home/ubuntu/rb3302_final_proj_code/robot_ws/install/robot_model/share/robot_model/hook/cmake_prefix_path.dsv'
[4.607s] INFO:colcon.colcon_core.shell:Creating environment hook '/home/ubuntu/rb3302_final_proj_code/robot_ws/install/robot_model/share/robot_model/hook/cmake_prefix_path.sh'
[4.611s] Level 1:colcon.colcon_core.environment:checking '/home/ubuntu/rb3302_final_proj_code/robot_ws/install/robot_model/bin'
[4.612s] Level 1:colcon.colcon_core.environment:checking '/home/ubuntu/rb3302_final_proj_code/robot_ws/install/robot_model/lib/pkgconfig/robot_model.pc'
[4.614s] Level 1:colcon.colcon_core.environment:checking '/home/ubuntu/rb3302_final_proj_code/robot_ws/install/robot_model/lib/python3.12/site-packages'
[4.617s] Level 1:colcon.colcon_core.environment:checking '/home/ubuntu/rb3302_final_proj_code/robot_ws/install/robot_model/bin'
[4.618s] INFO:colcon.colcon_core.shell:Creating package script '/home/ubuntu/rb3302_final_proj_code/robot_ws/install/robot_model/share/robot_model/package.ps1'
[4.627s] INFO:colcon.colcon_core.shell:Creating package descriptor '/home/ubuntu/rb3302_final_proj_code/robot_ws/install/robot_model/share/robot_model/package.dsv'
[4.632s] INFO:colcon.colcon_core.shell:Creating package script '/home/ubuntu/rb3302_final_proj_code/robot_ws/install/robot_model/share/robot_model/package.sh'
[4.638s] INFO:colcon.colcon_core.shell:Creating package script '/home/ubuntu/rb3302_final_proj_code/robot_ws/install/robot_model/share/robot_model/package.bash'
[4.645s] INFO:colcon.colcon_core.shell:Creating package script '/home/ubuntu/rb3302_final_proj_code/robot_ws/install/robot_model/share/robot_model/package.zsh'
[4.651s] Level 1:colcon.colcon_core.environment:create_file_with_runtime_dependencies(/home/ubuntu/rb3302_final_proj_code/robot_ws/install/robot_model/share/colcon-core/packages/robot_model)
[4.656s] Level 1:colcon.colcon_core.environment:create_environment_scripts_only(robot_model)
[4.657s] Level 1:colcon.colcon_core.environment:checking '/home/ubuntu/rb3302_final_proj_code/robot_ws/install/robot_model' for CMake module files
[4.661s] Level 1:colcon.colcon_core.environment:checking '/home/ubuntu/rb3302_final_proj_code/robot_ws/install/robot_model' for CMake config files
[4.663s] Level 1:colcon.colcon_core.shell:create_environment_hook('robot_model', 'cmake_prefix_path')
[4.665s] INFO:colcon.colcon_core.shell:Creating environment hook '/home/ubuntu/rb3302_final_proj_code/robot_ws/install/robot_model/share/robot_model/hook/cmake_prefix_path.ps1'
[4.668s] INFO:colcon.colcon_core.shell:Creating environment descriptor '/home/ubuntu/rb3302_final_proj_code/robot_ws/install/robot_model/share/robot_model/hook/cmake_prefix_path.dsv'
[4.670s] INFO:colcon.colcon_core.shell:Creating environment hook '/home/ubuntu/rb3302_final_proj_code/robot_ws/install/robot_model/share/robot_model/hook/cmake_prefix_path.sh'
[4.674s] Level 1:colcon.colcon_core.environment:checking '/home/ubuntu/rb3302_final_proj_code/robot_ws/install/robot_model/bin'
[4.675s] Level 1:colcon.colcon_core.environment:checking '/home/ubuntu/rb3302_final_proj_code/robot_ws/install/robot_model/lib/pkgconfig/robot_model.pc'
[4.676s] Level 1:colcon.colcon_core.environment:checking '/home/ubuntu/rb3302_final_proj_code/robot_ws/install/robot_model/lib/python3.12/site-packages'
[4.679s] Level 1:colcon.colcon_core.environment:checking '/home/ubuntu/rb3302_final_proj_code/robot_ws/install/robot_model/bin'
[4.680s] INFO:colcon.colcon_core.shell:Creating package script '/home/ubuntu/rb3302_final_proj_code/robot_ws/install/robot_model/share/robot_model/package.ps1'
[4.686s] INFO:colcon.colcon_core.shell:Creating package descriptor '/home/ubuntu/rb3302_final_proj_code/robot_ws/install/robot_model/share/robot_model/package.dsv'
[4.689s] INFO:colcon.colcon_core.shell:Creating package script '/home/ubuntu/rb3302_final_proj_code/robot_ws/install/robot_model/share/robot_model/package.sh'
[4.693s] INFO:colcon.colcon_core.shell:Creating package script '/home/ubuntu/rb3302_final_proj_code/robot_ws/install/robot_model/share/robot_model/package.bash'
[4.696s] INFO:colcon.colcon_core.shell:Creating package script '/home/ubuntu/rb3302_final_proj_code/robot_ws/install/robot_model/share/robot_model/package.zsh'
[4.700s] Level 1:colcon.colcon_core.environment:create_file_with_runtime_dependencies(/home/ubuntu/rb3302_final_proj_code/robot_ws/install/robot_model/share/colcon-core/packages/robot_model)
[5.187s] DEBUG:colcon.colcon_core.event_handler.log_command:Invoked command in '/home/ubuntu/rb3302_final_proj_code/robot_ws/build/serial' returned '0': CMAKE_PREFIX_PATH=${CMAKE_PREFIX_PATH}:/opt/ros/jazzy /usr/bin/cmake --build /home/ubuntu/rb3302_final_proj_code/robot_ws/build/serial -- -j8 -l8
[5.189s] DEBUG:colcon.colcon_core.event_handler.log_command:Invoking command in '/home/ubuntu/rb3302_final_proj_code/robot_ws/build/serial': CMAKE_PREFIX_PATH=${CMAKE_PREFIX_PATH}:/opt/ros/jazzy /usr/bin/cmake --install /home/ubuntu/rb3302_final_proj_code/robot_ws/build/serial
[5.241s] Level 1:colcon.colcon_core.shell:create_environment_hook('waverover_base', 'pythonpath_develop')
[5.243s] INFO:colcon.colcon_core.shell:Creating environment hook '/home/ubuntu/rb3302_final_proj_code/robot_ws/build/waverover_base/share/waverover_base/hook/pythonpath_develop.ps1'
[5.244s] DEBUG:colcon.colcon_core.event_handler.log_command:Invoked command in '/home/ubuntu/rb3302_final_proj_code/robot_ws/build/waverover_base' returned '0': PYTHONPATH=/home/ubuntu/rb3302_final_proj_code/robot_ws/build/waverover_base/prefix_override:/usr/lib/python3/dist-packages/colcon_core/task/python/colcon_distutils_commands:/home/ubuntu/rb3302_final_proj_code/robot_ws/install/waverover_base/lib/python3.12/site-packages:${PYTHONPATH} /usr/bin/python3 -W ignore:setup.py install is deprecated -W ignore:easy_install command is deprecated setup.py develop --editable --build-directory /home/ubuntu/rb3302_final_proj_code/robot_ws/build/waverover_base/build --no-deps symlink_data
[5.246s] INFO:colcon.colcon_core.shell:Creating environment descriptor '/home/ubuntu/rb3302_final_proj_code/robot_ws/build/waverover_base/share/waverover_base/hook/pythonpath_develop.dsv'
[5.248s] INFO:colcon.colcon_core.shell:Creating environment hook '/home/ubuntu/rb3302_final_proj_code/robot_ws/build/waverover_base/share/waverover_base/hook/pythonpath_develop.sh'
[5.252s] Level 1:colcon.colcon_core.environment:checking '/home/ubuntu/rb3302_final_proj_code/robot_ws/install/waverover_base' for CMake module files
[5.257s] Level 1:colcon.colcon_core.environment:checking '/home/ubuntu/rb3302_final_proj_code/robot_ws/install/waverover_base' for CMake config files
[5.260s] Level 1:colcon.colcon_core.environment:checking '/home/ubuntu/rb3302_final_proj_code/robot_ws/install/waverover_base/lib'
[5.261s] Level 1:colcon.colcon_core.environment:checking '/home/ubuntu/rb3302_final_proj_code/robot_ws/install/waverover_base/bin'
[5.262s] Level 1:colcon.colcon_core.environment:checking '/home/ubuntu/rb3302_final_proj_code/robot_ws/install/waverover_base/lib/pkgconfig/waverover_base.pc'
[5.263s] Level 1:colcon.colcon_core.environment:checking '/home/ubuntu/rb3302_final_proj_code/robot_ws/install/waverover_base/lib/python3.12/site-packages'
[5.264s] Level 1:colcon.colcon_core.shell:create_environment_hook('waverover_base', 'pythonpath')
[5.265s] INFO:colcon.colcon_core.shell:Creating environment hook '/home/ubuntu/rb3302_final_proj_code/robot_ws/install/waverover_base/share/waverover_base/hook/pythonpath.ps1'
[5.268s] INFO:colcon.colcon_core.shell:Creating environment descriptor '/home/ubuntu/rb3302_final_proj_code/robot_ws/install/waverover_base/share/waverover_base/hook/pythonpath.dsv'
[5.270s] INFO:colcon.colcon_core.shell:Creating environment hook '/home/ubuntu/rb3302_final_proj_code/robot_ws/install/waverover_base/share/waverover_base/hook/pythonpath.sh'
[5.275s] Level 1:colcon.colcon_core.environment:checking '/home/ubuntu/rb3302_final_proj_code/robot_ws/install/waverover_base/bin'
[5.275s] Level 1:colcon.colcon_core.environment:create_environment_scripts_only(waverover_base)
[5.277s] INFO:colcon.colcon_core.shell:Creating package script '/home/ubuntu/rb3302_final_proj_code/robot_ws/install/waverover_base/share/waverover_base/package.ps1'
[5.282s] INFO:colcon.colcon_core.shell:Creating package descriptor '/home/ubuntu/rb3302_final_proj_code/robot_ws/install/waverover_base/share/waverover_base/package.dsv'
[5.285s] INFO:colcon.colcon_core.shell:Creating package script '/home/ubuntu/rb3302_final_proj_code/robot_ws/install/waverover_base/share/waverover_base/package.sh'
[5.287s] INFO:colcon.colcon_core.shell:Creating package script '/home/ubuntu/rb3302_final_proj_code/robot_ws/install/waverover_base/share/waverover_base/package.bash'
[5.288s] INFO:colcon.colcon_core.shell:Creating package script '/home/ubuntu/rb3302_final_proj_code/robot_ws/install/waverover_base/share/waverover_base/package.zsh'
[5.290s] Level 1:colcon.colcon_core.environment:create_file_with_runtime_dependencies(/home/ubuntu/rb3302_final_proj_code/robot_ws/install/waverover_base/share/colcon-core/packages/waverover_base)
[5.296s] DEBUG:colcon.colcon_core.event_handler.log_command:Invoked command in '/home/ubuntu/rb3302_final_proj_code/robot_ws/build/rplidar_ros' returned '0': CMAKE_PREFIX_PATH=${CMAKE_PREFIX_PATH}:/opt/ros/jazzy /usr/bin/cmake /home/ubuntu/rb3302_final_proj_code/robot_ws/src/rplidar_ros -DAMENT_CMAKE_SYMLINK_INSTALL=1 -DCMAKE_INSTALL_PREFIX=/home/ubuntu/rb3302_final_proj_code/robot_ws/install/rplidar_ros
[5.301s] DEBUG:colcon.colcon_core.event_handler.log_command:Invoking command in '/home/ubuntu/rb3302_final_proj_code/robot_ws/build/rplidar_ros': CMAKE_PREFIX_PATH=${CMAKE_PREFIX_PATH}:/opt/ros/jazzy /usr/bin/cmake --build /home/ubuntu/rb3302_final_proj_code/robot_ws/build/rplidar_ros -- -j8 -l8
[6.164s] Level 1:colcon.colcon_core.environment:create_environment_scripts_only(serial)
[6.167s] Level 1:colcon.colcon_core.environment:checking '/home/ubuntu/rb3302_final_proj_code/robot_ws/install/serial' for CMake module files
[6.166s] DEBUG:colcon.colcon_core.event_handler.log_command:Invoked command in '/home/ubuntu/rb3302_final_proj_code/robot_ws/build/serial' returned '0': CMAKE_PREFIX_PATH=${CMAKE_PREFIX_PATH}:/opt/ros/jazzy /usr/bin/cmake --install /home/ubuntu/rb3302_final_proj_code/robot_ws/build/serial
[6.172s] Level 1:colcon.colcon_core.environment:checking '/home/ubuntu/rb3302_final_proj_code/robot_ws/install/serial' for CMake config files
[6.175s] Level 1:colcon.colcon_core.shell:create_environment_hook('serial', 'cmake_prefix_path')
[6.177s] INFO:colcon.colcon_core.shell:Creating environment hook '/home/ubuntu/rb3302_final_proj_code/robot_ws/install/serial/share/serial/hook/cmake_prefix_path.ps1'
[6.180s] INFO:colcon.colcon_core.shell:Creating environment descriptor '/home/ubuntu/rb3302_final_proj_code/robot_ws/install/serial/share/serial/hook/cmake_prefix_path.dsv'
[6.182s] INFO:colcon.colcon_core.shell:Creating environment hook '/home/ubuntu/rb3302_final_proj_code/robot_ws/install/serial/share/serial/hook/cmake_prefix_path.sh'
[6.187s] Level 1:colcon.colcon_core.environment:checking '/home/ubuntu/rb3302_final_proj_code/robot_ws/install/serial/lib'
[6.188s] Level 1:colcon.colcon_core.environment:checking '/home/ubuntu/rb3302_final_proj_code/robot_ws/install/serial/bin'
[6.188s] Level 1:colcon.colcon_core.environment:checking '/home/ubuntu/rb3302_final_proj_code/robot_ws/install/serial/lib/pkgconfig/serial.pc'
[6.189s] Level 1:colcon.colcon_core.environment:checking '/home/ubuntu/rb3302_final_proj_code/robot_ws/install/serial/lib/python3.12/site-packages'
[6.192s] Level 1:colcon.colcon_core.environment:checking '/home/ubuntu/rb3302_final_proj_code/robot_ws/install/serial/bin'
[6.193s] INFO:colcon.colcon_core.shell:Creating package script '/home/ubuntu/rb3302_final_proj_code/robot_ws/install/serial/share/serial/package.ps1'
[6.197s] INFO:colcon.colcon_core.shell:Creating package descriptor '/home/ubuntu/rb3302_final_proj_code/robot_ws/install/serial/share/serial/package.dsv'
[6.199s] INFO:colcon.colcon_core.shell:Creating package script '/home/ubuntu/rb3302_final_proj_code/robot_ws/install/serial/share/serial/package.sh'
[6.202s] INFO:colcon.colcon_core.shell:Creating package script '/home/ubuntu/rb3302_final_proj_code/robot_ws/install/serial/share/serial/package.bash'
[6.204s] INFO:colcon.colcon_core.shell:Creating package script '/home/ubuntu/rb3302_final_proj_code/robot_ws/install/serial/share/serial/package.zsh'
[6.207s] Level 1:colcon.colcon_core.environment:create_file_with_runtime_dependencies(/home/ubuntu/rb3302_final_proj_code/robot_ws/install/serial/share/colcon-core/packages/serial)
[6.210s] Level 1:colcon.colcon_core.environment:create_environment_scripts_only(serial)
[6.212s] Level 1:colcon.colcon_core.environment:checking '/home/ubuntu/rb3302_final_proj_code/robot_ws/install/serial' for CMake module files
[6.216s] Level 1:colcon.colcon_core.environment:checking '/home/ubuntu/rb3302_final_proj_code/robot_ws/install/serial' for CMake config files
[6.219s] Level 1:colcon.colcon_core.shell:create_environment_hook('serial', 'cmake_prefix_path')
[6.220s] INFO:colcon.colcon_core.shell:Creating environment hook '/home/ubuntu/rb3302_final_proj_code/robot_ws/install/serial/share/serial/hook/cmake_prefix_path.ps1'
[6.224s] INFO:colcon.colcon_core.shell:Creating environment descriptor '/home/ubuntu/rb3302_final_proj_code/robot_ws/install/serial/share/serial/hook/cmake_prefix_path.dsv'
[6.227s] INFO:colcon.colcon_core.shell:Creating environment hook '/home/ubuntu/rb3302_final_proj_code/robot_ws/install/serial/share/serial/hook/cmake_prefix_path.sh'
[6.234s] Level 1:colcon.colcon_core.environment:checking '/home/ubuntu/rb3302_final_proj_code/robot_ws/install/serial/lib'
[6.235s] Level 1:colcon.colcon_core.environment:checking '/home/ubuntu/rb3302_final_proj_code/robot_ws/install/serial/bin'
[6.235s] Level 1:colcon.colcon_core.environment:checking '/home/ubuntu/rb3302_final_proj_code/robot_ws/install/serial/lib/pkgconfig/serial.pc'
[6.237s] Level 1:colcon.colcon_core.environment:checking '/home/ubuntu/rb3302_final_proj_code/robot_ws/install/serial/lib/python3.12/site-packages'
[6.240s] Level 1:colcon.colcon_core.environment:checking '/home/ubuntu/rb3302_final_proj_code/robot_ws/install/serial/bin'
[6.242s] INFO:colcon.colcon_core.shell:Creating package script '/home/ubuntu/rb3302_final_proj_code/robot_ws/install/serial/share/serial/package.ps1'
[6.246s] INFO:colcon.colcon_core.shell:Creating package descriptor '/home/ubuntu/rb3302_final_proj_code/robot_ws/install/serial/share/serial/package.dsv'
[6.251s] INFO:colcon.colcon_core.shell:Creating package script '/home/ubuntu/rb3302_final_proj_code/robot_ws/install/serial/share/serial/package.sh'
[6.254s] INFO:colcon.colcon_core.shell:Creating package script '/home/ubuntu/rb3302_final_proj_code/robot_ws/install/serial/share/serial/package.bash'
[6.259s] INFO:colcon.colcon_core.shell:Creating package script '/home/ubuntu/rb3302_final_proj_code/robot_ws/install/serial/share/serial/package.zsh'
[6.264s] Level 1:colcon.colcon_core.environment:create_file_with_runtime_dependencies(/home/ubuntu/rb3302_final_proj_code/robot_ws/install/serial/share/colcon-core/packages/serial)
[11.048s] DEBUG:colcon.colcon_core.event_handler.log_command:Invoked command in '/home/ubuntu/rb3302_final_proj_code/robot_ws/build/yesense_interface' returned '0': CMAKE_PREFIX_PATH=${CMAKE_PREFIX_PATH}:/opt/ros/jazzy /usr/bin/cmake /home/ubuntu/rb3302_final_proj_code/robot_ws/src/yesense_interface -DAMENT_CMAKE_SYMLINK_INSTALL=1 -DCMAKE_INSTALL_PREFIX=/home/ubuntu/rb3302_final_proj_code/robot_ws/install/yesense_interface
[11.049s] DEBUG:colcon.colcon_core.event_handler.log_command:Invoking command in '/home/ubuntu/rb3302_final_proj_code/robot_ws/build/yesense_interface': CMAKE_PREFIX_PATH=${CMAKE_PREFIX_PATH}:/opt/ros/jazzy /usr/bin/cmake --build /home/ubuntu/rb3302_final_proj_code/robot_ws/build/yesense_interface -- -j8 -l8
[40.433s] DEBUG:colcon.colcon_core.event_handler.log_command:Invoked command in '/home/ubuntu/rb3302_final_proj_code/robot_ws/build/rplidar_ros' returned '0': CMAKE_PREFIX_PATH=${CMAKE_PREFIX_PATH}:/opt/ros/jazzy /usr/bin/cmake --build /home/ubuntu/rb3302_final_proj_code/robot_ws/build/rplidar_ros -- -j8 -l8
[40.434s] DEBUG:colcon.colcon_core.event_handler.log_command:Invoking command in '/home/ubuntu/rb3302_final_proj_code/robot_ws/build/rplidar_ros': CMAKE_PREFIX_PATH=${CMAKE_PREFIX_PATH}:/opt/ros/jazzy /usr/bin/cmake --install /home/ubuntu/rb3302_final_proj_code/robot_ws/build/rplidar_ros
[40.969s] Level 1:colcon.colcon_core.environment:create_environment_scripts_only(rplidar_ros)
[40.970s] Level 1:colcon.colcon_core.environment:checking '/home/ubuntu/rb3302_final_proj_code/robot_ws/install/rplidar_ros' for CMake module files
[40.971s] DEBUG:colcon.colcon_core.event_handler.log_command:Invoked command in '/home/ubuntu/rb3302_final_proj_code/robot_ws/build/rplidar_ros' returned '0': CMAKE_PREFIX_PATH=${CMAKE_PREFIX_PATH}:/opt/ros/jazzy /usr/bin/cmake --install /home/ubuntu/rb3302_final_proj_code/robot_ws/build/rplidar_ros
[40.972s] Level 1:colcon.colcon_core.environment:checking '/home/ubuntu/rb3302_final_proj_code/robot_ws/install/rplidar_ros' for CMake config files
[40.973s] Level 1:colcon.colcon_core.shell:create_environment_hook('rplidar_ros', 'cmake_prefix_path')
[40.973s] INFO:colcon.colcon_core.shell:Creating environment hook '/home/ubuntu/rb3302_final_proj_code/robot_ws/install/rplidar_ros/share/rplidar_ros/hook/cmake_prefix_path.ps1'
[40.974s] INFO:colcon.colcon_core.shell:Creating environment descriptor '/home/ubuntu/rb3302_final_proj_code/robot_ws/install/rplidar_ros/share/rplidar_ros/hook/cmake_prefix_path.dsv'
[40.974s] INFO:colcon.colcon_core.shell:Creating environment hook '/home/ubuntu/rb3302_final_proj_code/robot_ws/install/rplidar_ros/share/rplidar_ros/hook/cmake_prefix_path.sh'
[40.975s] Level 1:colcon.colcon_core.environment:checking '/home/ubuntu/rb3302_final_proj_code/robot_ws/install/rplidar_ros/lib'
[40.975s] Level 1:colcon.colcon_core.environment:checking '/home/ubuntu/rb3302_final_proj_code/robot_ws/install/rplidar_ros/bin'
[40.975s] Level 1:colcon.colcon_core.environment:checking '/home/ubuntu/rb3302_final_proj_code/robot_ws/install/rplidar_ros/lib/pkgconfig/rplidar_ros.pc'
[40.976s] Level 1:colcon.colcon_core.environment:checking '/home/ubuntu/rb3302_final_proj_code/robot_ws/install/rplidar_ros/lib/python3.12/site-packages'
[40.976s] Level 1:colcon.colcon_core.environment:checking '/home/ubuntu/rb3302_final_proj_code/robot_ws/install/rplidar_ros/bin'
[40.976s] INFO:colcon.colcon_core.shell:Creating package script '/home/ubuntu/rb3302_final_proj_code/robot_ws/install/rplidar_ros/share/rplidar_ros/package.ps1'
[40.977s] INFO:colcon.colcon_core.shell:Creating package descriptor '/home/ubuntu/rb3302_final_proj_code/robot_ws/install/rplidar_ros/share/rplidar_ros/package.dsv'
[40.978s] INFO:colcon.colcon_core.shell:Creating package script '/home/ubuntu/rb3302_final_proj_code/robot_ws/install/rplidar_ros/share/rplidar_ros/package.sh'
[40.978s] INFO:colcon.colcon_core.shell:Creating package script '/home/ubuntu/rb3302_final_proj_code/robot_ws/install/rplidar_ros/share/rplidar_ros/package.bash'
[40.979s] INFO:colcon.colcon_core.shell:Creating package script '/home/ubuntu/rb3302_final_proj_code/robot_ws/install/rplidar_ros/share/rplidar_ros/package.zsh'
[40.979s] Level 1:colcon.colcon_core.environment:create_file_with_runtime_dependencies(/home/ubuntu/rb3302_final_proj_code/robot_ws/install/rplidar_ros/share/colcon-core/packages/rplidar_ros)
[40.980s] Level 1:colcon.colcon_core.environment:create_environment_scripts_only(rplidar_ros)
[40.980s] Level 1:colcon.colcon_core.environment:checking '/home/ubuntu/rb3302_final_proj_code/robot_ws/install/rplidar_ros' for CMake module files
[40.981s] Level 1:colcon.colcon_core.environment:checking '/home/ubuntu/rb3302_final_proj_code/robot_ws/install/rplidar_ros' for CMake config files
[40.981s] Level 1:colcon.colcon_core.shell:create_environment_hook('rplidar_ros', 'cmake_prefix_path')
[40.982s] INFO:colcon.colcon_core.shell:Creating environment hook '/home/ubuntu/rb3302_final_proj_code/robot_ws/install/rplidar_ros/share/rplidar_ros/hook/cmake_prefix_path.ps1'
[40.983s] INFO:colcon.colcon_core.shell:Creating environment descriptor '/home/ubuntu/rb3302_final_proj_code/robot_ws/install/rplidar_ros/share/rplidar_ros/hook/cmake_prefix_path.dsv'
[40.984s] INFO:colcon.colcon_core.shell:Creating environment hook '/home/ubuntu/rb3302_final_proj_code/robot_ws/install/rplidar_ros/share/rplidar_ros/hook/cmake_prefix_path.sh'
[40.985s] Level 1:colcon.colcon_core.environment:checking '/home/ubuntu/rb3302_final_proj_code/robot_ws/install/rplidar_ros/lib'
[40.985s] Level 1:colcon.colcon_core.environment:checking '/home/ubuntu/rb3302_final_proj_code/robot_ws/install/rplidar_ros/bin'
[40.985s] Level 1:colcon.colcon_core.environment:checking '/home/ubuntu/rb3302_final_proj_code/robot_ws/install/rplidar_ros/lib/pkgconfig/rplidar_ros.pc'
[40.985s] Level 1:colcon.colcon_core.environment:checking '/home/ubuntu/rb3302_final_proj_code/robot_ws/install/rplidar_ros/lib/python3.12/site-packages'
[40.986s] Level 1:colcon.colcon_core.environment:checking '/home/ubuntu/rb3302_final_proj_code/robot_ws/install/rplidar_ros/bin'
[40.986s] INFO:colcon.colcon_core.shell:Creating package script '/home/ubuntu/rb3302_final_proj_code/robot_ws/install/rplidar_ros/share/rplidar_ros/package.ps1'
[40.987s] INFO:colcon.colcon_core.shell:Creating package descriptor '/home/ubuntu/rb3302_final_proj_code/robot_ws/install/rplidar_ros/share/rplidar_ros/package.dsv'
[40.988s] INFO:colcon.colcon_core.shell:Creating package script '/home/ubuntu/rb3302_final_proj_code/robot_ws/install/rplidar_ros/share/rplidar_ros/package.sh'
[40.988s] INFO:colcon.colcon_core.shell:Creating package script '/home/ubuntu/rb3302_final_proj_code/robot_ws/install/rplidar_ros/share/rplidar_ros/package.bash'
[40.989s] INFO:colcon.colcon_core.shell:Creating package script '/home/ubuntu/rb3302_final_proj_code/robot_ws/install/rplidar_ros/share/rplidar_ros/package.zsh'
[40.989s] Level 1:colcon.colcon_core.environment:create_file_with_runtime_dependencies(/home/ubuntu/rb3302_final_proj_code/robot_ws/install/rplidar_ros/share/colcon-core/packages/rplidar_ros)
[43.619s] DEBUG:colcon.colcon_core.event_handler.log_command:Invoked command in '/home/ubuntu/rb3302_final_proj_code/robot_ws/build/yesense_interface' returned '0': CMAKE_PREFIX_PATH=${CMAKE_PREFIX_PATH}:/opt/ros/jazzy /usr/bin/cmake --build /home/ubuntu/rb3302_final_proj_code/robot_ws/build/yesense_interface -- -j8 -l8
[43.627s] DEBUG:colcon.colcon_core.event_handler.log_command:Invoking command in '/home/ubuntu/rb3302_final_proj_code/robot_ws/build/yesense_interface': CMAKE_PREFIX_PATH=${CMAKE_PREFIX_PATH}:/opt/ros/jazzy /usr/bin/cmake --install /home/ubuntu/rb3302_final_proj_code/robot_ws/build/yesense_interface
[54.351s] Level 1:colcon.colcon_core.environment:create_environment_scripts_only(yesense_interface)
[54.354s] Level 1:colcon.colcon_core.environment:checking '/home/ubuntu/rb3302_final_proj_code/robot_ws/install/yesense_interface' for CMake module files
[54.359s] DEBUG:colcon.colcon_core.event_handler.log_command:Invoked command in '/home/ubuntu/rb3302_final_proj_code/robot_ws/build/yesense_interface' returned '0': CMAKE_PREFIX_PATH=${CMAKE_PREFIX_PATH}:/opt/ros/jazzy /usr/bin/cmake --install /home/ubuntu/rb3302_final_proj_code/robot_ws/build/yesense_interface
[54.370s] Level 1:colcon.colcon_core.environment:checking '/home/ubuntu/rb3302_final_proj_code/robot_ws/install/yesense_interface' for CMake config files
[54.400s] Level 1:colcon.colcon_core.shell:create_environment_hook('yesense_interface', 'cmake_prefix_path')
[54.401s] INFO:colcon.colcon_core.shell:Creating environment hook '/home/ubuntu/rb3302_final_proj_code/robot_ws/install/yesense_interface/share/yesense_interface/hook/cmake_prefix_path.ps1'
[54.403s] INFO:colcon.colcon_core.shell:Creating environment descriptor '/home/ubuntu/rb3302_final_proj_code/robot_ws/install/yesense_interface/share/yesense_interface/hook/cmake_prefix_path.dsv'
[54.405s] INFO:colcon.colcon_core.shell:Creating environment hook '/home/ubuntu/rb3302_final_proj_code/robot_ws/install/yesense_interface/share/yesense_interface/hook/cmake_prefix_path.sh'
[54.411s] Level 1:colcon.colcon_core.environment:checking '/home/ubuntu/rb3302_final_proj_code/robot_ws/install/yesense_interface/lib'
[54.411s] Level 1:colcon.colcon_core.shell:create_environment_hook('yesense_interface', 'ld_library_path_lib')
[54.412s] INFO:colcon.colcon_core.shell:Creating environment hook '/home/ubuntu/rb3302_final_proj_code/robot_ws/install/yesense_interface/share/yesense_interface/hook/ld_library_path_lib.ps1'
[54.415s] INFO:colcon.colcon_core.shell:Creating environment descriptor '/home/ubuntu/rb3302_final_proj_code/robot_ws/install/yesense_interface/share/yesense_interface/hook/ld_library_path_lib.dsv'
[54.417s] INFO:colcon.colcon_core.shell:Creating environment hook '/home/ubuntu/rb3302_final_proj_code/robot_ws/install/yesense_interface/share/yesense_interface/hook/ld_library_path_lib.sh'
[54.419s] Level 1:colcon.colcon_core.environment:checking '/home/ubuntu/rb3302_final_proj_code/robot_ws/install/yesense_interface/bin'
[54.420s] Level 1:colcon.colcon_core.environment:checking '/home/ubuntu/rb3302_final_proj_code/robot_ws/install/yesense_interface/lib/pkgconfig/yesense_interface.pc'
[54.422s] Level 1:colcon.colcon_core.environment:checking '/home/ubuntu/rb3302_final_proj_code/robot_ws/install/yesense_interface/lib/python3.12/site-packages'
[54.423s] Level 1:colcon.colcon_core.shell:create_environment_hook('yesense_interface', 'pythonpath')
[54.424s] INFO:colcon.colcon_core.shell:Creating environment hook '/home/ubuntu/rb3302_final_proj_code/robot_ws/install/yesense_interface/share/yesense_interface/hook/pythonpath.ps1'
[54.427s] INFO:colcon.colcon_core.shell:Creating environment descriptor '/home/ubuntu/rb3302_final_proj_code/robot_ws/install/yesense_interface/share/yesense_interface/hook/pythonpath.dsv'
[54.429s] INFO:colcon.colcon_core.shell:Creating environment hook '/home/ubuntu/rb3302_final_proj_code/robot_ws/install/yesense_interface/share/yesense_interface/hook/pythonpath.sh'
[54.433s] Level 1:colcon.colcon_core.environment:checking '/home/ubuntu/rb3302_final_proj_code/robot_ws/install/yesense_interface/bin'
[54.435s] INFO:colcon.colcon_core.shell:Creating package script '/home/ubuntu/rb3302_final_proj_code/robot_ws/install/yesense_interface/share/yesense_interface/package.ps1'
[54.438s] INFO:colcon.colcon_core.shell:Creating package descriptor '/home/ubuntu/rb3302_final_proj_code/robot_ws/install/yesense_interface/share/yesense_interface/package.dsv'
[54.442s] INFO:colcon.colcon_core.shell:Creating package script '/home/ubuntu/rb3302_final_proj_code/robot_ws/install/yesense_interface/share/yesense_interface/package.sh'
[54.444s] INFO:colcon.colcon_core.shell:Creating package script '/home/ubuntu/rb3302_final_proj_code/robot_ws/install/yesense_interface/share/yesense_interface/package.bash'
[54.445s] INFO:colcon.colcon_core.shell:Creating package script '/home/ubuntu/rb3302_final_proj_code/robot_ws/install/yesense_interface/share/yesense_interface/package.zsh'
[54.447s] Level 1:colcon.colcon_core.environment:create_file_with_runtime_dependencies(/home/ubuntu/rb3302_final_proj_code/robot_ws/install/yesense_interface/share/colcon-core/packages/yesense_interface)
[54.449s] Level 1:colcon.colcon_core.environment:create_environment_scripts_only(yesense_interface)
[54.450s] Level 1:colcon.colcon_core.environment:checking '/home/ubuntu/rb3302_final_proj_code/robot_ws/install/yesense_interface' for CMake module files
[54.454s] Level 1:colcon.colcon_core.environment:checking '/home/ubuntu/rb3302_final_proj_code/robot_ws/install/yesense_interface' for CMake config files
[54.466s] Level 1:colcon.colcon_core.shell:create_environment_hook('yesense_interface', 'cmake_prefix_path')
[54.467s] INFO:colcon.colcon_core.shell:Creating environment hook '/home/ubuntu/rb3302_final_proj_code/robot_ws/install/yesense_interface/share/yesense_interface/hook/cmake_prefix_path.ps1'
[54.471s] INFO:colcon.colcon_core.shell:Creating environment descriptor '/home/ubuntu/rb3302_final_proj_code/robot_ws/install/yesense_interface/share/yesense_interface/hook/cmake_prefix_path.dsv'
[54.472s] INFO:colcon.colcon_core.shell:Creating environment hook '/home/ubuntu/rb3302_final_proj_code/robot_ws/install/yesense_interface/share/yesense_interface/hook/cmake_prefix_path.sh'
[54.474s] Level 1:colcon.colcon_core.environment:checking '/home/ubuntu/rb3302_final_proj_code/robot_ws/install/yesense_interface/lib'
[54.474s] Level 1:colcon.colcon_core.shell:create_environment_hook('yesense_interface', 'ld_library_path_lib')
[54.474s] INFO:colcon.colcon_core.shell:Creating environment hook '/home/ubuntu/rb3302_final_proj_code/robot_ws/install/yesense_interface/share/yesense_interface/hook/ld_library_path_lib.ps1'
[54.475s] INFO:colcon.colcon_core.shell:Creating environment descriptor '/home/ubuntu/rb3302_final_proj_code/robot_ws/install/yesense_interface/share/yesense_interface/hook/ld_library_path_lib.dsv'
[54.476s] INFO:colcon.colcon_core.shell:Creating environment hook '/home/ubuntu/rb3302_final_proj_code/robot_ws/install/yesense_interface/share/yesense_interface/hook/ld_library_path_lib.sh'
[54.477s] Level 1:colcon.colcon_core.environment:checking '/home/ubuntu/rb3302_final_proj_code/robot_ws/install/yesense_interface/bin'
[54.477s] Level 1:colcon.colcon_core.environment:checking '/home/ubuntu/rb3302_final_proj_code/robot_ws/install/yesense_interface/lib/pkgconfig/yesense_interface.pc'
[54.478s] Level 1:colcon.colcon_core.environment:checking '/home/ubuntu/rb3302_final_proj_code/robot_ws/install/yesense_interface/lib/python3.12/site-packages'
[54.478s] Level 1:colcon.colcon_core.shell:create_environment_hook('yesense_interface', 'pythonpath')
[54.478s] INFO:colcon.colcon_core.shell:Creating environment hook '/home/ubuntu/rb3302_final_proj_code/robot_ws/install/yesense_interface/share/yesense_interface/hook/pythonpath.ps1'
[54.479s] INFO:colcon.colcon_core.shell:Creating environment descriptor '/home/ubuntu/rb3302_final_proj_code/robot_ws/install/yesense_interface/share/yesense_interface/hook/pythonpath.dsv'
[54.480s] INFO:colcon.colcon_core.shell:Creating environment hook '/home/ubuntu/rb3302_final_proj_code/robot_ws/install/yesense_interface/share/yesense_interface/hook/pythonpath.sh'
[54.482s] Level 1:colcon.colcon_core.environment:checking '/home/ubuntu/rb3302_final_proj_code/robot_ws/install/yesense_interface/bin'
[54.483s] INFO:colcon.colcon_core.shell:Creating package script '/home/ubuntu/rb3302_final_proj_code/robot_ws/install/yesense_interface/share/yesense_interface/package.ps1'
[54.484s] INFO:colcon.colcon_core.shell:Creating package descriptor '/home/ubuntu/rb3302_final_proj_code/robot_ws/install/yesense_interface/share/yesense_interface/package.dsv'
[54.485s] INFO:colcon.colcon_core.shell:Creating package script '/home/ubuntu/rb3302_final_proj_code/robot_ws/install/yesense_interface/share/yesense_interface/package.sh'
[54.487s] INFO:colcon.colcon_core.shell:Creating package script '/home/ubuntu/rb3302_final_proj_code/robot_ws/install/yesense_interface/share/yesense_interface/package.bash'
[54.488s] INFO:colcon.colcon_core.shell:Creating package script '/home/ubuntu/rb3302_final_proj_code/robot_ws/install/yesense_interface/share/yesense_interface/package.zsh'
[54.489s] Level 1:colcon.colcon_core.environment:create_file_with_runtime_dependencies(/home/ubuntu/rb3302_final_proj_code/robot_ws/install/yesense_interface/share/colcon-core/packages/yesense_interface)
[54.489s] INFO:colcon.colcon_ros.task.ament_cmake.build:Building ROS package in '/home/ubuntu/rb3302_final_proj_code/robot_ws/src/yesense_std_ros2' with build type 'ament_cmake'
[54.490s] INFO:colcon.colcon_cmake.task.cmake.build:Building CMake package in '/home/ubuntu/rb3302_final_proj_code/robot_ws/src/yesense_std_ros2'
[54.490s] INFO:colcon.colcon_core.shell:Skip shell extension 'powershell' for command environment: Not usable outside of PowerShell
[54.490s] DEBUG:colcon.colcon_core.shell:Skip shell extension 'dsv' for command environment
[54.524s] DEBUG:colcon.colcon_core.event_handler.log_command:Invoking command in '/home/ubuntu/rb3302_final_proj_code/robot_ws/build/yesense_std_ros2': AMENT_PREFIX_PATH=/home/ubuntu/rb3302_final_proj_code/robot_ws/install/yesense_interface:/home/ubuntu/rb3302_final_proj_code/robot_ws/install/serial:${AMENT_PREFIX_PATH} CMAKE_PREFIX_PATH=/home/ubuntu/rb3302_final_proj_code/robot_ws/install/yesense_interface:/home/ubuntu/rb3302_final_proj_code/robot_ws/install/serial:/opt/ros/jazzy/opt/gz_sim_vendor:/opt/ros/jazzy/opt/gz_sensors_vendor:/opt/ros/jazzy/opt/gz_physics_vendor:/opt/ros/jazzy/opt/sdformat_vendor:/opt/ros/jazzy/opt/gz_gui_vendor:/opt/ros/jazzy/opt/gz_transport_vendor:/opt/ros/jazzy/opt/gz_rendering_vendor:/opt/ros/jazzy/opt/gz_plugin_vendor:/opt/ros/jazzy/opt/gz_fuel_tools_vendor:/opt/ros/jazzy/opt/gz_msgs_vendor:/opt/ros/jazzy/opt/gz_common_vendor:/opt/ros/jazzy/opt/gz_math_vendor:/opt/ros/jazzy/opt/gz_utils_vendor:/opt/ros/jazzy/opt/gz_tools_vendor:/opt/ros/jazzy/opt/gz_ogre_next_vendor:/opt/ros/jazzy/opt/gz_dartsim_vendor:/opt/ros/jazzy/opt/gz_cmake_vendor:/opt/ros/jazzy LD_LIBRARY_PATH=/home/ubuntu/rb3302_final_proj_code/robot_ws/install/yesense_interface/lib:/home/ubuntu/rb3302_final_proj_code/robot_ws/install/serial/lib:${LD_LIBRARY_PATH} PYTHONPATH=/home/ubuntu/rb3302_final_proj_code/robot_ws/install/yesense_interface/lib/python3.12/site-packages:${PYTHONPATH} /usr/bin/cmake /home/ubuntu/rb3302_final_proj_code/robot_ws/src/yesense_std_ros2 -DAMENT_CMAKE_SYMLINK_INSTALL=1 -DCMAKE_INSTALL_PREFIX=/home/ubuntu/rb3302_final_proj_code/robot_ws/install/yesense_std_ros2
[57.254s] DEBUG:colcon.colcon_core.event_handler.log_command:Invoked command in '/home/ubuntu/rb3302_final_proj_code/robot_ws/build/yesense_std_ros2' returned '0': AMENT_PREFIX_PATH=/home/ubuntu/rb3302_final_proj_code/robot_ws/install/yesense_interface:/home/ubuntu/rb3302_final_proj_code/robot_ws/install/serial:${AMENT_PREFIX_PATH} CMAKE_PREFIX_PATH=/home/ubuntu/rb3302_final_proj_code/robot_ws/install/yesense_interface:/home/ubuntu/rb3302_final_proj_code/robot_ws/install/serial:/opt/ros/jazzy/opt/gz_sim_vendor:/opt/ros/jazzy/opt/gz_sensors_vendor:/opt/ros/jazzy/opt/gz_physics_vendor:/opt/ros/jazzy/opt/sdformat_vendor:/opt/ros/jazzy/opt/gz_gui_vendor:/opt/ros/jazzy/opt/gz_transport_vendor:/opt/ros/jazzy/opt/gz_rendering_vendor:/opt/ros/jazzy/opt/gz_plugin_vendor:/opt/ros/jazzy/opt/gz_fuel_tools_vendor:/opt/ros/jazzy/opt/gz_msgs_vendor:/opt/ros/jazzy/opt/gz_common_vendor:/opt/ros/jazzy/opt/gz_math_vendor:/opt/ros/jazzy/opt/gz_utils_vendor:/opt/ros/jazzy/opt/gz_tools_vendor:/opt/ros/jazzy/opt/gz_ogre_next_vendor:/opt/ros/jazzy/opt/gz_dartsim_vendor:/opt/ros/jazzy/opt/gz_cmake_vendor:/opt/ros/jazzy LD_LIBRARY_PATH=/home/ubuntu/rb3302_final_proj_code/robot_ws/install/yesense_interface/lib:/home/ubuntu/rb3302_final_proj_code/robot_ws/install/serial/lib:${LD_LIBRARY_PATH} PYTHONPATH=/home/ubuntu/rb3302_final_proj_code/robot_ws/install/yesense_interface/lib/python3.12/site-packages:${PYTHONPATH} /usr/bin/cmake /home/ubuntu/rb3302_final_proj_code/robot_ws/src/yesense_std_ros2 -DAMENT_CMAKE_SYMLINK_INSTALL=1 -DCMAKE_INSTALL_PREFIX=/home/ubuntu/rb3302_final_proj_code/robot_ws/install/yesense_std_ros2
[57.260s] DEBUG:colcon.colcon_core.event_handler.log_command:Invoking command in '/home/ubuntu/rb3302_final_proj_code/robot_ws/build/yesense_std_ros2': AMENT_PREFIX_PATH=/home/ubuntu/rb3302_final_proj_code/robot_ws/install/yesense_interface:/home/ubuntu/rb3302_final_proj_code/robot_ws/install/serial:${AMENT_PREFIX_PATH} CMAKE_PREFIX_PATH=/home/ubuntu/rb3302_final_proj_code/robot_ws/install/yesense_interface:/home/ubuntu/rb3302_final_proj_code/robot_ws/install/serial:/opt/ros/jazzy/opt/gz_sim_vendor:/opt/ros/jazzy/opt/gz_sensors_vendor:/opt/ros/jazzy/opt/gz_physics_vendor:/opt/ros/jazzy/opt/sdformat_vendor:/opt/ros/jazzy/opt/gz_gui_vendor:/opt/ros/jazzy/opt/gz_transport_vendor:/opt/ros/jazzy/opt/gz_rendering_vendor:/opt/ros/jazzy/opt/gz_plugin_vendor:/opt/ros/jazzy/opt/gz_fuel_tools_vendor:/opt/ros/jazzy/opt/gz_msgs_vendor:/opt/ros/jazzy/opt/gz_common_vendor:/opt/ros/jazzy/opt/gz_math_vendor:/opt/ros/jazzy/opt/gz_utils_vendor:/opt/ros/jazzy/opt/gz_tools_vendor:/opt/ros/jazzy/opt/gz_ogre_next_vendor:/opt/ros/jazzy/opt/gz_dartsim_vendor:/opt/ros/jazzy/opt/gz_cmake_vendor:/opt/ros/jazzy LD_LIBRARY_PATH=/home/ubuntu/rb3302_final_proj_code/robot_ws/install/yesense_interface/lib:/home/ubuntu/rb3302_final_proj_code/robot_ws/install/serial/lib:${LD_LIBRARY_PATH} PYTHONPATH=/home/ubuntu/rb3302_final_proj_code/robot_ws/install/yesense_interface/lib/python3.12/site-packages:${PYTHONPATH} /usr/bin/cmake --build /home/ubuntu/rb3302_final_proj_code/robot_ws/build/yesense_std_ros2 -- -j8 -l8
[82.010s] DEBUG:colcon.colcon_core.event_handler.log_command:Invoked command in '/home/ubuntu/rb3302_final_proj_code/robot_ws/build/yesense_std_ros2' returned '0': AMENT_PREFIX_PATH=/home/ubuntu/rb3302_final_proj_code/robot_ws/install/yesense_interface:/home/ubuntu/rb3302_final_proj_code/robot_ws/install/serial:${AMENT_PREFIX_PATH} CMAKE_PREFIX_PATH=/home/ubuntu/rb3302_final_proj_code/robot_ws/install/yesense_interface:/home/ubuntu/rb3302_final_proj_code/robot_ws/install/serial:/opt/ros/jazzy/opt/gz_sim_vendor:/opt/ros/jazzy/opt/gz_sensors_vendor:/opt/ros/jazzy/opt/gz_physics_vendor:/opt/ros/jazzy/opt/sdformat_vendor:/opt/ros/jazzy/opt/gz_gui_vendor:/opt/ros/jazzy/opt/gz_transport_vendor:/opt/ros/jazzy/opt/gz_rendering_vendor:/opt/ros/jazzy/opt/gz_plugin_vendor:/opt/ros/jazzy/opt/gz_fuel_tools_vendor:/opt/ros/jazzy/opt/gz_msgs_vendor:/opt/ros/jazzy/opt/gz_common_vendor:/opt/ros/jazzy/opt/gz_math_vendor:/opt/ros/jazzy/opt/gz_utils_vendor:/opt/ros/jazzy/opt/gz_tools_vendor:/opt/ros/jazzy/opt/gz_ogre_next_vendor:/opt/ros/jazzy/opt/gz_dartsim_vendor:/opt/ros/jazzy/opt/gz_cmake_vendor:/opt/ros/jazzy LD_LIBRARY_PATH=/home/ubuntu/rb3302_final_proj_code/robot_ws/install/yesense_interface/lib:/home/ubuntu/rb3302_final_proj_code/robot_ws/install/serial/lib:${LD_LIBRARY_PATH} PYTHONPATH=/home/ubuntu/rb3302_final_proj_code/robot_ws/install/yesense_interface/lib/python3.12/site-packages:${PYTHONPATH} /usr/bin/cmake --build /home/ubuntu/rb3302_final_proj_code/robot_ws/build/yesense_std_ros2 -- -j8 -l8
[82.019s] DEBUG:colcon.colcon_core.event_handler.log_command:Invoking command in '/home/ubuntu/rb3302_final_proj_code/robot_ws/build/yesense_std_ros2': AMENT_PREFIX_PATH=/home/ubuntu/rb3302_final_proj_code/robot_ws/install/yesense_interface:/home/ubuntu/rb3302_final_proj_code/robot_ws/install/serial:${AMENT_PREFIX_PATH} CMAKE_PREFIX_PATH=/home/ubuntu/rb3302_final_proj_code/robot_ws/install/yesense_interface:/home/ubuntu/rb3302_final_proj_code/robot_ws/install/serial:/opt/ros/jazzy/opt/gz_sim_vendor:/opt/ros/jazzy/opt/gz_sensors_vendor:/opt/ros/jazzy/opt/gz_physics_vendor:/opt/ros/jazzy/opt/sdformat_vendor:/opt/ros/jazzy/opt/gz_gui_vendor:/opt/ros/jazzy/opt/gz_transport_vendor:/opt/ros/jazzy/opt/gz_rendering_vendor:/opt/ros/jazzy/opt/gz_plugin_vendor:/opt/ros/jazzy/opt/gz_fuel_tools_vendor:/opt/ros/jazzy/opt/gz_msgs_vendor:/opt/ros/jazzy/opt/gz_common_vendor:/opt/ros/jazzy/opt/gz_math_vendor:/opt/ros/jazzy/opt/gz_utils_vendor:/opt/ros/jazzy/opt/gz_tools_vendor:/opt/ros/jazzy/opt/gz_ogre_next_vendor:/opt/ros/jazzy/opt/gz_dartsim_vendor:/opt/ros/jazzy/opt/gz_cmake_vendor:/opt/ros/jazzy LD_LIBRARY_PATH=/home/ubuntu/rb3302_final_proj_code/robot_ws/install/yesense_interface/lib:/home/ubuntu/rb3302_final_proj_code/robot_ws/install/serial/lib:${LD_LIBRARY_PATH} PYTHONPATH=/home/ubuntu/rb3302_final_proj_code/robot_ws/install/yesense_interface/lib/python3.12/site-packages:${PYTHONPATH} /usr/bin/cmake --install /home/ubuntu/rb3302_final_proj_code/robot_ws/build/yesense_std_ros2
[82.475s] Level 1:colcon.colcon_core.environment:create_environment_scripts_only(yesense_std_ros2)
[82.477s] Level 1:colcon.colcon_core.environment:checking '/home/ubuntu/rb3302_final_proj_code/robot_ws/install/yesense_std_ros2' for CMake module files
[82.483s] DEBUG:colcon.colcon_core.event_handler.log_command:Invoked command in '/home/ubuntu/rb3302_final_proj_code/robot_ws/build/yesense_std_ros2' returned '0': AMENT_PREFIX_PATH=/home/ubuntu/rb3302_final_proj_code/robot_ws/install/yesense_interface:/home/ubuntu/rb3302_final_proj_code/robot_ws/install/serial:${AMENT_PREFIX_PATH} CMAKE_PREFIX_PATH=/home/ubuntu/rb3302_final_proj_code/robot_ws/install/yesense_interface:/home/ubuntu/rb3302_final_proj_code/robot_ws/install/serial:/opt/ros/jazzy/opt/gz_sim_vendor:/opt/ros/jazzy/opt/gz_sensors_vendor:/opt/ros/jazzy/opt/gz_physics_vendor:/opt/ros/jazzy/opt/sdformat_vendor:/opt/ros/jazzy/opt/gz_gui_vendor:/opt/ros/jazzy/opt/gz_transport_vendor:/opt/ros/jazzy/opt/gz_rendering_vendor:/opt/ros/jazzy/opt/gz_plugin_vendor:/opt/ros/jazzy/opt/gz_fuel_tools_vendor:/opt/ros/jazzy/opt/gz_msgs_vendor:/opt/ros/jazzy/opt/gz_common_vendor:/opt/ros/jazzy/opt/gz_math_vendor:/opt/ros/jazzy/opt/gz_utils_vendor:/opt/ros/jazzy/opt/gz_tools_vendor:/opt/ros/jazzy/opt/gz_ogre_next_vendor:/opt/ros/jazzy/opt/gz_dartsim_vendor:/opt/ros/jazzy/opt/gz_cmake_vendor:/opt/ros/jazzy LD_LIBRARY_PATH=/home/ubuntu/rb3302_final_proj_code/robot_ws/install/yesense_interface/lib:/home/ubuntu/rb3302_final_proj_code/robot_ws/install/serial/lib:${LD_LIBRARY_PATH} PYTHONPATH=/home/ubuntu/rb3302_final_proj_code/robot_ws/install/yesense_interface/lib/python3.12/site-packages:${PYTHONPATH} /usr/bin/cmake --install /home/ubuntu/rb3302_final_proj_code/robot_ws/build/yesense_std_ros2
[82.490s] Level 1:colcon.colcon_core.environment:checking '/home/ubuntu/rb3302_final_proj_code/robot_ws/install/yesense_std_ros2' for CMake config files
[82.493s] Level 1:colcon.colcon_core.shell:create_environment_hook('yesense_std_ros2', 'cmake_prefix_path')
[82.495s] INFO:colcon.colcon_core.shell:Creating environment hook '/home/ubuntu/rb3302_final_proj_code/robot_ws/install/yesense_std_ros2/share/yesense_std_ros2/hook/cmake_prefix_path.ps1'
[82.499s] INFO:colcon.colcon_core.shell:Creating environment descriptor '/home/ubuntu/rb3302_final_proj_code/robot_ws/install/yesense_std_ros2/share/yesense_std_ros2/hook/cmake_prefix_path.dsv'
[82.502s] INFO:colcon.colcon_core.shell:Creating environment hook '/home/ubuntu/rb3302_final_proj_code/robot_ws/install/yesense_std_ros2/share/yesense_std_ros2/hook/cmake_prefix_path.sh'
[82.508s] Level 1:colcon.colcon_core.environment:checking '/home/ubuntu/rb3302_final_proj_code/robot_ws/install/yesense_std_ros2/lib'
[82.508s] Level 1:colcon.colcon_core.environment:checking '/home/ubuntu/rb3302_final_proj_code/robot_ws/install/yesense_std_ros2/bin'
[82.509s] Level 1:colcon.colcon_core.environment:checking '/home/ubuntu/rb3302_final_proj_code/robot_ws/install/yesense_std_ros2/lib/pkgconfig/yesense_std_ros2.pc'
[82.512s] Level 1:colcon.colcon_core.environment:checking '/home/ubuntu/rb3302_final_proj_code/robot_ws/install/yesense_std_ros2/lib/python3.12/site-packages'
[82.516s] Level 1:colcon.colcon_core.environment:checking '/home/ubuntu/rb3302_final_proj_code/robot_ws/install/yesense_std_ros2/bin'
[82.518s] INFO:colcon.colcon_core.shell:Creating package script '/home/ubuntu/rb3302_final_proj_code/robot_ws/install/yesense_std_ros2/share/yesense_std_ros2/package.ps1'
[82.523s] INFO:colcon.colcon_core.shell:Creating package descriptor '/home/ubuntu/rb3302_final_proj_code/robot_ws/install/yesense_std_ros2/share/yesense_std_ros2/package.dsv'
[82.525s] INFO:colcon.colcon_core.shell:Creating package script '/home/ubuntu/rb3302_final_proj_code/robot_ws/install/yesense_std_ros2/share/yesense_std_ros2/package.sh'
[82.528s] INFO:colcon.colcon_core.shell:Creating package script '/home/ubuntu/rb3302_final_proj_code/robot_ws/install/yesense_std_ros2/share/yesense_std_ros2/package.bash'
[82.530s] INFO:colcon.colcon_core.shell:Creating package script '/home/ubuntu/rb3302_final_proj_code/robot_ws/install/yesense_std_ros2/share/yesense_std_ros2/package.zsh'
[82.532s] Level 1:colcon.colcon_core.environment:create_file_with_runtime_dependencies(/home/ubuntu/rb3302_final_proj_code/robot_ws/install/yesense_std_ros2/share/colcon-core/packages/yesense_std_ros2)
[82.535s] Level 1:colcon.colcon_core.environment:create_environment_scripts_only(yesense_std_ros2)
[82.536s] Level 1:colcon.colcon_core.environment:checking '/home/ubuntu/rb3302_final_proj_code/robot_ws/install/yesense_std_ros2' for CMake module files
[82.541s] Level 1:colcon.colcon_core.environment:checking '/home/ubuntu/rb3302_final_proj_code/robot_ws/install/yesense_std_ros2' for CMake config files
[82.542s] Level 1:colcon.colcon_core.shell:create_environment_hook('yesense_std_ros2', 'cmake_prefix_path')
[82.543s] INFO:colcon.colcon_core.shell:Creating environment hook '/home/ubuntu/rb3302_final_proj_code/robot_ws/install/yesense_std_ros2/share/yesense_std_ros2/hook/cmake_prefix_path.ps1'
[82.545s] INFO:colcon.colcon_core.shell:Creating environment descriptor '/home/ubuntu/rb3302_final_proj_code/robot_ws/install/yesense_std_ros2/share/yesense_std_ros2/hook/cmake_prefix_path.dsv'
[82.547s] INFO:colcon.colcon_core.shell:Creating environment hook '/home/ubuntu/rb3302_final_proj_code/robot_ws/install/yesense_std_ros2/share/yesense_std_ros2/hook/cmake_prefix_path.sh'
[82.549s] Level 1:colcon.colcon_core.environment:checking '/home/ubuntu/rb3302_final_proj_code/robot_ws/install/yesense_std_ros2/lib'
[82.549s] Level 1:colcon.colcon_core.environment:checking '/home/ubuntu/rb3302_final_proj_code/robot_ws/install/yesense_std_ros2/bin'
[82.550s] Level 1:colcon.colcon_core.environment:checking '/home/ubuntu/rb3302_final_proj_code/robot_ws/install/yesense_std_ros2/lib/pkgconfig/yesense_std_ros2.pc'
[82.551s] Level 1:colcon.colcon_core.environment:checking '/home/ubuntu/rb3302_final_proj_code/robot_ws/install/yesense_std_ros2/lib/python3.12/site-packages'
[82.553s] Level 1:colcon.colcon_core.environment:checking '/home/ubuntu/rb3302_final_proj_code/robot_ws/install/yesense_std_ros2/bin'
[82.554s] INFO:colcon.colcon_core.shell:Creating package script '/home/ubuntu/rb3302_final_proj_code/robot_ws/install/yesense_std_ros2/share/yesense_std_ros2/package.ps1'
[82.556s] INFO:colcon.colcon_core.shell:Creating package descriptor '/home/ubuntu/rb3302_final_proj_code/robot_ws/install/yesense_std_ros2/share/yesense_std_ros2/package.dsv'
[82.558s] INFO:colcon.colcon_core.shell:Creating package script '/home/ubuntu/rb3302_final_proj_code/robot_ws/install/yesense_std_ros2/share/yesense_std_ros2/package.sh'
[82.561s] INFO:colcon.colcon_core.shell:Creating package script '/home/ubuntu/rb3302_final_proj_code/robot_ws/install/yesense_std_ros2/share/yesense_std_ros2/package.bash'
[82.562s] INFO:colcon.colcon_core.shell:Creating package script '/home/ubuntu/rb3302_final_proj_code/robot_ws/install/yesense_std_ros2/share/yesense_std_ros2/package.zsh'
[82.564s] Level 1:colcon.colcon_core.environment:create_file_with_runtime_dependencies(/home/ubuntu/rb3302_final_proj_code/robot_ws/install/yesense_std_ros2/share/colcon-core/packages/yesense_std_ros2)
[82.565s] INFO:colcon.colcon_ros.task.ament_cmake.build:Building ROS package in '/home/ubuntu/rb3302_final_proj_code/robot_ws/src/robot_init' with build type 'ament_cmake'
[82.566s] INFO:colcon.colcon_cmake.task.cmake.build:Building CMake package in '/home/ubuntu/rb3302_final_proj_code/robot_ws/src/robot_init'
[82.567s] INFO:colcon.colcon_core.shell:Skip shell extension 'powershell' for command environment: Not usable outside of PowerShell
[82.567s] DEBUG:colcon.colcon_core.shell:Skip shell extension 'dsv' for command environment
[82.643s] DEBUG:colcon.colcon_core.event_handler.log_command:Invoking command in '/home/ubuntu/rb3302_final_proj_code/robot_ws/build/robot_init': AMENT_PREFIX_PATH=/home/ubuntu/rb3302_final_proj_code/robot_ws/install/yesense_std_ros2:/home/ubuntu/rb3302_final_proj_code/robot_ws/install/yesense_interface:/home/ubuntu/rb3302_final_proj_code/robot_ws/install/waverover_base:/home/ubuntu/rb3302_final_proj_code/robot_ws/install/serial:/home/ubuntu/rb3302_final_proj_code/robot_ws/install/rplidar_ros:/home/ubuntu/rb3302_final_proj_code/robot_ws/install/robot_model:${AMENT_PREFIX_PATH} CMAKE_PREFIX_PATH=/home/ubuntu/rb3302_final_proj_code/robot_ws/install/yesense_std_ros2:/home/ubuntu/rb3302_final_proj_code/robot_ws/install/yesense_interface:/home/ubuntu/rb3302_final_proj_code/robot_ws/install/serial:/home/ubuntu/rb3302_final_proj_code/robot_ws/install/rplidar_ros:/home/ubuntu/rb3302_final_proj_code/robot_ws/install/robot_model:/opt/ros/jazzy/opt/gz_sim_vendor:/opt/ros/jazzy/opt/gz_sensors_vendor:/opt/ros/jazzy/opt/gz_physics_vendor:/opt/ros/jazzy/opt/sdformat_vendor:/opt/ros/jazzy/opt/gz_gui_vendor:/opt/ros/jazzy/opt/gz_transport_vendor:/opt/ros/jazzy/opt/gz_rendering_vendor:/opt/ros/jazzy/opt/gz_plugin_vendor:/opt/ros/jazzy/opt/gz_fuel_tools_vendor:/opt/ros/jazzy/opt/gz_msgs_vendor:/opt/ros/jazzy/opt/gz_common_vendor:/opt/ros/jazzy/opt/gz_math_vendor:/opt/ros/jazzy/opt/gz_utils_vendor:/opt/ros/jazzy/opt/gz_tools_vendor:/opt/ros/jazzy/opt/gz_ogre_next_vendor:/opt/ros/jazzy/opt/gz_dartsim_vendor:/opt/ros/jazzy/opt/gz_cmake_vendor:/opt/ros/jazzy LD_LIBRARY_PATH=/home/ubuntu/rb3302_final_proj_code/robot_ws/install/yesense_interface/lib:/home/ubuntu/rb3302_final_proj_code/robot_ws/install/serial/lib:${LD_LIBRARY_PATH} PYTHONPATH=/home/ubuntu/rb3302_final_proj_code/robot_ws/install/yesense_interface/lib/python3.12/site-packages:/home/ubuntu/rb3302_final_proj_code/robot_ws/build/waverover_base:/home/ubuntu/rb3302_final_proj_code/robot_ws/install/waverover_base/lib/python3.12/site-packages:${PYTHONPATH} /usr/bin/cmake /home/ubuntu/rb3302_final_proj_code/robot_ws/src/robot_init -DAMENT_CMAKE_SYMLINK_INSTALL=1 -DCMAKE_INSTALL_PREFIX=/home/ubuntu/rb3302_final_proj_code/robot_ws/install/robot_init
[84.448s] DEBUG:colcon.colcon_core.event_handler.log_command:Invoked command in '/home/ubuntu/rb3302_final_proj_code/robot_ws/build/robot_init' returned '0': AMENT_PREFIX_PATH=/home/ubuntu/rb3302_final_proj_code/robot_ws/install/yesense_std_ros2:/home/ubuntu/rb3302_final_proj_code/robot_ws/install/yesense_interface:/home/ubuntu/rb3302_final_proj_code/robot_ws/install/waverover_base:/home/ubuntu/rb3302_final_proj_code/robot_ws/install/serial:/home/ubuntu/rb3302_final_proj_code/robot_ws/install/rplidar_ros:/home/ubuntu/rb3302_final_proj_code/robot_ws/install/robot_model:${AMENT_PREFIX_PATH} CMAKE_PREFIX_PATH=/home/ubuntu/rb3302_final_proj_code/robot_ws/install/yesense_std_ros2:/home/ubuntu/rb3302_final_proj_code/robot_ws/install/yesense_interface:/home/ubuntu/rb3302_final_proj_code/robot_ws/install/serial:/home/ubuntu/rb3302_final_proj_code/robot_ws/install/rplidar_ros:/home/ubuntu/rb3302_final_proj_code/robot_ws/install/robot_model:/opt/ros/jazzy/opt/gz_sim_vendor:/opt/ros/jazzy/opt/gz_sensors_vendor:/opt/ros/jazzy/opt/gz_physics_vendor:/opt/ros/jazzy/opt/sdformat_vendor:/opt/ros/jazzy/opt/gz_gui_vendor:/opt/ros/jazzy/opt/gz_transport_vendor:/opt/ros/jazzy/opt/gz_rendering_vendor:/opt/ros/jazzy/opt/gz_plugin_vendor:/opt/ros/jazzy/opt/gz_fuel_tools_vendor:/opt/ros/jazzy/opt/gz_msgs_vendor:/opt/ros/jazzy/opt/gz_common_vendor:/opt/ros/jazzy/opt/gz_math_vendor:/opt/ros/jazzy/opt/gz_utils_vendor:/opt/ros/jazzy/opt/gz_tools_vendor:/opt/ros/jazzy/opt/gz_ogre_next_vendor:/opt/ros/jazzy/opt/gz_dartsim_vendor:/opt/ros/jazzy/opt/gz_cmake_vendor:/opt/ros/jazzy LD_LIBRARY_PATH=/home/ubuntu/rb3302_final_proj_code/robot_ws/install/yesense_interface/lib:/home/ubuntu/rb3302_final_proj_code/robot_ws/install/serial/lib:${LD_LIBRARY_PATH} PYTHONPATH=/home/ubuntu/rb3302_final_proj_code/robot_ws/install/yesense_interface/lib/python3.12/site-packages:/home/ubuntu/rb3302_final_proj_code/robot_ws/build/waverover_base:/home/ubuntu/rb3302_final_proj_code/robot_ws/install/waverover_base/lib/python3.12/site-packages:${PYTHONPATH} /usr/bin/cmake /home/ubuntu/rb3302_final_proj_code/robot_ws/src/robot_init -DAMENT_CMAKE_SYMLINK_INSTALL=1 -DCMAKE_INSTALL_PREFIX=/home/ubuntu/rb3302_final_proj_code/robot_ws/install/robot_init
[84.451s] DEBUG:colcon.colcon_core.event_handler.log_command:Invoking command in '/home/ubuntu/rb3302_final_proj_code/robot_ws/build/robot_init': AMENT_PREFIX_PATH=/home/ubuntu/rb3302_final_proj_code/robot_ws/install/yesense_std_ros2:/home/ubuntu/rb3302_final_proj_code/robot_ws/install/yesense_interface:/home/ubuntu/rb3302_final_proj_code/robot_ws/install/waverover_base:/home/ubuntu/rb3302_final_proj_code/robot_ws/install/serial:/home/ubuntu/rb3302_final_proj_code/robot_ws/install/rplidar_ros:/home/ubuntu/rb3302_final_proj_code/robot_ws/install/robot_model:${AMENT_PREFIX_PATH} CMAKE_PREFIX_PATH=/home/ubuntu/rb3302_final_proj_code/robot_ws/install/yesense_std_ros2:/home/ubuntu/rb3302_final_proj_code/robot_ws/install/yesense_interface:/home/ubuntu/rb3302_final_proj_code/robot_ws/install/serial:/home/ubuntu/rb3302_final_proj_code/robot_ws/install/rplidar_ros:/home/ubuntu/rb3302_final_proj_code/robot_ws/install/robot_model:/opt/ros/jazzy/opt/gz_sim_vendor:/opt/ros/jazzy/opt/gz_sensors_vendor:/opt/ros/jazzy/opt/gz_physics_vendor:/opt/ros/jazzy/opt/sdformat_vendor:/opt/ros/jazzy/opt/gz_gui_vendor:/opt/ros/jazzy/opt/gz_transport_vendor:/opt/ros/jazzy/opt/gz_rendering_vendor:/opt/ros/jazzy/opt/gz_plugin_vendor:/opt/ros/jazzy/opt/gz_fuel_tools_vendor:/opt/ros/jazzy/opt/gz_msgs_vendor:/opt/ros/jazzy/opt/gz_common_vendor:/opt/ros/jazzy/opt/gz_math_vendor:/opt/ros/jazzy/opt/gz_utils_vendor:/opt/ros/jazzy/opt/gz_tools_vendor:/opt/ros/jazzy/opt/gz_ogre_next_vendor:/opt/ros/jazzy/opt/gz_dartsim_vendor:/opt/ros/jazzy/opt/gz_cmake_vendor:/opt/ros/jazzy LD_LIBRARY_PATH=/home/ubuntu/rb3302_final_proj_code/robot_ws/install/yesense_interface/lib:/home/ubuntu/rb3302_final_proj_code/robot_ws/install/serial/lib:${LD_LIBRARY_PATH} PYTHONPATH=/home/ubuntu/rb3302_final_proj_code/robot_ws/install/yesense_interface/lib/python3.12/site-packages:/home/ubuntu/rb3302_final_proj_code/robot_ws/build/waverover_base:/home/ubuntu/rb3302_final_proj_code/robot_ws/install/waverover_base/lib/python3.12/site-packages:${PYTHONPATH} /usr/bin/cmake --build /home/ubuntu/rb3302_final_proj_code/robot_ws/build/robot_init -- -j8 -l8
[84.568s] DEBUG:colcon.colcon_core.event_handler.log_command:Invoked command in '/home/ubuntu/rb3302_final_proj_code/robot_ws/build/robot_init' returned '0': AMENT_PREFIX_PATH=/home/ubuntu/rb3302_final_proj_code/robot_ws/install/yesense_std_ros2:/home/ubuntu/rb3302_final_proj_code/robot_ws/install/yesense_interface:/home/ubuntu/rb3302_final_proj_code/robot_ws/install/waverover_base:/home/ubuntu/rb3302_final_proj_code/robot_ws/install/serial:/home/ubuntu/rb3302_final_proj_code/robot_ws/install/rplidar_ros:/home/ubuntu/rb3302_final_proj_code/robot_ws/install/robot_model:${AMENT_PREFIX_PATH} CMAKE_PREFIX_PATH=/home/ubuntu/rb3302_final_proj_code/robot_ws/install/yesense_std_ros2:/home/ubuntu/rb3302_final_proj_code/robot_ws/install/yesense_interface:/home/ubuntu/rb3302_final_proj_code/robot_ws/install/serial:/home/ubuntu/rb3302_final_proj_code/robot_ws/install/rplidar_ros:/home/ubuntu/rb3302_final_proj_code/robot_ws/install/robot_model:/opt/ros/jazzy/opt/gz_sim_vendor:/opt/ros/jazzy/opt/gz_sensors_vendor:/opt/ros/jazzy/opt/gz_physics_vendor:/opt/ros/jazzy/opt/sdformat_vendor:/opt/ros/jazzy/opt/gz_gui_vendor:/opt/ros/jazzy/opt/gz_transport_vendor:/opt/ros/jazzy/opt/gz_rendering_vendor:/opt/ros/jazzy/opt/gz_plugin_vendor:/opt/ros/jazzy/opt/gz_fuel_tools_vendor:/opt/ros/jazzy/opt/gz_msgs_vendor:/opt/ros/jazzy/opt/gz_common_vendor:/opt/ros/jazzy/opt/gz_math_vendor:/opt/ros/jazzy/opt/gz_utils_vendor:/opt/ros/jazzy/opt/gz_tools_vendor:/opt/ros/jazzy/opt/gz_ogre_next_vendor:/opt/ros/jazzy/opt/gz_dartsim_vendor:/opt/ros/jazzy/opt/gz_cmake_vendor:/opt/ros/jazzy LD_LIBRARY_PATH=/home/ubuntu/rb3302_final_proj_code/robot_ws/install/yesense_interface/lib:/home/ubuntu/rb3302_final_proj_code/robot_ws/install/serial/lib:${LD_LIBRARY_PATH} PYTHONPATH=/home/ubuntu/rb3302_final_proj_code/robot_ws/install/yesense_interface/lib/python3.12/site-packages:/home/ubuntu/rb3302_final_proj_code/robot_ws/build/waverover_base:/home/ubuntu/rb3302_final_proj_code/robot_ws/install/waverover_base/lib/python3.12/site-packages:${PYTHONPATH} /usr/bin/cmake --build /home/ubuntu/rb3302_final_proj_code/robot_ws/build/robot_init -- -j8 -l8
[84.577s] DEBUG:colcon.colcon_core.event_handler.log_command:Invoking command in '/home/ubuntu/rb3302_final_proj_code/robot_ws/build/robot_init': AMENT_PREFIX_PATH=/home/ubuntu/rb3302_final_proj_code/robot_ws/install/yesense_std_ros2:/home/ubuntu/rb3302_final_proj_code/robot_ws/install/yesense_interface:/home/ubuntu/rb3302_final_proj_code/robot_ws/install/waverover_base:/home/ubuntu/rb3302_final_proj_code/robot_ws/install/serial:/home/ubuntu/rb3302_final_proj_code/robot_ws/install/rplidar_ros:/home/ubuntu/rb3302_final_proj_code/robot_ws/install/robot_model:${AMENT_PREFIX_PATH} CMAKE_PREFIX_PATH=/home/ubuntu/rb3302_final_proj_code/robot_ws/install/yesense_std_ros2:/home/ubuntu/rb3302_final_proj_code/robot_ws/install/yesense_interface:/home/ubuntu/rb3302_final_proj_code/robot_ws/install/serial:/home/ubuntu/rb3302_final_proj_code/robot_ws/install/rplidar_ros:/home/ubuntu/rb3302_final_proj_code/robot_ws/install/robot_model:/opt/ros/jazzy/opt/gz_sim_vendor:/opt/ros/jazzy/opt/gz_sensors_vendor:/opt/ros/jazzy/opt/gz_physics_vendor:/opt/ros/jazzy/opt/sdformat_vendor:/opt/ros/jazzy/opt/gz_gui_vendor:/opt/ros/jazzy/opt/gz_transport_vendor:/opt/ros/jazzy/opt/gz_rendering_vendor:/opt/ros/jazzy/opt/gz_plugin_vendor:/opt/ros/jazzy/opt/gz_fuel_tools_vendor:/opt/ros/jazzy/opt/gz_msgs_vendor:/opt/ros/jazzy/opt/gz_common_vendor:/opt/ros/jazzy/opt/gz_math_vendor:/opt/ros/jazzy/opt/gz_utils_vendor:/opt/ros/jazzy/opt/gz_tools_vendor:/opt/ros/jazzy/opt/gz_ogre_next_vendor:/opt/ros/jazzy/opt/gz_dartsim_vendor:/opt/ros/jazzy/opt/gz_cmake_vendor:/opt/ros/jazzy LD_LIBRARY_PATH=/home/ubuntu/rb3302_final_proj_code/robot_ws/install/yesense_interface/lib:/home/ubuntu/rb3302_final_proj_code/robot_ws/install/serial/lib:${LD_LIBRARY_PATH} PYTHONPATH=/home/ubuntu/rb3302_final_proj_code/robot_ws/install/yesense_interface/lib/python3.12/site-packages:/home/ubuntu/rb3302_final_proj_code/robot_ws/build/waverover_base:/home/ubuntu/rb3302_final_proj_code/robot_ws/install/waverover_base/lib/python3.12/site-packages:${PYTHONPATH} /usr/bin/cmake --install /home/ubuntu/rb3302_final_proj_code/robot_ws/build/robot_init
[85.033s] Level 1:colcon.colcon_core.environment:create_environment_scripts_only(robot_init)
[85.036s] Level 1:colcon.colcon_core.environment:checking '/home/ubuntu/rb3302_final_proj_code/robot_ws/install/robot_init' for CMake module files
[85.042s] DEBUG:colcon.colcon_core.event_handler.log_command:Invoked command in '/home/ubuntu/rb3302_final_proj_code/robot_ws/build/robot_init' returned '0': AMENT_PREFIX_PATH=/home/ubuntu/rb3302_final_proj_code/robot_ws/install/yesense_std_ros2:/home/ubuntu/rb3302_final_proj_code/robot_ws/install/yesense_interface:/home/ubuntu/rb3302_final_proj_code/robot_ws/install/waverover_base:/home/ubuntu/rb3302_final_proj_code/robot_ws/install/serial:/home/ubuntu/rb3302_final_proj_code/robot_ws/install/rplidar_ros:/home/ubuntu/rb3302_final_proj_code/robot_ws/install/robot_model:${AMENT_PREFIX_PATH} CMAKE_PREFIX_PATH=/home/ubuntu/rb3302_final_proj_code/robot_ws/install/yesense_std_ros2:/home/ubuntu/rb3302_final_proj_code/robot_ws/install/yesense_interface:/home/ubuntu/rb3302_final_proj_code/robot_ws/install/serial:/home/ubuntu/rb3302_final_proj_code/robot_ws/install/rplidar_ros:/home/ubuntu/rb3302_final_proj_code/robot_ws/install/robot_model:/opt/ros/jazzy/opt/gz_sim_vendor:/opt/ros/jazzy/opt/gz_sensors_vendor:/opt/ros/jazzy/opt/gz_physics_vendor:/opt/ros/jazzy/opt/sdformat_vendor:/opt/ros/jazzy/opt/gz_gui_vendor:/opt/ros/jazzy/opt/gz_transport_vendor:/opt/ros/jazzy/opt/gz_rendering_vendor:/opt/ros/jazzy/opt/gz_plugin_vendor:/opt/ros/jazzy/opt/gz_fuel_tools_vendor:/opt/ros/jazzy/opt/gz_msgs_vendor:/opt/ros/jazzy/opt/gz_common_vendor:/opt/ros/jazzy/opt/gz_math_vendor:/opt/ros/jazzy/opt/gz_utils_vendor:/opt/ros/jazzy/opt/gz_tools_vendor:/opt/ros/jazzy/opt/gz_ogre_next_vendor:/opt/ros/jazzy/opt/gz_dartsim_vendor:/opt/ros/jazzy/opt/gz_cmake_vendor:/opt/ros/jazzy LD_LIBRARY_PATH=/home/ubuntu/rb3302_final_proj_code/robot_ws/install/yesense_interface/lib:/home/ubuntu/rb3302_final_proj_code/robot_ws/install/serial/lib:${LD_LIBRARY_PATH} PYTHONPATH=/home/ubuntu/rb3302_final_proj_code/robot_ws/install/yesense_interface/lib/python3.12/site-packages:/home/ubuntu/rb3302_final_proj_code/robot_ws/build/waverover_base:/home/ubuntu/rb3302_final_proj_code/robot_ws/install/waverover_base/lib/python3.12/site-packages:${PYTHONPATH} /usr/bin/cmake --install /home/ubuntu/rb3302_final_proj_code/robot_ws/build/robot_init
[85.047s] Level 1:colcon.colcon_core.environment:checking '/home/ubuntu/rb3302_final_proj_code/robot_ws/install/robot_init' for CMake config files
[85.049s] Level 1:colcon.colcon_core.shell:create_environment_hook('robot_init', 'cmake_prefix_path')
[85.051s] INFO:colcon.colcon_core.shell:Creating environment hook '/home/ubuntu/rb3302_final_proj_code/robot_ws/install/robot_init/share/robot_init/hook/cmake_prefix_path.ps1'
[85.055s] INFO:colcon.colcon_core.shell:Creating environment descriptor '/home/ubuntu/rb3302_final_proj_code/robot_ws/install/robot_init/share/robot_init/hook/cmake_prefix_path.dsv'
[85.058s] INFO:colcon.colcon_core.shell:Creating environment hook '/home/ubuntu/rb3302_final_proj_code/robot_ws/install/robot_init/share/robot_init/hook/cmake_prefix_path.sh'
[85.063s] Level 1:colcon.colcon_core.environment:checking '/home/ubuntu/rb3302_final_proj_code/robot_ws/install/robot_init/bin'
[85.064s] Level 1:colcon.colcon_core.environment:checking '/home/ubuntu/rb3302_final_proj_code/robot_ws/install/robot_init/lib/pkgconfig/robot_init.pc'
[85.067s] Level 1:colcon.colcon_core.environment:checking '/home/ubuntu/rb3302_final_proj_code/robot_ws/install/robot_init/lib/python3.12/site-packages'
[85.071s] Level 1:colcon.colcon_core.environment:checking '/home/ubuntu/rb3302_final_proj_code/robot_ws/install/robot_init/bin'
[85.074s] INFO:colcon.colcon_core.shell:Creating package script '/home/ubuntu/rb3302_final_proj_code/robot_ws/install/robot_init/share/robot_init/package.ps1'
[85.078s] INFO:colcon.colcon_core.shell:Creating package descriptor '/home/ubuntu/rb3302_final_proj_code/robot_ws/install/robot_init/share/robot_init/package.dsv'
[85.081s] INFO:colcon.colcon_core.shell:Creating package script '/home/ubuntu/rb3302_final_proj_code/robot_ws/install/robot_init/share/robot_init/package.sh'
[85.083s] INFO:colcon.colcon_core.shell:Creating package script '/home/ubuntu/rb3302_final_proj_code/robot_ws/install/robot_init/share/robot_init/package.bash'
[85.085s] INFO:colcon.colcon_core.shell:Creating package script '/home/ubuntu/rb3302_final_proj_code/robot_ws/install/robot_init/share/robot_init/package.zsh'
[85.086s] Level 1:colcon.colcon_core.environment:create_file_with_runtime_dependencies(/home/ubuntu/rb3302_final_proj_code/robot_ws/install/robot_init/share/colcon-core/packages/robot_init)
[85.089s] Level 1:colcon.colcon_core.environment:create_environment_scripts_only(robot_init)
[85.090s] Level 1:colcon.colcon_core.environment:checking '/home/ubuntu/rb3302_final_proj_code/robot_ws/install/robot_init' for CMake module files
[85.094s] Level 1:colcon.colcon_core.environment:checking '/home/ubuntu/rb3302_final_proj_code/robot_ws/install/robot_init' for CMake config files
[85.095s] Level 1:colcon.colcon_core.shell:create_environment_hook('robot_init', 'cmake_prefix_path')
[85.096s] INFO:colcon.colcon_core.shell:Creating environment hook '/home/ubuntu/rb3302_final_proj_code/robot_ws/install/robot_init/share/robot_init/hook/cmake_prefix_path.ps1'
[85.100s] INFO:colcon.colcon_core.shell:Creating environment descriptor '/home/ubuntu/rb3302_final_proj_code/robot_ws/install/robot_init/share/robot_init/hook/cmake_prefix_path.dsv'
[85.102s] INFO:colcon.colcon_core.shell:Creating environment hook '/home/ubuntu/rb3302_final_proj_code/robot_ws/install/robot_init/share/robot_init/hook/cmake_prefix_path.sh'
[85.106s] Level 1:colcon.colcon_core.environment:checking '/home/ubuntu/rb3302_final_proj_code/robot_ws/install/robot_init/bin'
[85.106s] Level 1:colcon.colcon_core.environment:checking '/home/ubuntu/rb3302_final_proj_code/robot_ws/install/robot_init/lib/pkgconfig/robot_init.pc'
[85.108s] Level 1:colcon.colcon_core.environment:checking '/home/ubuntu/rb3302_final_proj_code/robot_ws/install/robot_init/lib/python3.12/site-packages'
[85.111s] Level 1:colcon.colcon_core.environment:checking '/home/ubuntu/rb3302_final_proj_code/robot_ws/install/robot_init/bin'
[85.112s] INFO:colcon.colcon_core.shell:Creating package script '/home/ubuntu/rb3302_final_proj_code/robot_ws/install/robot_init/share/robot_init/package.ps1'
[85.116s] INFO:colcon.colcon_core.shell:Creating package descriptor '/home/ubuntu/rb3302_final_proj_code/robot_ws/install/robot_init/share/robot_init/package.dsv'
[85.119s] INFO:colcon.colcon_core.shell:Creating package script '/home/ubuntu/rb3302_final_proj_code/robot_ws/install/robot_init/share/robot_init/package.sh'
[85.122s] INFO:colcon.colcon_core.shell:Creating package script '/home/ubuntu/rb3302_final_proj_code/robot_ws/install/robot_init/share/robot_init/package.bash'
[85.124s] INFO:colcon.colcon_core.shell:Creating package script '/home/ubuntu/rb3302_final_proj_code/robot_ws/install/robot_init/share/robot_init/package.zsh'
[85.126s] Level 1:colcon.colcon_core.environment:create_file_with_runtime_dependencies(/home/ubuntu/rb3302_final_proj_code/robot_ws/install/robot_init/share/colcon-core/packages/robot_init)
[85.128s] DEBUG:colcon.colcon_parallel_executor.executor.parallel:closing loop
[85.130s] DEBUG:colcon.colcon_parallel_executor.executor.parallel:loop closed
[85.131s] DEBUG:colcon.colcon_parallel_executor.executor.parallel:run_until_complete finished with '0'
[85.131s] DEBUG:colcon.colcon_core.event_reactor:joining thread
[85.137s] DEBUG:colcon.colcon_core.event_reactor:joined thread
[85.138s] INFO:colcon.colcon_core.shell:Creating prefix script '/home/ubuntu/rb3302_final_proj_code/robot_ws/install/local_setup.ps1'
[85.146s] INFO:colcon.colcon_core.shell:Creating prefix util module '/home/ubuntu/rb3302_final_proj_code/robot_ws/install/_local_setup_util_ps1.py'
[85.157s] INFO:colcon.colcon_core.shell:Creating prefix chain script '/home/ubuntu/rb3302_final_proj_code/robot_ws/install/setup.ps1'
[85.164s] INFO:colcon.colcon_core.shell:Creating prefix script '/home/ubuntu/rb3302_final_proj_code/robot_ws/install/local_setup.sh'
[85.168s] INFO:colcon.colcon_core.shell:Creating prefix util module '/home/ubuntu/rb3302_final_proj_code/robot_ws/install/_local_setup_util_sh.py'
[85.172s] INFO:colcon.colcon_core.shell:Creating prefix chain script '/home/ubuntu/rb3302_final_proj_code/robot_ws/install/setup.sh'
[85.178s] INFO:colcon.colcon_core.shell:Creating prefix script '/home/ubuntu/rb3302_final_proj_code/robot_ws/install/local_setup.bash'
[85.181s] INFO:colcon.colcon_core.shell:Creating prefix chain script '/home/ubuntu/rb3302_final_proj_code/robot_ws/install/setup.bash'
[85.187s] INFO:colcon.colcon_core.shell:Creating prefix script '/home/ubuntu/rb3302_final_proj_code/robot_ws/install/local_setup.zsh'
[85.190s] INFO:colcon.colcon_core.shell:Creating prefix chain script '/home/ubuntu/rb3302_final_proj_code/robot_ws/install/setup.zsh'
