[0.154s] DEBUG:colcon:Command line arguments: ['/usr/bin/colcon', 'build']
[0.154s] DEBUG:colcon:Parsed command line arguments: Namespace(log_base=None, log_level=None, verb_name='build', build_base='build', install_base='install', merge_install=False, symlink_install=False, test_result_base=None, continue_on_error=False, executor='parallel', parallel_workers=8, event_handlers=None, ignore_user_meta=False, metas=['./colcon.meta'], base_paths=['.'], packages_ignore=None, packages_ignore_regex=None, paths=None, packages_up_to=None, packages_up_to_regex=None, packages_above=None, packages_above_and_dependencies=None, packages_above_depth=None, packages_select_by_dep=None, packages_skip_by_dep=None, packages_skip_up_to=None, packages_select_build_failed=False, packages_skip_build_finished=False, packages_select_test_failures=False, packages_skip_test_passed=False, packages_select=None, packages_skip=None, packages_select_regex=None, packages_skip_regex=None, packages_start=None, packages_end=None, allow_overriding=[], cmake_args=None, cmake_target=None, cmake_target_skip_unavailable=False, cmake_clean_cache=False, cmake_clean_first=False, cmake_force_configure=False, ament_cmake_args=None, catkin_cmake_args=None, catkin_skip_building_tests=False, mixin_files=None, mixin=None, verb_parser=<colcon_mixin.mixin.mixin_argument.MixinArgumentDecorator object at 0xffffa8200290>, verb_extension=<colcon_core.verb.build.BuildVerb object at 0xffffa83b80e0>, main=<bound method BuildVerb.main of <colcon_core.verb.build.BuildVerb object at 0xffffa83b80e0>>, mixin_verb=('build',))
[0.209s] Level 1:colcon.colcon_core.package_discovery:discover_packages(colcon_meta) check parameters
[0.209s] Level 1:colcon.colcon_core.package_discovery:discover_packages(recursive) check parameters
[0.209s] Level 1:colcon.colcon_core.package_discovery:discover_packages(ignore) check parameters
[0.209s] Level 1:colcon.colcon_core.package_discovery:discover_packages(path) check parameters
[0.209s] Level 1:colcon.colcon_core.package_discovery:discover_packages(colcon_meta) discover
[0.209s] Level 1:colcon.colcon_core.package_discovery:discover_packages(recursive) discover
[0.209s] INFO:colcon.colcon_core.package_discovery:Crawling recursively for packages in '/home/ubuntu/rb3302_final_proj_code/robot_ws'
[0.209s] Level 1:colcon.colcon_core.package_identification:_identify(.) by extensions ['ignore', 'ignore_ament_install']
[0.210s] Level 1:colcon.colcon_core.package_identification:_identify(.) by extension 'ignore'
[0.210s] Level 1:colcon.colcon_core.package_identification:_identify(.) by extension 'ignore_ament_install'
[0.210s] Level 1:colcon.colcon_core.package_identification:_identify(.) by extensions ['colcon_pkg']
[0.210s] Level 1:colcon.colcon_core.package_identification:_identify(.) by extension 'colcon_pkg'
[0.210s] Level 1:colcon.colcon_core.package_identification:_identify(.) by extensions ['colcon_meta']
[0.210s] Level 1:colcon.colcon_core.package_identification:_identify(.) by extension 'colcon_meta'
[0.210s] Level 1:colcon.colcon_core.package_identification:_identify(.) by extensions ['ros']
[0.210s] Level 1:colcon.colcon_core.package_identification:_identify(.) by extension 'ros'
[0.248s] Level 1:colcon.colcon_core.package_identification:_identify(.) by extensions ['cmake', 'python']
[0.248s] Level 1:colcon.colcon_core.package_identification:_identify(.) by extension 'cmake'
[0.248s] Level 1:colcon.colcon_core.package_identification:_identify(.) by extension 'python'
[0.248s] Level 1:colcon.colcon_core.package_identification:_identify(.) by extensions ['python_setup_py']
[0.248s] Level 1:colcon.colcon_core.package_identification:_identify(.) by extension 'python_setup_py'
[0.248s] Level 1:colcon.colcon_core.package_identification:_identify(build) by extensions ['ignore', 'ignore_ament_install']
[0.248s] Level 1:colcon.colcon_core.package_identification:_identify(build) by extension 'ignore'
[0.248s] Level 1:colcon.colcon_core.package_identification:_identify(build) ignored
[0.249s] Level 1:colcon.colcon_core.package_identification:_identify(install) by extensions ['ignore', 'ignore_ament_install']
[0.249s] Level 1:colcon.colcon_core.package_identification:_identify(install) by extension 'ignore'
[0.249s] Level 1:colcon.colcon_core.package_identification:_identify(install) ignored
[0.249s] Level 1:colcon.colcon_core.package_identification:_identify(log) by extensions ['ignore', 'ignore_ament_install']
[0.249s] Level 1:colcon.colcon_core.package_identification:_identify(log) by extension 'ignore'
[0.249s] Level 1:colcon.colcon_core.package_identification:_identify(log) ignored
[0.249s] Level 1:colcon.colcon_core.package_identification:_identify(src) by extensions ['ignore', 'ignore_ament_install']
[0.249s] Level 1:colcon.colcon_core.package_identification:_identify(src) by extension 'ignore'
[0.250s] Level 1:colcon.colcon_core.package_identification:_identify(src) by extension 'ignore_ament_install'
[0.250s] Level 1:colcon.colcon_core.package_identification:_identify(src) by extensions ['colcon_pkg']
[0.250s] Level 1:colcon.colcon_core.package_identification:_identify(src) by extension 'colcon_pkg'
[0.250s] Level 1:colcon.colcon_core.package_identification:_identify(src) by extensions ['colcon_meta']
[0.250s] Level 1:colcon.colcon_core.package_identification:_identify(src) by extension 'colcon_meta'
[0.250s] Level 1:colcon.colcon_core.package_identification:_identify(src) by extensions ['ros']
[0.250s] Level 1:colcon.colcon_core.package_identification:_identify(src) by extension 'ros'
[0.250s] Level 1:colcon.colcon_core.package_identification:_identify(src) by extensions ['cmake', 'python']
[0.250s] Level 1:colcon.colcon_core.package_identification:_identify(src) by extension 'cmake'
[0.250s] Level 1:colcon.colcon_core.package_identification:_identify(src) by extension 'python'
[0.250s] Level 1:colcon.colcon_core.package_identification:_identify(src) by extensions ['python_setup_py']
[0.250s] Level 1:colcon.colcon_core.package_identification:_identify(src) by extension 'python_setup_py'
[0.250s] Level 1:colcon.colcon_core.package_identification:_identify(src/robot_init) by extensions ['ignore', 'ignore_ament_install']
[0.250s] Level 1:colcon.colcon_core.package_identification:_identify(src/robot_init) by extension 'ignore'
[0.251s] Level 1:colcon.colcon_core.package_identification:_identify(src/robot_init) by extension 'ignore_ament_install'
[0.251s] Level 1:colcon.colcon_core.package_identification:_identify(src/robot_init) by extensions ['colcon_pkg']
[0.251s] Level 1:colcon.colcon_core.package_identification:_identify(src/robot_init) by extension 'colcon_pkg'
[0.251s] Level 1:colcon.colcon_core.package_identification:_identify(src/robot_init) by extensions ['colcon_meta']
[0.251s] Level 1:colcon.colcon_core.package_identification:_identify(src/robot_init) by extension 'colcon_meta'
[0.251s] Level 1:colcon.colcon_core.package_identification:_identify(src/robot_init) by extensions ['ros']
[0.251s] Level 1:colcon.colcon_core.package_identification:_identify(src/robot_init) by extension 'ros'
[0.254s] DEBUG:colcon.colcon_core.package_identification:Package 'src/robot_init' with type 'ros.ament_cmake' and name 'robot_init'
[0.254s] Level 1:colcon.colcon_core.package_identification:_identify(src/robot_model) by extensions ['ignore', 'ignore_ament_install']
[0.254s] Level 1:colcon.colcon_core.package_identification:_identify(src/robot_model) by extension 'ignore'
[0.254s] Level 1:colcon.colcon_core.package_identification:_identify(src/robot_model) by extension 'ignore_ament_install'
[0.255s] Level 1:colcon.colcon_core.package_identification:_identify(src/robot_model) by extensions ['colcon_pkg']
[0.255s] Level 1:colcon.colcon_core.package_identification:_identify(src/robot_model) by extension 'colcon_pkg'
[0.255s] Level 1:colcon.colcon_core.package_identification:_identify(src/robot_model) by extensions ['colcon_meta']
[0.255s] Level 1:colcon.colcon_core.package_identification:_identify(src/robot_model) by extension 'colcon_meta'
[0.255s] Level 1:colcon.colcon_core.package_identification:_identify(src/robot_model) by extensions ['ros']
[0.255s] Level 1:colcon.colcon_core.package_identification:_identify(src/robot_model) by extension 'ros'
[0.256s] DEBUG:colcon.colcon_core.package_identification:Package 'src/robot_model' with type 'ros.ament_cmake' and name 'robot_model'
[0.256s] Level 1:colcon.colcon_core.package_identification:_identify(src/rplidar_ros) by extensions ['ignore', 'ignore_ament_install']
[0.256s] Level 1:colcon.colcon_core.package_identification:_identify(src/rplidar_ros) by extension 'ignore'
[0.256s] Level 1:colcon.colcon_core.package_identification:_identify(src/rplidar_ros) by extension 'ignore_ament_install'
[0.256s] Level 1:colcon.colcon_core.package_identification:_identify(src/rplidar_ros) by extensions ['colcon_pkg']
[0.256s] Level 1:colcon.colcon_core.package_identification:_identify(src/rplidar_ros) by extension 'colcon_pkg'
[0.256s] Level 1:colcon.colcon_core.package_identification:_identify(src/rplidar_ros) by extensions ['colcon_meta']
[0.256s] Level 1:colcon.colcon_core.package_identification:_identify(src/rplidar_ros) by extension 'colcon_meta'
[0.256s] Level 1:colcon.colcon_core.package_identification:_identify(src/rplidar_ros) by extensions ['ros']
[0.256s] Level 1:colcon.colcon_core.package_identification:_identify(src/rplidar_ros) by extension 'ros'
[0.257s] DEBUG:colcon.colcon_core.package_identification:Package 'src/rplidar_ros' with type 'ros.ament_cmake' and name 'rplidar_ros'
[0.257s] Level 1:colcon.colcon_core.package_identification:_identify(src/serial) by extensions ['ignore', 'ignore_ament_install']
[0.257s] Level 1:colcon.colcon_core.package_identification:_identify(src/serial) by extension 'ignore'
[0.257s] Level 1:colcon.colcon_core.package_identification:_identify(src/serial) by extension 'ignore_ament_install'
[0.257s] Level 1:colcon.colcon_core.package_identification:_identify(src/serial) by extensions ['colcon_pkg']
[0.257s] Level 1:colcon.colcon_core.package_identification:_identify(src/serial) by extension 'colcon_pkg'
[0.257s] Level 1:colcon.colcon_core.package_identification:_identify(src/serial) by extensions ['colcon_meta']
[0.257s] Level 1:colcon.colcon_core.package_identification:_identify(src/serial) by extension 'colcon_meta'
[0.257s] Level 1:colcon.colcon_core.package_identification:_identify(src/serial) by extensions ['ros']
[0.257s] Level 1:colcon.colcon_core.package_identification:_identify(src/serial) by extension 'ros'
[0.258s] DEBUG:colcon.colcon_core.package_identification:Package 'src/serial' with type 'ros.ament_cmake' and name 'serial'
[0.258s] Level 1:colcon.colcon_core.package_identification:_identify(src/waverover_base) by extensions ['ignore', 'ignore_ament_install']
[0.258s] Level 1:colcon.colcon_core.package_identification:_identify(src/waverover_base) by extension 'ignore'
[0.259s] Level 1:colcon.colcon_core.package_identification:_identify(src/waverover_base) by extension 'ignore_ament_install'
[0.259s] Level 1:colcon.colcon_core.package_identification:_identify(src/waverover_base) by extensions ['colcon_pkg']
[0.259s] Level 1:colcon.colcon_core.package_identification:_identify(src/waverover_base) by extension 'colcon_pkg'
[0.259s] Level 1:colcon.colcon_core.package_identification:_identify(src/waverover_base) by extensions ['colcon_meta']
[0.259s] Level 1:colcon.colcon_core.package_identification:_identify(src/waverover_base) by extension 'colcon_meta'
[0.259s] Level 1:colcon.colcon_core.package_identification:_identify(src/waverover_base) by extensions ['ros']
[0.259s] Level 1:colcon.colcon_core.package_identification:_identify(src/waverover_base) by extension 'ros'
[0.260s] DEBUG:colcon.colcon_core.package_identification:Package 'src/waverover_base' with type 'ros.ament_python' and name 'waverover_base'
[0.260s] Level 1:colcon.colcon_core.package_identification:_identify(src/yesense_interface) by extensions ['ignore', 'ignore_ament_install']
[0.260s] Level 1:colcon.colcon_core.package_identification:_identify(src/yesense_interface) by extension 'ignore'
[0.260s] Level 1:colcon.colcon_core.package_identification:_identify(src/yesense_interface) by extension 'ignore_ament_install'
[0.260s] Level 1:colcon.colcon_core.package_identification:_identify(src/yesense_interface) by extensions ['colcon_pkg']
[0.260s] Level 1:colcon.colcon_core.package_identification:_identify(src/yesense_interface) by extension 'colcon_pkg'
[0.260s] Level 1:colcon.colcon_core.package_identification:_identify(src/yesense_interface) by extensions ['colcon_meta']
[0.260s] Level 1:colcon.colcon_core.package_identification:_identify(src/yesense_interface) by extension 'colcon_meta'
[0.260s] Level 1:colcon.colcon_core.package_identification:_identify(src/yesense_interface) by extensions ['ros']
[0.260s] Level 1:colcon.colcon_core.package_identification:_identify(src/yesense_interface) by extension 'ros'
[0.261s] DEBUG:colcon.colcon_core.package_identification:Package 'src/yesense_interface' with type 'ros.ament_cmake' and name 'yesense_interface'
[0.261s] Level 1:colcon.colcon_core.package_identification:_identify(src/yesense_std_ros2) by extensions ['ignore', 'ignore_ament_install']
[0.261s] Level 1:colcon.colcon_core.package_identification:_identify(src/yesense_std_ros2) by extension 'ignore'
[0.261s] Level 1:colcon.colcon_core.package_identification:_identify(src/yesense_std_ros2) by extension 'ignore_ament_install'
[0.261s] Level 1:colcon.colcon_core.package_identification:_identify(src/yesense_std_ros2) by extensions ['colcon_pkg']
[0.261s] Level 1:colcon.colcon_core.package_identification:_identify(src/yesense_std_ros2) by extension 'colcon_pkg'
[0.262s] Level 1:colcon.colcon_core.package_identification:_identify(src/yesense_std_ros2) by extensions ['colcon_meta']
[0.262s] Level 1:colcon.colcon_core.package_identification:_identify(src/yesense_std_ros2) by extension 'colcon_meta'
[0.262s] Level 1:colcon.colcon_core.package_identification:_identify(src/yesense_std_ros2) by extensions ['ros']
[0.262s] Level 1:colcon.colcon_core.package_identification:_identify(src/yesense_std_ros2) by extension 'ros'
[0.263s] DEBUG:colcon.colcon_core.package_identification:Package 'src/yesense_std_ros2' with type 'ros.ament_cmake' and name 'yesense_std_ros2'
[0.263s] Level 1:colcon.colcon_core.package_discovery:discover_packages(recursive) using defaults
[0.263s] Level 1:colcon.colcon_core.package_discovery:discover_packages(ignore) discover
[0.263s] Level 1:colcon.colcon_core.package_discovery:discover_packages(ignore) using defaults
[0.263s] Level 1:colcon.colcon_core.package_discovery:discover_packages(path) discover
[0.263s] Level 1:colcon.colcon_core.package_discovery:discover_packages(path) using defaults
[0.289s] Level 1:colcon.colcon_core.package_discovery:discover_packages(prefix_path) check parameters
[0.289s] Level 1:colcon.colcon_core.package_discovery:discover_packages(prefix_path) discover
[0.292s] DEBUG:colcon.colcon_installed_package_information.package_discovery:Found 7 installed packages in /home/ubuntu/rb3302_final_proj_code/robot_ws/install
[0.295s] DEBUG:colcon.colcon_installed_package_information.package_discovery:Found 386 installed packages in /opt/ros/jazzy
[0.297s] Level 1:colcon.colcon_core.package_discovery:discover_packages(prefix_path) using defaults
[0.379s] Level 5:colcon.colcon_core.verb:set package 'robot_model' build argument 'cmake_args' from command line to 'None'
[0.379s] Level 5:colcon.colcon_core.verb:set package 'robot_model' build argument 'cmake_target' from command line to 'None'
[0.379s] Level 5:colcon.colcon_core.verb:set package 'robot_model' build argument 'cmake_target_skip_unavailable' from command line to 'False'
[0.379s] Level 5:colcon.colcon_core.verb:set package 'robot_model' build argument 'cmake_clean_cache' from command line to 'False'
[0.379s] Level 5:colcon.colcon_core.verb:set package 'robot_model' build argument 'cmake_clean_first' from command line to 'False'
[0.379s] Level 5:colcon.colcon_core.verb:set package 'robot_model' build argument 'cmake_force_configure' from command line to 'False'
[0.379s] Level 5:colcon.colcon_core.verb:set package 'robot_model' build argument 'ament_cmake_args' from command line to 'None'
[0.379s] Level 5:colcon.colcon_core.verb:set package 'robot_model' build argument 'catkin_cmake_args' from command line to 'None'
[0.379s] Level 5:colcon.colcon_core.verb:set package 'robot_model' build argument 'catkin_skip_building_tests' from command line to 'False'
[0.379s] DEBUG:colcon.colcon_core.verb:Building package 'robot_model' with the following arguments: {'ament_cmake_args': None, 'build_base': '/home/ubuntu/rb3302_final_proj_code/robot_ws/build/robot_model', 'catkin_cmake_args': None, 'catkin_skip_building_tests': False, 'cmake_args': None, 'cmake_clean_cache': False, 'cmake_clean_first': False, 'cmake_force_configure': False, 'cmake_target': None, 'cmake_target_skip_unavailable': False, 'install_base': '/home/ubuntu/rb3302_final_proj_code/robot_ws/install/robot_model', 'merge_install': False, 'path': '/home/ubuntu/rb3302_final_proj_code/robot_ws/src/robot_model', 'symlink_install': False, 'test_result_base': None}
[0.379s] Level 5:colcon.colcon_core.verb:set package 'rplidar_ros' build argument 'cmake_args' from command line to 'None'
[0.379s] Level 5:colcon.colcon_core.verb:set package 'rplidar_ros' build argument 'cmake_target' from command line to 'None'
[0.379s] Level 5:colcon.colcon_core.verb:set package 'rplidar_ros' build argument 'cmake_target_skip_unavailable' from command line to 'False'
[0.380s] Level 5:colcon.colcon_core.verb:set package 'rplidar_ros' build argument 'cmake_clean_cache' from command line to 'False'
[0.380s] Level 5:colcon.colcon_core.verb:set package 'rplidar_ros' build argument 'cmake_clean_first' from command line to 'False'
[0.380s] Level 5:colcon.colcon_core.verb:set package 'rplidar_ros' build argument 'cmake_force_configure' from command line to 'False'
[0.380s] Level 5:colcon.colcon_core.verb:set package 'rplidar_ros' build argument 'ament_cmake_args' from command line to 'None'
[0.380s] Level 5:colcon.colcon_core.verb:set package 'rplidar_ros' build argument 'catkin_cmake_args' from command line to 'None'
[0.380s] Level 5:colcon.colcon_core.verb:set package 'rplidar_ros' build argument 'catkin_skip_building_tests' from command line to 'False'
[0.380s] DEBUG:colcon.colcon_core.verb:Building package 'rplidar_ros' with the following arguments: {'ament_cmake_args': None, 'build_base': '/home/ubuntu/rb3302_final_proj_code/robot_ws/build/rplidar_ros', 'catkin_cmake_args': None, 'catkin_skip_building_tests': False, 'cmake_args': None, 'cmake_clean_cache': False, 'cmake_clean_first': False, 'cmake_force_configure': False, 'cmake_target': None, 'cmake_target_skip_unavailable': False, 'install_base': '/home/ubuntu/rb3302_final_proj_code/robot_ws/install/rplidar_ros', 'merge_install': False, 'path': '/home/ubuntu/rb3302_final_proj_code/robot_ws/src/rplidar_ros', 'symlink_install': False, 'test_result_base': None}
[0.380s] Level 5:colcon.colcon_core.verb:set package 'serial' build argument 'cmake_args' from command line to 'None'
[0.380s] Level 5:colcon.colcon_core.verb:set package 'serial' build argument 'cmake_target' from command line to 'None'
[0.380s] Level 5:colcon.colcon_core.verb:set package 'serial' build argument 'cmake_target_skip_unavailable' from command line to 'False'
[0.380s] Level 5:colcon.colcon_core.verb:set package 'serial' build argument 'cmake_clean_cache' from command line to 'False'
[0.380s] Level 5:colcon.colcon_core.verb:set package 'serial' build argument 'cmake_clean_first' from command line to 'False'
[0.380s] Level 5:colcon.colcon_core.verb:set package 'serial' build argument 'cmake_force_configure' from command line to 'False'
[0.380s] Level 5:colcon.colcon_core.verb:set package 'serial' build argument 'ament_cmake_args' from command line to 'None'
[0.380s] Level 5:colcon.colcon_core.verb:set package 'serial' build argument 'catkin_cmake_args' from command line to 'None'
[0.380s] Level 5:colcon.colcon_core.verb:set package 'serial' build argument 'catkin_skip_building_tests' from command line to 'False'
[0.380s] DEBUG:colcon.colcon_core.verb:Building package 'serial' with the following arguments: {'ament_cmake_args': None, 'build_base': '/home/ubuntu/rb3302_final_proj_code/robot_ws/build/serial', 'catkin_cmake_args': None, 'catkin_skip_building_tests': False, 'cmake_args': None, 'cmake_clean_cache': False, 'cmake_clean_first': False, 'cmake_force_configure': False, 'cmake_target': None, 'cmake_target_skip_unavailable': False, 'install_base': '/home/ubuntu/rb3302_final_proj_code/robot_ws/install/serial', 'merge_install': False, 'path': '/home/ubuntu/rb3302_final_proj_code/robot_ws/src/serial', 'symlink_install': False, 'test_result_base': None}
[0.381s] Level 5:colcon.colcon_core.verb:set package 'waverover_base' build argument 'cmake_args' from command line to 'None'
[0.381s] Level 5:colcon.colcon_core.verb:set package 'waverover_base' build argument 'cmake_target' from command line to 'None'
[0.381s] Level 5:colcon.colcon_core.verb:set package 'waverover_base' build argument 'cmake_target_skip_unavailable' from command line to 'False'
[0.381s] Level 5:colcon.colcon_core.verb:set package 'waverover_base' build argument 'cmake_clean_cache' from command line to 'False'
[0.381s] Level 5:colcon.colcon_core.verb:set package 'waverover_base' build argument 'cmake_clean_first' from command line to 'False'
[0.381s] Level 5:colcon.colcon_core.verb:set package 'waverover_base' build argument 'cmake_force_configure' from command line to 'False'
[0.381s] Level 5:colcon.colcon_core.verb:set package 'waverover_base' build argument 'ament_cmake_args' from command line to 'None'
[0.381s] Level 5:colcon.colcon_core.verb:set package 'waverover_base' build argument 'catkin_cmake_args' from command line to 'None'
[0.381s] Level 5:colcon.colcon_core.verb:set package 'waverover_base' build argument 'catkin_skip_building_tests' from command line to 'False'
[0.381s] DEBUG:colcon.colcon_core.verb:Building package 'waverover_base' with the following arguments: {'ament_cmake_args': None, 'build_base': '/home/ubuntu/rb3302_final_proj_code/robot_ws/build/waverover_base', 'catkin_cmake_args': None, 'catkin_skip_building_tests': False, 'cmake_args': None, 'cmake_clean_cache': False, 'cmake_clean_first': False, 'cmake_force_configure': False, 'cmake_target': None, 'cmake_target_skip_unavailable': False, 'install_base': '/home/ubuntu/rb3302_final_proj_code/robot_ws/install/waverover_base', 'merge_install': False, 'path': '/home/ubuntu/rb3302_final_proj_code/robot_ws/src/waverover_base', 'symlink_install': False, 'test_result_base': None}
[0.381s] Level 5:colcon.colcon_core.verb:set package 'yesense_interface' build argument 'cmake_args' from command line to 'None'
[0.381s] Level 5:colcon.colcon_core.verb:set package 'yesense_interface' build argument 'cmake_target' from command line to 'None'
[0.381s] Level 5:colcon.colcon_core.verb:set package 'yesense_interface' build argument 'cmake_target_skip_unavailable' from command line to 'False'
[0.381s] Level 5:colcon.colcon_core.verb:set package 'yesense_interface' build argument 'cmake_clean_cache' from command line to 'False'
[0.381s] Level 5:colcon.colcon_core.verb:set package 'yesense_interface' build argument 'cmake_clean_first' from command line to 'False'
[0.381s] Level 5:colcon.colcon_core.verb:set package 'yesense_interface' build argument 'cmake_force_configure' from command line to 'False'
[0.381s] Level 5:colcon.colcon_core.verb:set package 'yesense_interface' build argument 'ament_cmake_args' from command line to 'None'
[0.381s] Level 5:colcon.colcon_core.verb:set package 'yesense_interface' build argument 'catkin_cmake_args' from command line to 'None'
[0.381s] Level 5:colcon.colcon_core.verb:set package 'yesense_interface' build argument 'catkin_skip_building_tests' from command line to 'False'
[0.381s] DEBUG:colcon.colcon_core.verb:Building package 'yesense_interface' with the following arguments: {'ament_cmake_args': None, 'build_base': '/home/ubuntu/rb3302_final_proj_code/robot_ws/build/yesense_interface', 'catkin_cmake_args': None, 'catkin_skip_building_tests': False, 'cmake_args': None, 'cmake_clean_cache': False, 'cmake_clean_first': False, 'cmake_force_configure': False, 'cmake_target': None, 'cmake_target_skip_unavailable': False, 'install_base': '/home/ubuntu/rb3302_final_proj_code/robot_ws/install/yesense_interface', 'merge_install': False, 'path': '/home/ubuntu/rb3302_final_proj_code/robot_ws/src/yesense_interface', 'symlink_install': False, 'test_result_base': None}
[0.382s] Level 5:colcon.colcon_core.verb:set package 'yesense_std_ros2' build argument 'cmake_args' from command line to 'None'
[0.382s] Level 5:colcon.colcon_core.verb:set package 'yesense_std_ros2' build argument 'cmake_target' from command line to 'None'
[0.382s] Level 5:colcon.colcon_core.verb:set package 'yesense_std_ros2' build argument 'cmake_target_skip_unavailable' from command line to 'False'
[0.382s] Level 5:colcon.colcon_core.verb:set package 'yesense_std_ros2' build argument 'cmake_clean_cache' from command line to 'False'
[0.382s] Level 5:colcon.colcon_core.verb:set package 'yesense_std_ros2' build argument 'cmake_clean_first' from command line to 'False'
[0.382s] Level 5:colcon.colcon_core.verb:set package 'yesense_std_ros2' build argument 'cmake_force_configure' from command line to 'False'
[0.382s] Level 5:colcon.colcon_core.verb:set package 'yesense_std_ros2' build argument 'ament_cmake_args' from command line to 'None'
[0.382s] Level 5:colcon.colcon_core.verb:set package 'yesense_std_ros2' build argument 'catkin_cmake_args' from command line to 'None'
[0.382s] Level 5:colcon.colcon_core.verb:set package 'yesense_std_ros2' build argument 'catkin_skip_building_tests' from command line to 'False'
[0.382s] DEBUG:colcon.colcon_core.verb:Building package 'yesense_std_ros2' with the following arguments: {'ament_cmake_args': None, 'build_base': '/home/ubuntu/rb3302_final_proj_code/robot_ws/build/yesense_std_ros2', 'catkin_cmake_args': None, 'catkin_skip_building_tests': False, 'cmake_args': None, 'cmake_clean_cache': False, 'cmake_clean_first': False, 'cmake_force_configure': False, 'cmake_target': None, 'cmake_target_skip_unavailable': False, 'install_base': '/home/ubuntu/rb3302_final_proj_code/robot_ws/install/yesense_std_ros2', 'merge_install': False, 'path': '/home/ubuntu/rb3302_final_proj_code/robot_ws/src/yesense_std_ros2', 'symlink_install': False, 'test_result_base': None}
[0.382s] Level 5:colcon.colcon_core.verb:set package 'robot_init' build argument 'cmake_args' from command line to 'None'
[0.382s] Level 5:colcon.colcon_core.verb:set package 'robot_init' build argument 'cmake_target' from command line to 'None'
[0.382s] Level 5:colcon.colcon_core.verb:set package 'robot_init' build argument 'cmake_target_skip_unavailable' from command line to 'False'
[0.382s] Level 5:colcon.colcon_core.verb:set package 'robot_init' build argument 'cmake_clean_cache' from command line to 'False'
[0.382s] Level 5:colcon.colcon_core.verb:set package 'robot_init' build argument 'cmake_clean_first' from command line to 'False'
[0.382s] Level 5:colcon.colcon_core.verb:set package 'robot_init' build argument 'cmake_force_configure' from command line to 'False'
[0.382s] Level 5:colcon.colcon_core.verb:set package 'robot_init' build argument 'ament_cmake_args' from command line to 'None'
[0.382s] Level 5:colcon.colcon_core.verb:set package 'robot_init' build argument 'catkin_cmake_args' from command line to 'None'
[0.382s] Level 5:colcon.colcon_core.verb:set package 'robot_init' build argument 'catkin_skip_building_tests' from command line to 'False'
[0.382s] DEBUG:colcon.colcon_core.verb:Building package 'robot_init' with the following arguments: {'ament_cmake_args': None, 'build_base': '/home/ubuntu/rb3302_final_proj_code/robot_ws/build/robot_init', 'catkin_cmake_args': None, 'catkin_skip_building_tests': False, 'cmake_args': None, 'cmake_clean_cache': False, 'cmake_clean_first': False, 'cmake_force_configure': False, 'cmake_target': None, 'cmake_target_skip_unavailable': False, 'install_base': '/home/ubuntu/rb3302_final_proj_code/robot_ws/install/robot_init', 'merge_install': False, 'path': '/home/ubuntu/rb3302_final_proj_code/robot_ws/src/robot_init', 'symlink_install': False, 'test_result_base': None}
[0.383s] INFO:colcon.colcon_core.executor:Executing jobs using 'parallel' executor
[0.384s] DEBUG:colcon.colcon_parallel_executor.executor.parallel:run_until_complete
[0.384s] INFO:colcon.colcon_ros.task.ament_cmake.build:Building ROS package in '/home/ubuntu/rb3302_final_proj_code/robot_ws/src/serial' with build type 'ament_cmake'
[0.385s] INFO:colcon.colcon_cmake.task.cmake.build:Building CMake package in '/home/ubuntu/rb3302_final_proj_code/robot_ws/src/serial'
[0.389s] INFO:colcon.colcon_core.plugin_system:Skipping extension 'colcon_core.shell.bat': Not used on non-Windows systems
[0.389s] INFO:colcon.colcon_core.shell:Skip shell extension 'powershell' for command environment: Not usable outside of PowerShell
[0.389s] DEBUG:colcon.colcon_core.shell:Skip shell extension 'dsv' for command environment
[0.396s] INFO:colcon.colcon_ros.task.ament_cmake.build:Building ROS package in '/home/ubuntu/rb3302_final_proj_code/robot_ws/src/yesense_interface' with build type 'ament_cmake'
[0.396s] INFO:colcon.colcon_cmake.task.cmake.build:Building CMake package in '/home/ubuntu/rb3302_final_proj_code/robot_ws/src/yesense_interface'
[0.396s] INFO:colcon.colcon_core.shell:Skip shell extension 'powershell' for command environment: Not usable outside of PowerShell
[0.396s] DEBUG:colcon.colcon_core.shell:Skip shell extension 'dsv' for command environment
[0.401s] INFO:colcon.colcon_ros.task.ament_cmake.build:Building ROS package in '/home/ubuntu/rb3302_final_proj_code/robot_ws/src/robot_model' with build type 'ament_cmake'
[0.402s] INFO:colcon.colcon_cmake.task.cmake.build:Building CMake package in '/home/ubuntu/rb3302_final_proj_code/robot_ws/src/robot_model'
[0.402s] INFO:colcon.colcon_core.shell:Skip shell extension 'powershell' for command environment: Not usable outside of PowerShell
[0.402s] DEBUG:colcon.colcon_core.shell:Skip shell extension 'dsv' for command environment
[0.407s] INFO:colcon.colcon_ros.task.ament_cmake.build:Building ROS package in '/home/ubuntu/rb3302_final_proj_code/robot_ws/src/rplidar_ros' with build type 'ament_cmake'
[0.408s] INFO:colcon.colcon_cmake.task.cmake.build:Building CMake package in '/home/ubuntu/rb3302_final_proj_code/robot_ws/src/rplidar_ros'
[0.408s] INFO:colcon.colcon_core.shell:Skip shell extension 'powershell' for command environment: Not usable outside of PowerShell
[0.408s] DEBUG:colcon.colcon_core.shell:Skip shell extension 'dsv' for command environment
[0.413s] INFO:colcon.colcon_ros.task.ament_python.build:Building ROS package in '/home/ubuntu/rb3302_final_proj_code/robot_ws/src/waverover_base' with build type 'ament_python'
[0.414s] Level 1:colcon.colcon_core.shell:create_environment_hook('waverover_base', 'ament_prefix_path')
[0.414s] INFO:colcon.colcon_core.shell:Creating environment hook '/home/ubuntu/rb3302_final_proj_code/robot_ws/install/waverover_base/share/waverover_base/hook/ament_prefix_path.ps1'
[0.415s] INFO:colcon.colcon_core.shell:Creating environment descriptor '/home/ubuntu/rb3302_final_proj_code/robot_ws/install/waverover_base/share/waverover_base/hook/ament_prefix_path.dsv'
[0.416s] INFO:colcon.colcon_core.shell:Creating environment hook '/home/ubuntu/rb3302_final_proj_code/robot_ws/install/waverover_base/share/waverover_base/hook/ament_prefix_path.sh'
[0.416s] INFO:colcon.colcon_core.shell:Skip shell extension 'powershell' for command environment: Not usable outside of PowerShell
[0.416s] DEBUG:colcon.colcon_core.shell:Skip shell extension 'dsv' for command environment
[0.431s] DEBUG:colcon.colcon_core.event_handler.log_command:Invoking command in '/home/ubuntu/rb3302_final_proj_code/robot_ws/build/serial': CMAKE_PREFIX_PATH=${CMAKE_PREFIX_PATH}:/home/ubuntu/rb3302_final_proj_code/robot_ws/install/waverover_base:/opt/ros/jazzy /usr/bin/cmake /home/ubuntu/rb3302_final_proj_code/robot_ws/src/serial -DCMAKE_INSTALL_PREFIX=/home/ubuntu/rb3302_final_proj_code/robot_ws/install/serial
[0.435s] DEBUG:colcon.colcon_core.event_handler.log_command:Invoking command in '/home/ubuntu/rb3302_final_proj_code/robot_ws/build/yesense_interface': CMAKE_PREFIX_PATH=${CMAKE_PREFIX_PATH}:/home/ubuntu/rb3302_final_proj_code/robot_ws/install/waverover_base:/opt/ros/jazzy /usr/bin/cmake /home/ubuntu/rb3302_final_proj_code/robot_ws/src/yesense_interface -DCMAKE_INSTALL_PREFIX=/home/ubuntu/rb3302_final_proj_code/robot_ws/install/yesense_interface
[0.439s] DEBUG:colcon.colcon_core.event_handler.log_command:Invoking command in '/home/ubuntu/rb3302_final_proj_code/robot_ws/build/robot_model': CMAKE_PREFIX_PATH=${CMAKE_PREFIX_PATH}:/home/ubuntu/rb3302_final_proj_code/robot_ws/install/waverover_base:/opt/ros/jazzy /usr/bin/cmake /home/ubuntu/rb3302_final_proj_code/robot_ws/src/robot_model -DCMAKE_INSTALL_PREFIX=/home/ubuntu/rb3302_final_proj_code/robot_ws/install/robot_model
[0.445s] DEBUG:colcon.colcon_core.event_handler.log_command:Invoking command in '/home/ubuntu/rb3302_final_proj_code/robot_ws/build/rplidar_ros': CMAKE_PREFIX_PATH=${CMAKE_PREFIX_PATH}:/home/ubuntu/rb3302_final_proj_code/robot_ws/install/waverover_base:/opt/ros/jazzy /usr/bin/cmake /home/ubuntu/rb3302_final_proj_code/robot_ws/src/rplidar_ros -DCMAKE_INSTALL_PREFIX=/home/ubuntu/rb3302_final_proj_code/robot_ws/install/rplidar_ros
[0.899s] INFO:colcon.colcon_core.task.python.build:Building Python package in '/home/ubuntu/rb3302_final_proj_code/robot_ws/src/waverover_base'
[0.900s] INFO:colcon.colcon_core.shell:Skip shell extension 'powershell' for command environment: Not usable outside of PowerShell
[0.900s] DEBUG:colcon.colcon_core.shell:Skip shell extension 'dsv' for command environment
[1.316s] DEBUG:colcon.colcon_core.event_handler.log_command:Invoked command in '/home/ubuntu/rb3302_final_proj_code/robot_ws/build/robot_model' returned '0': CMAKE_PREFIX_PATH=${CMAKE_PREFIX_PATH}:/home/ubuntu/rb3302_final_proj_code/robot_ws/install/waverover_base:/opt/ros/jazzy /usr/bin/cmake /home/ubuntu/rb3302_final_proj_code/robot_ws/src/robot_model -DCMAKE_INSTALL_PREFIX=/home/ubuntu/rb3302_final_proj_code/robot_ws/install/robot_model
[1.316s] DEBUG:colcon.colcon_core.event_handler.log_command:Invoking command in '/home/ubuntu/rb3302_final_proj_code/robot_ws/build/robot_model': CMAKE_PREFIX_PATH=${CMAKE_PREFIX_PATH}:/home/ubuntu/rb3302_final_proj_code/robot_ws/install/waverover_base:/opt/ros/jazzy /usr/bin/cmake --build /home/ubuntu/rb3302_final_proj_code/robot_ws/build/robot_model -- -j8 -l8
[1.437s] DEBUG:colcon.colcon_core.event_handler.log_command:Invoked command in '/home/ubuntu/rb3302_final_proj_code/robot_ws/build/serial' returned '0': CMAKE_PREFIX_PATH=${CMAKE_PREFIX_PATH}:/home/ubuntu/rb3302_final_proj_code/robot_ws/install/waverover_base:/opt/ros/jazzy /usr/bin/cmake /home/ubuntu/rb3302_final_proj_code/robot_ws/src/serial -DCMAKE_INSTALL_PREFIX=/home/ubuntu/rb3302_final_proj_code/robot_ws/install/serial
[1.442s] DEBUG:colcon.colcon_core.event_handler.log_command:Invoking command in '/home/ubuntu/rb3302_final_proj_code/robot_ws/build/serial': CMAKE_PREFIX_PATH=${CMAKE_PREFIX_PATH}:/home/ubuntu/rb3302_final_proj_code/robot_ws/install/waverover_base:/opt/ros/jazzy /usr/bin/cmake --build /home/ubuntu/rb3302_final_proj_code/robot_ws/build/serial -- -j8 -l8
[2.099s] DEBUG:colcon.colcon_core.task.python.build:Available setuptools commands: build_py, upload_docs, build_ext, rotate, install_scripts, setopt, easy_install, egg_info, bdist_egg, develop, build, register, install, init_catalog, bdist_wheel, update_catalog, bdist, upload, compile_catalog, clean, bdist_dumb, test, editable_wheel, build_clib, install_headers, install_data, extract_messages, install_egg_info, dist_info, saveopts, build_scripts, install_lib, sdist, alias, bdist_rpm, check, symlink_data
[2.108s] DEBUG:colcon.colcon_core.event_handler.log_command:Invoking command in '/home/ubuntu/rb3302_final_proj_code/robot_ws/build/waverover_base': PYTHONPATH=/home/ubuntu/rb3302_final_proj_code/robot_ws/build/waverover_base/prefix_override:/usr/lib/python3/dist-packages/colcon_core/task/python/colcon_distutils_commands:/home/ubuntu/rb3302_final_proj_code/robot_ws/install/waverover_base/lib/python3.12/site-packages:${PYTHONPATH} /usr/bin/python3 -W ignore:setup.py install is deprecated -W ignore:easy_install command is deprecated setup.py develop --uninstall --editable --build-directory /home/ubuntu/rb3302_final_proj_code/robot_ws/build/waverover_base/build
[2.142s] DEBUG:colcon.colcon_core.event_handler.log_command:Invoked command in '/home/ubuntu/rb3302_final_proj_code/robot_ws/build/rplidar_ros' returned '0': CMAKE_PREFIX_PATH=${CMAKE_PREFIX_PATH}:/home/ubuntu/rb3302_final_proj_code/robot_ws/install/waverover_base:/opt/ros/jazzy /usr/bin/cmake /home/ubuntu/rb3302_final_proj_code/robot_ws/src/rplidar_ros -DCMAKE_INSTALL_PREFIX=/home/ubuntu/rb3302_final_proj_code/robot_ws/install/rplidar_ros
[2.147s] DEBUG:colcon.colcon_core.event_handler.log_command:Invoking command in '/home/ubuntu/rb3302_final_proj_code/robot_ws/build/rplidar_ros': CMAKE_PREFIX_PATH=${CMAKE_PREFIX_PATH}:/home/ubuntu/rb3302_final_proj_code/robot_ws/install/waverover_base:/opt/ros/jazzy /usr/bin/cmake --build /home/ubuntu/rb3302_final_proj_code/robot_ws/build/rplidar_ros -- -j8 -l8
[2.310s] DEBUG:colcon.colcon_core.event_handler.log_command:Invoked command in '/home/ubuntu/rb3302_final_proj_code/robot_ws/build/robot_model' returned '0': CMAKE_PREFIX_PATH=${CMAKE_PREFIX_PATH}:/home/ubuntu/rb3302_final_proj_code/robot_ws/install/waverover_base:/opt/ros/jazzy /usr/bin/cmake --build /home/ubuntu/rb3302_final_proj_code/robot_ws/build/robot_model -- -j8 -l8
[2.351s] DEBUG:colcon.colcon_core.event_handler.log_command:Invoking command in '/home/ubuntu/rb3302_final_proj_code/robot_ws/build/robot_model': CMAKE_PREFIX_PATH=${CMAKE_PREFIX_PATH}:/home/ubuntu/rb3302_final_proj_code/robot_ws/install/waverover_base:/opt/ros/jazzy /usr/bin/cmake --install /home/ubuntu/rb3302_final_proj_code/robot_ws/build/robot_model
[2.415s] Level 1:colcon.colcon_core.environment:create_environment_scripts_only(robot_model)
[2.417s] DEBUG:colcon.colcon_core.event_handler.log_command:Invoked command in '/home/ubuntu/rb3302_final_proj_code/robot_ws/build/robot_model' returned '0': CMAKE_PREFIX_PATH=${CMAKE_PREFIX_PATH}:/home/ubuntu/rb3302_final_proj_code/robot_ws/install/waverover_base:/opt/ros/jazzy /usr/bin/cmake --install /home/ubuntu/rb3302_final_proj_code/robot_ws/build/robot_model
[2.431s] Level 1:colcon.colcon_core.environment:checking '/home/ubuntu/rb3302_final_proj_code/robot_ws/install/robot_model' for CMake module files
[2.435s] Level 1:colcon.colcon_core.environment:checking '/home/ubuntu/rb3302_final_proj_code/robot_ws/install/robot_model' for CMake config files
[2.439s] Level 1:colcon.colcon_core.shell:create_environment_hook('robot_model', 'cmake_prefix_path')
[2.440s] INFO:colcon.colcon_core.shell:Creating environment hook '/home/ubuntu/rb3302_final_proj_code/robot_ws/install/robot_model/share/robot_model/hook/cmake_prefix_path.ps1'
[2.443s] INFO:colcon.colcon_core.shell:Creating environment descriptor '/home/ubuntu/rb3302_final_proj_code/robot_ws/install/robot_model/share/robot_model/hook/cmake_prefix_path.dsv'
[2.446s] INFO:colcon.colcon_core.shell:Creating environment hook '/home/ubuntu/rb3302_final_proj_code/robot_ws/install/robot_model/share/robot_model/hook/cmake_prefix_path.sh'
[2.451s] Level 1:colcon.colcon_core.environment:checking '/home/ubuntu/rb3302_final_proj_code/robot_ws/install/robot_model/bin'
[2.451s] Level 1:colcon.colcon_core.environment:checking '/home/ubuntu/rb3302_final_proj_code/robot_ws/install/robot_model/lib/pkgconfig/robot_model.pc'
[2.453s] Level 1:colcon.colcon_core.environment:checking '/home/ubuntu/rb3302_final_proj_code/robot_ws/install/robot_model/lib/python3.12/site-packages'
[2.455s] Level 1:colcon.colcon_core.environment:checking '/home/ubuntu/rb3302_final_proj_code/robot_ws/install/robot_model/bin'
[2.456s] INFO:colcon.colcon_core.shell:Creating package script '/home/ubuntu/rb3302_final_proj_code/robot_ws/install/robot_model/share/robot_model/package.ps1'
[2.462s] INFO:colcon.colcon_core.shell:Creating package descriptor '/home/ubuntu/rb3302_final_proj_code/robot_ws/install/robot_model/share/robot_model/package.dsv'
[2.465s] INFO:colcon.colcon_core.shell:Creating package script '/home/ubuntu/rb3302_final_proj_code/robot_ws/install/robot_model/share/robot_model/package.sh'
[2.469s] INFO:colcon.colcon_core.shell:Creating package script '/home/ubuntu/rb3302_final_proj_code/robot_ws/install/robot_model/share/robot_model/package.bash'
[2.473s] INFO:colcon.colcon_core.shell:Creating package script '/home/ubuntu/rb3302_final_proj_code/robot_ws/install/robot_model/share/robot_model/package.zsh'
[2.476s] Level 1:colcon.colcon_core.environment:create_file_with_runtime_dependencies(/home/ubuntu/rb3302_final_proj_code/robot_ws/install/robot_model/share/colcon-core/packages/robot_model)
[2.478s] Level 1:colcon.colcon_core.environment:create_environment_scripts_only(robot_model)
[2.479s] Level 1:colcon.colcon_core.environment:checking '/home/ubuntu/rb3302_final_proj_code/robot_ws/install/robot_model' for CMake module files
[2.480s] Level 1:colcon.colcon_core.environment:checking '/home/ubuntu/rb3302_final_proj_code/robot_ws/install/robot_model' for CMake config files
[2.480s] Level 1:colcon.colcon_core.shell:create_environment_hook('robot_model', 'cmake_prefix_path')
[2.480s] INFO:colcon.colcon_core.shell:Creating environment hook '/home/ubuntu/rb3302_final_proj_code/robot_ws/install/robot_model/share/robot_model/hook/cmake_prefix_path.ps1'
[2.481s] INFO:colcon.colcon_core.shell:Creating environment descriptor '/home/ubuntu/rb3302_final_proj_code/robot_ws/install/robot_model/share/robot_model/hook/cmake_prefix_path.dsv'
[2.482s] INFO:colcon.colcon_core.shell:Creating environment hook '/home/ubuntu/rb3302_final_proj_code/robot_ws/install/robot_model/share/robot_model/hook/cmake_prefix_path.sh'
[2.484s] Level 1:colcon.colcon_core.environment:checking '/home/ubuntu/rb3302_final_proj_code/robot_ws/install/robot_model/bin'
[2.484s] Level 1:colcon.colcon_core.environment:checking '/home/ubuntu/rb3302_final_proj_code/robot_ws/install/robot_model/lib/pkgconfig/robot_model.pc'
[2.484s] Level 1:colcon.colcon_core.environment:checking '/home/ubuntu/rb3302_final_proj_code/robot_ws/install/robot_model/lib/python3.12/site-packages'
[2.485s] Level 1:colcon.colcon_core.environment:checking '/home/ubuntu/rb3302_final_proj_code/robot_ws/install/robot_model/bin'
[2.485s] INFO:colcon.colcon_core.shell:Creating package script '/home/ubuntu/rb3302_final_proj_code/robot_ws/install/robot_model/share/robot_model/package.ps1'
[2.487s] INFO:colcon.colcon_core.shell:Creating package descriptor '/home/ubuntu/rb3302_final_proj_code/robot_ws/install/robot_model/share/robot_model/package.dsv'
[2.490s] INFO:colcon.colcon_core.shell:Creating package script '/home/ubuntu/rb3302_final_proj_code/robot_ws/install/robot_model/share/robot_model/package.sh'
[2.493s] INFO:colcon.colcon_core.shell:Creating package script '/home/ubuntu/rb3302_final_proj_code/robot_ws/install/robot_model/share/robot_model/package.bash'
[2.496s] INFO:colcon.colcon_core.shell:Creating package script '/home/ubuntu/rb3302_final_proj_code/robot_ws/install/robot_model/share/robot_model/package.zsh'
[2.499s] Level 1:colcon.colcon_core.environment:create_file_with_runtime_dependencies(/home/ubuntu/rb3302_final_proj_code/robot_ws/install/robot_model/share/colcon-core/packages/robot_model)
[2.562s] DEBUG:colcon.colcon_core.event_handler.log_command:Invoked command in '/home/ubuntu/rb3302_final_proj_code/robot_ws/build/serial' returned '0': CMAKE_PREFIX_PATH=${CMAKE_PREFIX_PATH}:/home/ubuntu/rb3302_final_proj_code/robot_ws/install/waverover_base:/opt/ros/jazzy /usr/bin/cmake --build /home/ubuntu/rb3302_final_proj_code/robot_ws/build/serial -- -j8 -l8
[2.566s] DEBUG:colcon.colcon_core.event_handler.log_command:Invoking command in '/home/ubuntu/rb3302_final_proj_code/robot_ws/build/serial': CMAKE_PREFIX_PATH=${CMAKE_PREFIX_PATH}:/home/ubuntu/rb3302_final_proj_code/robot_ws/install/waverover_base:/opt/ros/jazzy /usr/bin/cmake --install /home/ubuntu/rb3302_final_proj_code/robot_ws/build/serial
[2.642s] Level 1:colcon.colcon_core.environment:create_environment_scripts_only(serial)
[2.644s] Level 1:colcon.colcon_core.environment:checking '/home/ubuntu/rb3302_final_proj_code/robot_ws/install/serial' for CMake module files
[2.656s] DEBUG:colcon.colcon_core.event_handler.log_command:Invoked command in '/home/ubuntu/rb3302_final_proj_code/robot_ws/build/serial' returned '0': CMAKE_PREFIX_PATH=${CMAKE_PREFIX_PATH}:/home/ubuntu/rb3302_final_proj_code/robot_ws/install/waverover_base:/opt/ros/jazzy /usr/bin/cmake --install /home/ubuntu/rb3302_final_proj_code/robot_ws/build/serial
[2.658s] Level 1:colcon.colcon_core.environment:checking '/home/ubuntu/rb3302_final_proj_code/robot_ws/install/serial' for CMake config files
[2.661s] Level 1:colcon.colcon_core.shell:create_environment_hook('serial', 'cmake_prefix_path')
[2.664s] INFO:colcon.colcon_core.shell:Creating environment hook '/home/ubuntu/rb3302_final_proj_code/robot_ws/install/serial/share/serial/hook/cmake_prefix_path.ps1'
[2.668s] INFO:colcon.colcon_core.shell:Creating environment descriptor '/home/ubuntu/rb3302_final_proj_code/robot_ws/install/serial/share/serial/hook/cmake_prefix_path.dsv'
[2.672s] INFO:colcon.colcon_core.shell:Creating environment hook '/home/ubuntu/rb3302_final_proj_code/robot_ws/install/serial/share/serial/hook/cmake_prefix_path.sh'
[2.678s] Level 1:colcon.colcon_core.environment:checking '/home/ubuntu/rb3302_final_proj_code/robot_ws/install/serial/lib'
[2.680s] Level 1:colcon.colcon_core.environment:checking '/home/ubuntu/rb3302_final_proj_code/robot_ws/install/serial/bin'
[2.680s] Level 1:colcon.colcon_core.environment:checking '/home/ubuntu/rb3302_final_proj_code/robot_ws/install/serial/lib/pkgconfig/serial.pc'
[2.681s] Level 1:colcon.colcon_core.environment:checking '/home/ubuntu/rb3302_final_proj_code/robot_ws/install/serial/lib/python3.12/site-packages'
[2.684s] Level 1:colcon.colcon_core.environment:checking '/home/ubuntu/rb3302_final_proj_code/robot_ws/install/serial/bin'
[2.687s] INFO:colcon.colcon_core.shell:Creating package script '/home/ubuntu/rb3302_final_proj_code/robot_ws/install/serial/share/serial/package.ps1'
[2.691s] INFO:colcon.colcon_core.shell:Creating package descriptor '/home/ubuntu/rb3302_final_proj_code/robot_ws/install/serial/share/serial/package.dsv'
[2.694s] INFO:colcon.colcon_core.shell:Creating package script '/home/ubuntu/rb3302_final_proj_code/robot_ws/install/serial/share/serial/package.sh'
[2.699s] INFO:colcon.colcon_core.shell:Creating package script '/home/ubuntu/rb3302_final_proj_code/robot_ws/install/serial/share/serial/package.bash'
[2.702s] INFO:colcon.colcon_core.shell:Creating package script '/home/ubuntu/rb3302_final_proj_code/robot_ws/install/serial/share/serial/package.zsh'
[2.705s] Level 1:colcon.colcon_core.environment:create_file_with_runtime_dependencies(/home/ubuntu/rb3302_final_proj_code/robot_ws/install/serial/share/colcon-core/packages/serial)
[2.708s] Level 1:colcon.colcon_core.environment:create_environment_scripts_only(serial)
[2.710s] Level 1:colcon.colcon_core.environment:checking '/home/ubuntu/rb3302_final_proj_code/robot_ws/install/serial' for CMake module files
[2.715s] Level 1:colcon.colcon_core.environment:checking '/home/ubuntu/rb3302_final_proj_code/robot_ws/install/serial' for CMake config files
[2.717s] Level 1:colcon.colcon_core.shell:create_environment_hook('serial', 'cmake_prefix_path')
[2.719s] INFO:colcon.colcon_core.shell:Creating environment hook '/home/ubuntu/rb3302_final_proj_code/robot_ws/install/serial/share/serial/hook/cmake_prefix_path.ps1'
[2.722s] INFO:colcon.colcon_core.shell:Creating environment descriptor '/home/ubuntu/rb3302_final_proj_code/robot_ws/install/serial/share/serial/hook/cmake_prefix_path.dsv'
[2.724s] INFO:colcon.colcon_core.shell:Creating environment hook '/home/ubuntu/rb3302_final_proj_code/robot_ws/install/serial/share/serial/hook/cmake_prefix_path.sh'
[2.727s] Level 1:colcon.colcon_core.environment:checking '/home/ubuntu/rb3302_final_proj_code/robot_ws/install/serial/lib'
[2.728s] Level 1:colcon.colcon_core.environment:checking '/home/ubuntu/rb3302_final_proj_code/robot_ws/install/serial/bin'
[2.728s] Level 1:colcon.colcon_core.environment:checking '/home/ubuntu/rb3302_final_proj_code/robot_ws/install/serial/lib/pkgconfig/serial.pc'
[2.729s] Level 1:colcon.colcon_core.environment:checking '/home/ubuntu/rb3302_final_proj_code/robot_ws/install/serial/lib/python3.12/site-packages'
[2.732s] Level 1:colcon.colcon_core.environment:checking '/home/ubuntu/rb3302_final_proj_code/robot_ws/install/serial/bin'
[2.733s] INFO:colcon.colcon_core.shell:Creating package script '/home/ubuntu/rb3302_final_proj_code/robot_ws/install/serial/share/serial/package.ps1'
[2.737s] INFO:colcon.colcon_core.shell:Creating package descriptor '/home/ubuntu/rb3302_final_proj_code/robot_ws/install/serial/share/serial/package.dsv'
[2.740s] INFO:colcon.colcon_core.shell:Creating package script '/home/ubuntu/rb3302_final_proj_code/robot_ws/install/serial/share/serial/package.sh'
[2.742s] INFO:colcon.colcon_core.shell:Creating package script '/home/ubuntu/rb3302_final_proj_code/robot_ws/install/serial/share/serial/package.bash'
[2.744s] INFO:colcon.colcon_core.shell:Creating package script '/home/ubuntu/rb3302_final_proj_code/robot_ws/install/serial/share/serial/package.zsh'
[2.746s] Level 1:colcon.colcon_core.environment:create_file_with_runtime_dependencies(/home/ubuntu/rb3302_final_proj_code/robot_ws/install/serial/share/colcon-core/packages/serial)
[3.103s] DEBUG:colcon.colcon_core.event_handler.log_command:Invoked command in '/home/ubuntu/rb3302_final_proj_code/robot_ws/build/waverover_base' returned '0': PYTHONPATH=/home/ubuntu/rb3302_final_proj_code/robot_ws/build/waverover_base/prefix_override:/usr/lib/python3/dist-packages/colcon_core/task/python/colcon_distutils_commands:/home/ubuntu/rb3302_final_proj_code/robot_ws/install/waverover_base/lib/python3.12/site-packages:${PYTHONPATH} /usr/bin/python3 -W ignore:setup.py install is deprecated -W ignore:easy_install command is deprecated setup.py develop --uninstall --editable --build-directory /home/ubuntu/rb3302_final_proj_code/robot_ws/build/waverover_base/build
[3.116s] DEBUG:colcon.colcon_core.event_handler.log_command:Invoking command in '/home/ubuntu/rb3302_final_proj_code/robot_ws/src/waverover_base': PYTHONPATH=/home/ubuntu/rb3302_final_proj_code/robot_ws/build/waverover_base/prefix_override:/usr/lib/python3/dist-packages/colcon_core/task/python/colcon_distutils_commands:/home/ubuntu/rb3302_final_proj_code/robot_ws/install/waverover_base/lib/python3.12/site-packages:${PYTHONPATH} /usr/bin/python3 -W ignore:setup.py install is deprecated -W ignore:easy_install command is deprecated setup.py egg_info --egg-base ../../build/waverover_base build --build-base /home/ubuntu/rb3302_final_proj_code/robot_ws/build/waverover_base/build install --record /home/ubuntu/rb3302_final_proj_code/robot_ws/build/waverover_base/install.log --install-scripts $base/lib/waverover_base --single-version-externally-managed install_data --force
[3.581s] DEBUG:colcon.colcon_core.event_handler.log_command:Invoked command in '/home/ubuntu/rb3302_final_proj_code/robot_ws/build/yesense_interface' returned '0': CMAKE_PREFIX_PATH=${CMAKE_PREFIX_PATH}:/home/ubuntu/rb3302_final_proj_code/robot_ws/install/waverover_base:/opt/ros/jazzy /usr/bin/cmake /home/ubuntu/rb3302_final_proj_code/robot_ws/src/yesense_interface -DCMAKE_INSTALL_PREFIX=/home/ubuntu/rb3302_final_proj_code/robot_ws/install/yesense_interface
[3.584s] DEBUG:colcon.colcon_core.event_handler.log_command:Invoking command in '/home/ubuntu/rb3302_final_proj_code/robot_ws/build/yesense_interface': CMAKE_PREFIX_PATH=${CMAKE_PREFIX_PATH}:/home/ubuntu/rb3302_final_proj_code/robot_ws/install/waverover_base:/opt/ros/jazzy /usr/bin/cmake --build /home/ubuntu/rb3302_final_proj_code/robot_ws/build/yesense_interface -- -j8 -l8
[3.659s] DEBUG:colcon.colcon_core.event_handler.log_command:Invoked command in '/home/ubuntu/rb3302_final_proj_code/robot_ws/build/rplidar_ros' returned '0': CMAKE_PREFIX_PATH=${CMAKE_PREFIX_PATH}:/home/ubuntu/rb3302_final_proj_code/robot_ws/install/waverover_base:/opt/ros/jazzy /usr/bin/cmake --build /home/ubuntu/rb3302_final_proj_code/robot_ws/build/rplidar_ros -- -j8 -l8
[3.665s] DEBUG:colcon.colcon_core.event_handler.log_command:Invoking command in '/home/ubuntu/rb3302_final_proj_code/robot_ws/build/rplidar_ros': CMAKE_PREFIX_PATH=${CMAKE_PREFIX_PATH}:/home/ubuntu/rb3302_final_proj_code/robot_ws/install/waverover_base:/opt/ros/jazzy /usr/bin/cmake --install /home/ubuntu/rb3302_final_proj_code/robot_ws/build/rplidar_ros
[3.739s] Level 1:colcon.colcon_core.environment:create_environment_scripts_only(rplidar_ros)
[3.740s] Level 1:colcon.colcon_core.environment:checking '/home/ubuntu/rb3302_final_proj_code/robot_ws/install/rplidar_ros' for CMake module files
[3.743s] DEBUG:colcon.colcon_core.event_handler.log_command:Invoked command in '/home/ubuntu/rb3302_final_proj_code/robot_ws/build/rplidar_ros' returned '0': CMAKE_PREFIX_PATH=${CMAKE_PREFIX_PATH}:/home/ubuntu/rb3302_final_proj_code/robot_ws/install/waverover_base:/opt/ros/jazzy /usr/bin/cmake --install /home/ubuntu/rb3302_final_proj_code/robot_ws/build/rplidar_ros
[3.747s] Level 1:colcon.colcon_core.environment:checking '/home/ubuntu/rb3302_final_proj_code/robot_ws/install/rplidar_ros' for CMake config files
[3.749s] Level 1:colcon.colcon_core.shell:create_environment_hook('rplidar_ros', 'cmake_prefix_path')
[3.750s] INFO:colcon.colcon_core.shell:Creating environment hook '/home/ubuntu/rb3302_final_proj_code/robot_ws/install/rplidar_ros/share/rplidar_ros/hook/cmake_prefix_path.ps1'
[3.753s] INFO:colcon.colcon_core.shell:Creating environment descriptor '/home/ubuntu/rb3302_final_proj_code/robot_ws/install/rplidar_ros/share/rplidar_ros/hook/cmake_prefix_path.dsv'
[3.756s] INFO:colcon.colcon_core.shell:Creating environment hook '/home/ubuntu/rb3302_final_proj_code/robot_ws/install/rplidar_ros/share/rplidar_ros/hook/cmake_prefix_path.sh'
[3.761s] Level 1:colcon.colcon_core.environment:checking '/home/ubuntu/rb3302_final_proj_code/robot_ws/install/rplidar_ros/lib'
[3.762s] Level 1:colcon.colcon_core.environment:checking '/home/ubuntu/rb3302_final_proj_code/robot_ws/install/rplidar_ros/bin'
[3.763s] Level 1:colcon.colcon_core.environment:checking '/home/ubuntu/rb3302_final_proj_code/robot_ws/install/rplidar_ros/lib/pkgconfig/rplidar_ros.pc'
[3.764s] Level 1:colcon.colcon_core.environment:checking '/home/ubuntu/rb3302_final_proj_code/robot_ws/install/rplidar_ros/lib/python3.12/site-packages'
[3.766s] Level 1:colcon.colcon_core.environment:checking '/home/ubuntu/rb3302_final_proj_code/robot_ws/install/rplidar_ros/bin'
[3.768s] INFO:colcon.colcon_core.shell:Creating package script '/home/ubuntu/rb3302_final_proj_code/robot_ws/install/rplidar_ros/share/rplidar_ros/package.ps1'
[3.772s] INFO:colcon.colcon_core.shell:Creating package descriptor '/home/ubuntu/rb3302_final_proj_code/robot_ws/install/rplidar_ros/share/rplidar_ros/package.dsv'
[3.775s] INFO:colcon.colcon_core.shell:Creating package script '/home/ubuntu/rb3302_final_proj_code/robot_ws/install/rplidar_ros/share/rplidar_ros/package.sh'
[3.778s] INFO:colcon.colcon_core.shell:Creating package script '/home/ubuntu/rb3302_final_proj_code/robot_ws/install/rplidar_ros/share/rplidar_ros/package.bash'
[3.780s] INFO:colcon.colcon_core.shell:Creating package script '/home/ubuntu/rb3302_final_proj_code/robot_ws/install/rplidar_ros/share/rplidar_ros/package.zsh'
[3.783s] Level 1:colcon.colcon_core.environment:create_file_with_runtime_dependencies(/home/ubuntu/rb3302_final_proj_code/robot_ws/install/rplidar_ros/share/colcon-core/packages/rplidar_ros)
[3.786s] Level 1:colcon.colcon_core.environment:create_environment_scripts_only(rplidar_ros)
[3.787s] Level 1:colcon.colcon_core.environment:checking '/home/ubuntu/rb3302_final_proj_code/robot_ws/install/rplidar_ros' for CMake module files
[3.791s] Level 1:colcon.colcon_core.environment:checking '/home/ubuntu/rb3302_final_proj_code/robot_ws/install/rplidar_ros' for CMake config files
[3.794s] Level 1:colcon.colcon_core.shell:create_environment_hook('rplidar_ros', 'cmake_prefix_path')
[3.795s] INFO:colcon.colcon_core.shell:Creating environment hook '/home/ubuntu/rb3302_final_proj_code/robot_ws/install/rplidar_ros/share/rplidar_ros/hook/cmake_prefix_path.ps1'
[3.797s] INFO:colcon.colcon_core.shell:Creating environment descriptor '/home/ubuntu/rb3302_final_proj_code/robot_ws/install/rplidar_ros/share/rplidar_ros/hook/cmake_prefix_path.dsv'
[3.799s] INFO:colcon.colcon_core.shell:Creating environment hook '/home/ubuntu/rb3302_final_proj_code/robot_ws/install/rplidar_ros/share/rplidar_ros/hook/cmake_prefix_path.sh'
[3.801s] Level 1:colcon.colcon_core.environment:checking '/home/ubuntu/rb3302_final_proj_code/robot_ws/install/rplidar_ros/lib'
[3.802s] Level 1:colcon.colcon_core.environment:checking '/home/ubuntu/rb3302_final_proj_code/robot_ws/install/rplidar_ros/bin'
[3.802s] Level 1:colcon.colcon_core.environment:checking '/home/ubuntu/rb3302_final_proj_code/robot_ws/install/rplidar_ros/lib/pkgconfig/rplidar_ros.pc'
[3.803s] Level 1:colcon.colcon_core.environment:checking '/home/ubuntu/rb3302_final_proj_code/robot_ws/install/rplidar_ros/lib/python3.12/site-packages'
[3.805s] Level 1:colcon.colcon_core.environment:checking '/home/ubuntu/rb3302_final_proj_code/robot_ws/install/rplidar_ros/bin'
[3.806s] INFO:colcon.colcon_core.shell:Creating package script '/home/ubuntu/rb3302_final_proj_code/robot_ws/install/rplidar_ros/share/rplidar_ros/package.ps1'
[3.810s] INFO:colcon.colcon_core.shell:Creating package descriptor '/home/ubuntu/rb3302_final_proj_code/robot_ws/install/rplidar_ros/share/rplidar_ros/package.dsv'
[3.811s] INFO:colcon.colcon_core.shell:Creating package script '/home/ubuntu/rb3302_final_proj_code/robot_ws/install/rplidar_ros/share/rplidar_ros/package.sh'
[3.812s] INFO:colcon.colcon_core.shell:Creating package script '/home/ubuntu/rb3302_final_proj_code/robot_ws/install/rplidar_ros/share/rplidar_ros/package.bash'
[3.812s] INFO:colcon.colcon_core.shell:Creating package script '/home/ubuntu/rb3302_final_proj_code/robot_ws/install/rplidar_ros/share/rplidar_ros/package.zsh'
[3.813s] Level 1:colcon.colcon_core.environment:create_file_with_runtime_dependencies(/home/ubuntu/rb3302_final_proj_code/robot_ws/install/rplidar_ros/share/colcon-core/packages/rplidar_ros)
[4.023s] Level 1:colcon.colcon_core.environment:checking '/home/ubuntu/rb3302_final_proj_code/robot_ws/install/waverover_base' for CMake module files
[4.027s] DEBUG:colcon.colcon_core.event_handler.log_command:Invoked command in '/home/ubuntu/rb3302_final_proj_code/robot_ws/src/waverover_base' returned '0': PYTHONPATH=/home/ubuntu/rb3302_final_proj_code/robot_ws/build/waverover_base/prefix_override:/usr/lib/python3/dist-packages/colcon_core/task/python/colcon_distutils_commands:/home/ubuntu/rb3302_final_proj_code/robot_ws/install/waverover_base/lib/python3.12/site-packages:${PYTHONPATH} /usr/bin/python3 -W ignore:setup.py install is deprecated -W ignore:easy_install command is deprecated setup.py egg_info --egg-base ../../build/waverover_base build --build-base /home/ubuntu/rb3302_final_proj_code/robot_ws/build/waverover_base/build install --record /home/ubuntu/rb3302_final_proj_code/robot_ws/build/waverover_base/install.log --install-scripts $base/lib/waverover_base --single-version-externally-managed install_data --force
[4.030s] Level 1:colcon.colcon_core.environment:checking '/home/ubuntu/rb3302_final_proj_code/robot_ws/install/waverover_base' for CMake config files
[4.034s] Level 1:colcon.colcon_core.environment:checking '/home/ubuntu/rb3302_final_proj_code/robot_ws/install/waverover_base/lib'
[4.034s] Level 1:colcon.colcon_core.environment:checking '/home/ubuntu/rb3302_final_proj_code/robot_ws/install/waverover_base/bin'
[4.035s] Level 1:colcon.colcon_core.environment:checking '/home/ubuntu/rb3302_final_proj_code/robot_ws/install/waverover_base/lib/pkgconfig/waverover_base.pc'
[4.037s] Level 1:colcon.colcon_core.environment:checking '/home/ubuntu/rb3302_final_proj_code/robot_ws/install/waverover_base/lib/python3.12/site-packages'
[4.037s] Level 1:colcon.colcon_core.shell:create_environment_hook('waverover_base', 'pythonpath')
[4.038s] INFO:colcon.colcon_core.shell:Creating environment hook '/home/ubuntu/rb3302_final_proj_code/robot_ws/install/waverover_base/share/waverover_base/hook/pythonpath.ps1'
[4.045s] INFO:colcon.colcon_core.shell:Creating environment descriptor '/home/ubuntu/rb3302_final_proj_code/robot_ws/install/waverover_base/share/waverover_base/hook/pythonpath.dsv'
[4.048s] INFO:colcon.colcon_core.shell:Creating environment hook '/home/ubuntu/rb3302_final_proj_code/robot_ws/install/waverover_base/share/waverover_base/hook/pythonpath.sh'
[4.052s] Level 1:colcon.colcon_core.environment:checking '/home/ubuntu/rb3302_final_proj_code/robot_ws/install/waverover_base/bin'
[4.053s] Level 1:colcon.colcon_core.environment:create_environment_scripts_only(waverover_base)
[4.055s] INFO:colcon.colcon_core.shell:Creating package script '/home/ubuntu/rb3302_final_proj_code/robot_ws/install/waverover_base/share/waverover_base/package.ps1'
[4.059s] INFO:colcon.colcon_core.shell:Creating package descriptor '/home/ubuntu/rb3302_final_proj_code/robot_ws/install/waverover_base/share/waverover_base/package.dsv'
[4.062s] INFO:colcon.colcon_core.shell:Creating package script '/home/ubuntu/rb3302_final_proj_code/robot_ws/install/waverover_base/share/waverover_base/package.sh'
[4.064s] INFO:colcon.colcon_core.shell:Creating package script '/home/ubuntu/rb3302_final_proj_code/robot_ws/install/waverover_base/share/waverover_base/package.bash'
[4.066s] INFO:colcon.colcon_core.shell:Creating package script '/home/ubuntu/rb3302_final_proj_code/robot_ws/install/waverover_base/share/waverover_base/package.zsh'
[4.068s] Level 1:colcon.colcon_core.environment:create_file_with_runtime_dependencies(/home/ubuntu/rb3302_final_proj_code/robot_ws/install/waverover_base/share/colcon-core/packages/waverover_base)
[6.577s] DEBUG:colcon.colcon_core.event_handler.log_command:Invoked command in '/home/ubuntu/rb3302_final_proj_code/robot_ws/build/yesense_interface' returned '0': CMAKE_PREFIX_PATH=${CMAKE_PREFIX_PATH}:/home/ubuntu/rb3302_final_proj_code/robot_ws/install/waverover_base:/opt/ros/jazzy /usr/bin/cmake --build /home/ubuntu/rb3302_final_proj_code/robot_ws/build/yesense_interface -- -j8 -l8
[6.586s] DEBUG:colcon.colcon_core.event_handler.log_command:Invoking command in '/home/ubuntu/rb3302_final_proj_code/robot_ws/build/yesense_interface': CMAKE_PREFIX_PATH=${CMAKE_PREFIX_PATH}:/home/ubuntu/rb3302_final_proj_code/robot_ws/install/waverover_base:/opt/ros/jazzy /usr/bin/cmake --install /home/ubuntu/rb3302_final_proj_code/robot_ws/build/yesense_interface
[6.774s] Level 1:colcon.colcon_core.environment:create_environment_scripts_only(yesense_interface)
[6.775s] DEBUG:colcon.colcon_core.event_handler.log_command:Invoked command in '/home/ubuntu/rb3302_final_proj_code/robot_ws/build/yesense_interface' returned '0': CMAKE_PREFIX_PATH=${CMAKE_PREFIX_PATH}:/home/ubuntu/rb3302_final_proj_code/robot_ws/install/waverover_base:/opt/ros/jazzy /usr/bin/cmake --install /home/ubuntu/rb3302_final_proj_code/robot_ws/build/yesense_interface
[6.777s] Level 1:colcon.colcon_core.environment:checking '/home/ubuntu/rb3302_final_proj_code/robot_ws/install/yesense_interface' for CMake module files
[6.787s] Level 1:colcon.colcon_core.environment:checking '/home/ubuntu/rb3302_final_proj_code/robot_ws/install/yesense_interface' for CMake config files
[6.819s] Level 1:colcon.colcon_core.shell:create_environment_hook('yesense_interface', 'cmake_prefix_path')
[6.820s] INFO:colcon.colcon_core.shell:Creating environment hook '/home/ubuntu/rb3302_final_proj_code/robot_ws/install/yesense_interface/share/yesense_interface/hook/cmake_prefix_path.ps1'
[6.823s] INFO:colcon.colcon_core.shell:Creating environment descriptor '/home/ubuntu/rb3302_final_proj_code/robot_ws/install/yesense_interface/share/yesense_interface/hook/cmake_prefix_path.dsv'
[6.824s] INFO:colcon.colcon_core.shell:Creating environment hook '/home/ubuntu/rb3302_final_proj_code/robot_ws/install/yesense_interface/share/yesense_interface/hook/cmake_prefix_path.sh'
[6.828s] Level 1:colcon.colcon_core.environment:checking '/home/ubuntu/rb3302_final_proj_code/robot_ws/install/yesense_interface/lib'
[6.829s] Level 1:colcon.colcon_core.shell:create_environment_hook('yesense_interface', 'ld_library_path_lib')
[6.830s] INFO:colcon.colcon_core.shell:Creating environment hook '/home/ubuntu/rb3302_final_proj_code/robot_ws/install/yesense_interface/share/yesense_interface/hook/ld_library_path_lib.ps1'
[6.833s] INFO:colcon.colcon_core.shell:Creating environment descriptor '/home/ubuntu/rb3302_final_proj_code/robot_ws/install/yesense_interface/share/yesense_interface/hook/ld_library_path_lib.dsv'
[6.834s] INFO:colcon.colcon_core.shell:Creating environment hook '/home/ubuntu/rb3302_final_proj_code/robot_ws/install/yesense_interface/share/yesense_interface/hook/ld_library_path_lib.sh'
[6.836s] Level 1:colcon.colcon_core.environment:checking '/home/ubuntu/rb3302_final_proj_code/robot_ws/install/yesense_interface/bin'
[6.836s] Level 1:colcon.colcon_core.environment:checking '/home/ubuntu/rb3302_final_proj_code/robot_ws/install/yesense_interface/lib/pkgconfig/yesense_interface.pc'
[6.837s] Level 1:colcon.colcon_core.environment:checking '/home/ubuntu/rb3302_final_proj_code/robot_ws/install/yesense_interface/lib/python3.12/site-packages'
[6.838s] Level 1:colcon.colcon_core.shell:create_environment_hook('yesense_interface', 'pythonpath')
[6.839s] INFO:colcon.colcon_core.shell:Creating environment hook '/home/ubuntu/rb3302_final_proj_code/robot_ws/install/yesense_interface/share/yesense_interface/hook/pythonpath.ps1'
[6.841s] INFO:colcon.colcon_core.shell:Creating environment descriptor '/home/ubuntu/rb3302_final_proj_code/robot_ws/install/yesense_interface/share/yesense_interface/hook/pythonpath.dsv'
[6.842s] INFO:colcon.colcon_core.shell:Creating environment hook '/home/ubuntu/rb3302_final_proj_code/robot_ws/install/yesense_interface/share/yesense_interface/hook/pythonpath.sh'
[6.845s] Level 1:colcon.colcon_core.environment:checking '/home/ubuntu/rb3302_final_proj_code/robot_ws/install/yesense_interface/bin'
[6.846s] INFO:colcon.colcon_core.shell:Creating package script '/home/ubuntu/rb3302_final_proj_code/robot_ws/install/yesense_interface/share/yesense_interface/package.ps1'
[6.849s] INFO:colcon.colcon_core.shell:Creating package descriptor '/home/ubuntu/rb3302_final_proj_code/robot_ws/install/yesense_interface/share/yesense_interface/package.dsv'
[6.852s] INFO:colcon.colcon_core.shell:Creating package script '/home/ubuntu/rb3302_final_proj_code/robot_ws/install/yesense_interface/share/yesense_interface/package.sh'
[6.854s] INFO:colcon.colcon_core.shell:Creating package script '/home/ubuntu/rb3302_final_proj_code/robot_ws/install/yesense_interface/share/yesense_interface/package.bash'
[6.855s] INFO:colcon.colcon_core.shell:Creating package script '/home/ubuntu/rb3302_final_proj_code/robot_ws/install/yesense_interface/share/yesense_interface/package.zsh'
[6.857s] Level 1:colcon.colcon_core.environment:create_file_with_runtime_dependencies(/home/ubuntu/rb3302_final_proj_code/robot_ws/install/yesense_interface/share/colcon-core/packages/yesense_interface)
[6.860s] Level 1:colcon.colcon_core.environment:create_environment_scripts_only(yesense_interface)
[6.861s] Level 1:colcon.colcon_core.environment:checking '/home/ubuntu/rb3302_final_proj_code/robot_ws/install/yesense_interface' for CMake module files
[6.865s] Level 1:colcon.colcon_core.environment:checking '/home/ubuntu/rb3302_final_proj_code/robot_ws/install/yesense_interface' for CMake config files
[6.878s] Level 1:colcon.colcon_core.shell:create_environment_hook('yesense_interface', 'cmake_prefix_path')
[6.878s] INFO:colcon.colcon_core.shell:Creating environment hook '/home/ubuntu/rb3302_final_proj_code/robot_ws/install/yesense_interface/share/yesense_interface/hook/cmake_prefix_path.ps1'
[6.879s] INFO:colcon.colcon_core.shell:Creating environment descriptor '/home/ubuntu/rb3302_final_proj_code/robot_ws/install/yesense_interface/share/yesense_interface/hook/cmake_prefix_path.dsv'
[6.880s] INFO:colcon.colcon_core.shell:Creating environment hook '/home/ubuntu/rb3302_final_proj_code/robot_ws/install/yesense_interface/share/yesense_interface/hook/cmake_prefix_path.sh'
[6.881s] Level 1:colcon.colcon_core.environment:checking '/home/ubuntu/rb3302_final_proj_code/robot_ws/install/yesense_interface/lib'
[6.881s] Level 1:colcon.colcon_core.shell:create_environment_hook('yesense_interface', 'ld_library_path_lib')
[6.881s] INFO:colcon.colcon_core.shell:Creating environment hook '/home/ubuntu/rb3302_final_proj_code/robot_ws/install/yesense_interface/share/yesense_interface/hook/ld_library_path_lib.ps1'
[6.881s] INFO:colcon.colcon_core.shell:Creating environment descriptor '/home/ubuntu/rb3302_final_proj_code/robot_ws/install/yesense_interface/share/yesense_interface/hook/ld_library_path_lib.dsv'
[6.882s] INFO:colcon.colcon_core.shell:Creating environment hook '/home/ubuntu/rb3302_final_proj_code/robot_ws/install/yesense_interface/share/yesense_interface/hook/ld_library_path_lib.sh'
[6.882s] Level 1:colcon.colcon_core.environment:checking '/home/ubuntu/rb3302_final_proj_code/robot_ws/install/yesense_interface/bin'
[6.883s] Level 1:colcon.colcon_core.environment:checking '/home/ubuntu/rb3302_final_proj_code/robot_ws/install/yesense_interface/lib/pkgconfig/yesense_interface.pc'
[6.883s] Level 1:colcon.colcon_core.environment:checking '/home/ubuntu/rb3302_final_proj_code/robot_ws/install/yesense_interface/lib/python3.12/site-packages'
[6.883s] Level 1:colcon.colcon_core.shell:create_environment_hook('yesense_interface', 'pythonpath')
[6.883s] INFO:colcon.colcon_core.shell:Creating environment hook '/home/ubuntu/rb3302_final_proj_code/robot_ws/install/yesense_interface/share/yesense_interface/hook/pythonpath.ps1'
[6.884s] INFO:colcon.colcon_core.shell:Creating environment descriptor '/home/ubuntu/rb3302_final_proj_code/robot_ws/install/yesense_interface/share/yesense_interface/hook/pythonpath.dsv'
[6.884s] INFO:colcon.colcon_core.shell:Creating environment hook '/home/ubuntu/rb3302_final_proj_code/robot_ws/install/yesense_interface/share/yesense_interface/hook/pythonpath.sh'
[6.885s] Level 1:colcon.colcon_core.environment:checking '/home/ubuntu/rb3302_final_proj_code/robot_ws/install/yesense_interface/bin'
[6.886s] INFO:colcon.colcon_core.shell:Creating package script '/home/ubuntu/rb3302_final_proj_code/robot_ws/install/yesense_interface/share/yesense_interface/package.ps1'
[6.887s] INFO:colcon.colcon_core.shell:Creating package descriptor '/home/ubuntu/rb3302_final_proj_code/robot_ws/install/yesense_interface/share/yesense_interface/package.dsv'
[6.888s] INFO:colcon.colcon_core.shell:Creating package script '/home/ubuntu/rb3302_final_proj_code/robot_ws/install/yesense_interface/share/yesense_interface/package.sh'
[6.888s] INFO:colcon.colcon_core.shell:Creating package script '/home/ubuntu/rb3302_final_proj_code/robot_ws/install/yesense_interface/share/yesense_interface/package.bash'
[6.889s] INFO:colcon.colcon_core.shell:Creating package script '/home/ubuntu/rb3302_final_proj_code/robot_ws/install/yesense_interface/share/yesense_interface/package.zsh'
[6.890s] Level 1:colcon.colcon_core.environment:create_file_with_runtime_dependencies(/home/ubuntu/rb3302_final_proj_code/robot_ws/install/yesense_interface/share/colcon-core/packages/yesense_interface)
[6.890s] INFO:colcon.colcon_ros.task.ament_cmake.build:Building ROS package in '/home/ubuntu/rb3302_final_proj_code/robot_ws/src/yesense_std_ros2' with build type 'ament_cmake'
[6.891s] INFO:colcon.colcon_cmake.task.cmake.build:Building CMake package in '/home/ubuntu/rb3302_final_proj_code/robot_ws/src/yesense_std_ros2'
[6.891s] INFO:colcon.colcon_core.shell:Skip shell extension 'powershell' for command environment: Not usable outside of PowerShell
[6.891s] DEBUG:colcon.colcon_core.shell:Skip shell extension 'dsv' for command environment
[6.921s] DEBUG:colcon.colcon_core.event_handler.log_command:Invoking command in '/home/ubuntu/rb3302_final_proj_code/robot_ws/build/yesense_std_ros2': CMAKE_PREFIX_PATH=/home/ubuntu/rb3302_final_proj_code/robot_ws/install/yesense_interface:/home/ubuntu/rb3302_final_proj_code/robot_ws/install/serial:/home/ubuntu/rb3302_final_proj_code/robot_ws/install/robot_init:/home/ubuntu/rb3302_final_proj_code/robot_ws/install/yesense_std_ros2:/home/ubuntu/rb3302_final_proj_code/robot_ws/install/rplidar_ros:/home/ubuntu/rb3302_final_proj_code/robot_ws/install/robot_model:/opt/ros/jazzy/opt/gz_sim_vendor:/opt/ros/jazzy/opt/gz_sensors_vendor:/opt/ros/jazzy/opt/gz_physics_vendor:/opt/ros/jazzy/opt/sdformat_vendor:/opt/ros/jazzy/opt/gz_gui_vendor:/opt/ros/jazzy/opt/gz_transport_vendor:/opt/ros/jazzy/opt/gz_rendering_vendor:/opt/ros/jazzy/opt/gz_plugin_vendor:/opt/ros/jazzy/opt/gz_fuel_tools_vendor:/opt/ros/jazzy/opt/gz_msgs_vendor:/opt/ros/jazzy/opt/gz_common_vendor:/opt/ros/jazzy/opt/gz_math_vendor:/opt/ros/jazzy/opt/gz_utils_vendor:/opt/ros/jazzy/opt/gz_tools_vendor:/opt/ros/jazzy/opt/gz_ogre_next_vendor:/opt/ros/jazzy/opt/gz_dartsim_vendor:/opt/ros/jazzy/opt/gz_cmake_vendor:/home/ubuntu/rb3302_final_proj_code/robot_ws/install/waverover_base:/opt/ros/jazzy /usr/bin/cmake /home/ubuntu/rb3302_final_proj_code/robot_ws/src/yesense_std_ros2 -DCMAKE_INSTALL_PREFIX=/home/ubuntu/rb3302_final_proj_code/robot_ws/install/yesense_std_ros2
[8.367s] DEBUG:colcon.colcon_core.event_handler.log_command:Invoked command in '/home/ubuntu/rb3302_final_proj_code/robot_ws/build/yesense_std_ros2' returned '0': CMAKE_PREFIX_PATH=/home/ubuntu/rb3302_final_proj_code/robot_ws/install/yesense_interface:/home/ubuntu/rb3302_final_proj_code/robot_ws/install/serial:/home/ubuntu/rb3302_final_proj_code/robot_ws/install/robot_init:/home/ubuntu/rb3302_final_proj_code/robot_ws/install/yesense_std_ros2:/home/ubuntu/rb3302_final_proj_code/robot_ws/install/rplidar_ros:/home/ubuntu/rb3302_final_proj_code/robot_ws/install/robot_model:/opt/ros/jazzy/opt/gz_sim_vendor:/opt/ros/jazzy/opt/gz_sensors_vendor:/opt/ros/jazzy/opt/gz_physics_vendor:/opt/ros/jazzy/opt/sdformat_vendor:/opt/ros/jazzy/opt/gz_gui_vendor:/opt/ros/jazzy/opt/gz_transport_vendor:/opt/ros/jazzy/opt/gz_rendering_vendor:/opt/ros/jazzy/opt/gz_plugin_vendor:/opt/ros/jazzy/opt/gz_fuel_tools_vendor:/opt/ros/jazzy/opt/gz_msgs_vendor:/opt/ros/jazzy/opt/gz_common_vendor:/opt/ros/jazzy/opt/gz_math_vendor:/opt/ros/jazzy/opt/gz_utils_vendor:/opt/ros/jazzy/opt/gz_tools_vendor:/opt/ros/jazzy/opt/gz_ogre_next_vendor:/opt/ros/jazzy/opt/gz_dartsim_vendor:/opt/ros/jazzy/opt/gz_cmake_vendor:/home/ubuntu/rb3302_final_proj_code/robot_ws/install/waverover_base:/opt/ros/jazzy /usr/bin/cmake /home/ubuntu/rb3302_final_proj_code/robot_ws/src/yesense_std_ros2 -DCMAKE_INSTALL_PREFIX=/home/ubuntu/rb3302_final_proj_code/robot_ws/install/yesense_std_ros2
[8.374s] DEBUG:colcon.colcon_core.event_handler.log_command:Invoking command in '/home/ubuntu/rb3302_final_proj_code/robot_ws/build/yesense_std_ros2': CMAKE_PREFIX_PATH=/home/ubuntu/rb3302_final_proj_code/robot_ws/install/yesense_interface:/home/ubuntu/rb3302_final_proj_code/robot_ws/install/serial:/home/ubuntu/rb3302_final_proj_code/robot_ws/install/robot_init:/home/ubuntu/rb3302_final_proj_code/robot_ws/install/yesense_std_ros2:/home/ubuntu/rb3302_final_proj_code/robot_ws/install/rplidar_ros:/home/ubuntu/rb3302_final_proj_code/robot_ws/install/robot_model:/opt/ros/jazzy/opt/gz_sim_vendor:/opt/ros/jazzy/opt/gz_sensors_vendor:/opt/ros/jazzy/opt/gz_physics_vendor:/opt/ros/jazzy/opt/sdformat_vendor:/opt/ros/jazzy/opt/gz_gui_vendor:/opt/ros/jazzy/opt/gz_transport_vendor:/opt/ros/jazzy/opt/gz_rendering_vendor:/opt/ros/jazzy/opt/gz_plugin_vendor:/opt/ros/jazzy/opt/gz_fuel_tools_vendor:/opt/ros/jazzy/opt/gz_msgs_vendor:/opt/ros/jazzy/opt/gz_common_vendor:/opt/ros/jazzy/opt/gz_math_vendor:/opt/ros/jazzy/opt/gz_utils_vendor:/opt/ros/jazzy/opt/gz_tools_vendor:/opt/ros/jazzy/opt/gz_ogre_next_vendor:/opt/ros/jazzy/opt/gz_dartsim_vendor:/opt/ros/jazzy/opt/gz_cmake_vendor:/home/ubuntu/rb3302_final_proj_code/robot_ws/install/waverover_base:/opt/ros/jazzy /usr/bin/cmake --build /home/ubuntu/rb3302_final_proj_code/robot_ws/build/yesense_std_ros2 -- -j8 -l8
[9.709s] DEBUG:colcon.colcon_core.event_handler.log_command:Invoked command in '/home/ubuntu/rb3302_final_proj_code/robot_ws/build/yesense_std_ros2' returned '0': CMAKE_PREFIX_PATH=/home/ubuntu/rb3302_final_proj_code/robot_ws/install/yesense_interface:/home/ubuntu/rb3302_final_proj_code/robot_ws/install/serial:/home/ubuntu/rb3302_final_proj_code/robot_ws/install/robot_init:/home/ubuntu/rb3302_final_proj_code/robot_ws/install/yesense_std_ros2:/home/ubuntu/rb3302_final_proj_code/robot_ws/install/rplidar_ros:/home/ubuntu/rb3302_final_proj_code/robot_ws/install/robot_model:/opt/ros/jazzy/opt/gz_sim_vendor:/opt/ros/jazzy/opt/gz_sensors_vendor:/opt/ros/jazzy/opt/gz_physics_vendor:/opt/ros/jazzy/opt/sdformat_vendor:/opt/ros/jazzy/opt/gz_gui_vendor:/opt/ros/jazzy/opt/gz_transport_vendor:/opt/ros/jazzy/opt/gz_rendering_vendor:/opt/ros/jazzy/opt/gz_plugin_vendor:/opt/ros/jazzy/opt/gz_fuel_tools_vendor:/opt/ros/jazzy/opt/gz_msgs_vendor:/opt/ros/jazzy/opt/gz_common_vendor:/opt/ros/jazzy/opt/gz_math_vendor:/opt/ros/jazzy/opt/gz_utils_vendor:/opt/ros/jazzy/opt/gz_tools_vendor:/opt/ros/jazzy/opt/gz_ogre_next_vendor:/opt/ros/jazzy/opt/gz_dartsim_vendor:/opt/ros/jazzy/opt/gz_cmake_vendor:/home/ubuntu/rb3302_final_proj_code/robot_ws/install/waverover_base:/opt/ros/jazzy /usr/bin/cmake --build /home/ubuntu/rb3302_final_proj_code/robot_ws/build/yesense_std_ros2 -- -j8 -l8
[9.713s] DEBUG:colcon.colcon_core.event_handler.log_command:Invoking command in '/home/ubuntu/rb3302_final_proj_code/robot_ws/build/yesense_std_ros2': CMAKE_PREFIX_PATH=/home/ubuntu/rb3302_final_proj_code/robot_ws/install/yesense_interface:/home/ubuntu/rb3302_final_proj_code/robot_ws/install/serial:/home/ubuntu/rb3302_final_proj_code/robot_ws/install/robot_init:/home/ubuntu/rb3302_final_proj_code/robot_ws/install/yesense_std_ros2:/home/ubuntu/rb3302_final_proj_code/robot_ws/install/rplidar_ros:/home/ubuntu/rb3302_final_proj_code/robot_ws/install/robot_model:/opt/ros/jazzy/opt/gz_sim_vendor:/opt/ros/jazzy/opt/gz_sensors_vendor:/opt/ros/jazzy/opt/gz_physics_vendor:/opt/ros/jazzy/opt/sdformat_vendor:/opt/ros/jazzy/opt/gz_gui_vendor:/opt/ros/jazzy/opt/gz_transport_vendor:/opt/ros/jazzy/opt/gz_rendering_vendor:/opt/ros/jazzy/opt/gz_plugin_vendor:/opt/ros/jazzy/opt/gz_fuel_tools_vendor:/opt/ros/jazzy/opt/gz_msgs_vendor:/opt/ros/jazzy/opt/gz_common_vendor:/opt/ros/jazzy/opt/gz_math_vendor:/opt/ros/jazzy/opt/gz_utils_vendor:/opt/ros/jazzy/opt/gz_tools_vendor:/opt/ros/jazzy/opt/gz_ogre_next_vendor:/opt/ros/jazzy/opt/gz_dartsim_vendor:/opt/ros/jazzy/opt/gz_cmake_vendor:/home/ubuntu/rb3302_final_proj_code/robot_ws/install/waverover_base:/opt/ros/jazzy /usr/bin/cmake --install /home/ubuntu/rb3302_final_proj_code/robot_ws/build/yesense_std_ros2
[9.762s] Level 1:colcon.colcon_core.environment:create_environment_scripts_only(yesense_std_ros2)
[9.764s] Level 1:colcon.colcon_core.environment:checking '/home/ubuntu/rb3302_final_proj_code/robot_ws/install/yesense_std_ros2' for CMake module files
[9.768s] DEBUG:colcon.colcon_core.event_handler.log_command:Invoked command in '/home/ubuntu/rb3302_final_proj_code/robot_ws/build/yesense_std_ros2' returned '0': CMAKE_PREFIX_PATH=/home/ubuntu/rb3302_final_proj_code/robot_ws/install/yesense_interface:/home/ubuntu/rb3302_final_proj_code/robot_ws/install/serial:/home/ubuntu/rb3302_final_proj_code/robot_ws/install/robot_init:/home/ubuntu/rb3302_final_proj_code/robot_ws/install/yesense_std_ros2:/home/ubuntu/rb3302_final_proj_code/robot_ws/install/rplidar_ros:/home/ubuntu/rb3302_final_proj_code/robot_ws/install/robot_model:/opt/ros/jazzy/opt/gz_sim_vendor:/opt/ros/jazzy/opt/gz_sensors_vendor:/opt/ros/jazzy/opt/gz_physics_vendor:/opt/ros/jazzy/opt/sdformat_vendor:/opt/ros/jazzy/opt/gz_gui_vendor:/opt/ros/jazzy/opt/gz_transport_vendor:/opt/ros/jazzy/opt/gz_rendering_vendor:/opt/ros/jazzy/opt/gz_plugin_vendor:/opt/ros/jazzy/opt/gz_fuel_tools_vendor:/opt/ros/jazzy/opt/gz_msgs_vendor:/opt/ros/jazzy/opt/gz_common_vendor:/opt/ros/jazzy/opt/gz_math_vendor:/opt/ros/jazzy/opt/gz_utils_vendor:/opt/ros/jazzy/opt/gz_tools_vendor:/opt/ros/jazzy/opt/gz_ogre_next_vendor:/opt/ros/jazzy/opt/gz_dartsim_vendor:/opt/ros/jazzy/opt/gz_cmake_vendor:/home/ubuntu/rb3302_final_proj_code/robot_ws/install/waverover_base:/opt/ros/jazzy /usr/bin/cmake --install /home/ubuntu/rb3302_final_proj_code/robot_ws/build/yesense_std_ros2
[9.771s] Level 1:colcon.colcon_core.environment:checking '/home/ubuntu/rb3302_final_proj_code/robot_ws/install/yesense_std_ros2' for CMake config files
[9.774s] Level 1:colcon.colcon_core.shell:create_environment_hook('yesense_std_ros2', 'cmake_prefix_path')
[9.776s] INFO:colcon.colcon_core.shell:Creating environment hook '/home/ubuntu/rb3302_final_proj_code/robot_ws/install/yesense_std_ros2/share/yesense_std_ros2/hook/cmake_prefix_path.ps1'
[9.780s] INFO:colcon.colcon_core.shell:Creating environment descriptor '/home/ubuntu/rb3302_final_proj_code/robot_ws/install/yesense_std_ros2/share/yesense_std_ros2/hook/cmake_prefix_path.dsv'
[9.784s] INFO:colcon.colcon_core.shell:Creating environment hook '/home/ubuntu/rb3302_final_proj_code/robot_ws/install/yesense_std_ros2/share/yesense_std_ros2/hook/cmake_prefix_path.sh'
[9.789s] Level 1:colcon.colcon_core.environment:checking '/home/ubuntu/rb3302_final_proj_code/robot_ws/install/yesense_std_ros2/lib'
[9.789s] Level 1:colcon.colcon_core.environment:checking '/home/ubuntu/rb3302_final_proj_code/robot_ws/install/yesense_std_ros2/bin'
[9.790s] Level 1:colcon.colcon_core.environment:checking '/home/ubuntu/rb3302_final_proj_code/robot_ws/install/yesense_std_ros2/lib/pkgconfig/yesense_std_ros2.pc'
[9.792s] Level 1:colcon.colcon_core.environment:checking '/home/ubuntu/rb3302_final_proj_code/robot_ws/install/yesense_std_ros2/lib/python3.12/site-packages'
[9.796s] Level 1:colcon.colcon_core.environment:checking '/home/ubuntu/rb3302_final_proj_code/robot_ws/install/yesense_std_ros2/bin'
[9.798s] INFO:colcon.colcon_core.shell:Creating package script '/home/ubuntu/rb3302_final_proj_code/robot_ws/install/yesense_std_ros2/share/yesense_std_ros2/package.ps1'
[9.802s] INFO:colcon.colcon_core.shell:Creating package descriptor '/home/ubuntu/rb3302_final_proj_code/robot_ws/install/yesense_std_ros2/share/yesense_std_ros2/package.dsv'
[9.805s] INFO:colcon.colcon_core.shell:Creating package script '/home/ubuntu/rb3302_final_proj_code/robot_ws/install/yesense_std_ros2/share/yesense_std_ros2/package.sh'
[9.807s] INFO:colcon.colcon_core.shell:Creating package script '/home/ubuntu/rb3302_final_proj_code/robot_ws/install/yesense_std_ros2/share/yesense_std_ros2/package.bash'
[9.809s] INFO:colcon.colcon_core.shell:Creating package script '/home/ubuntu/rb3302_final_proj_code/robot_ws/install/yesense_std_ros2/share/yesense_std_ros2/package.zsh'
[9.811s] Level 1:colcon.colcon_core.environment:create_file_with_runtime_dependencies(/home/ubuntu/rb3302_final_proj_code/robot_ws/install/yesense_std_ros2/share/colcon-core/packages/yesense_std_ros2)
[9.814s] Level 1:colcon.colcon_core.environment:create_environment_scripts_only(yesense_std_ros2)
[9.814s] Level 1:colcon.colcon_core.environment:checking '/home/ubuntu/rb3302_final_proj_code/robot_ws/install/yesense_std_ros2' for CMake module files
[9.818s] Level 1:colcon.colcon_core.environment:checking '/home/ubuntu/rb3302_final_proj_code/robot_ws/install/yesense_std_ros2' for CMake config files
[9.820s] Level 1:colcon.colcon_core.shell:create_environment_hook('yesense_std_ros2', 'cmake_prefix_path')
[9.820s] INFO:colcon.colcon_core.shell:Creating environment hook '/home/ubuntu/rb3302_final_proj_code/robot_ws/install/yesense_std_ros2/share/yesense_std_ros2/hook/cmake_prefix_path.ps1'
[9.822s] INFO:colcon.colcon_core.shell:Creating environment descriptor '/home/ubuntu/rb3302_final_proj_code/robot_ws/install/yesense_std_ros2/share/yesense_std_ros2/hook/cmake_prefix_path.dsv'
[9.823s] INFO:colcon.colcon_core.shell:Creating environment hook '/home/ubuntu/rb3302_final_proj_code/robot_ws/install/yesense_std_ros2/share/yesense_std_ros2/hook/cmake_prefix_path.sh'
[9.826s] Level 1:colcon.colcon_core.environment:checking '/home/ubuntu/rb3302_final_proj_code/robot_ws/install/yesense_std_ros2/lib'
[9.826s] Level 1:colcon.colcon_core.environment:checking '/home/ubuntu/rb3302_final_proj_code/robot_ws/install/yesense_std_ros2/bin'
[9.826s] Level 1:colcon.colcon_core.environment:checking '/home/ubuntu/rb3302_final_proj_code/robot_ws/install/yesense_std_ros2/lib/pkgconfig/yesense_std_ros2.pc'
[9.827s] Level 1:colcon.colcon_core.environment:checking '/home/ubuntu/rb3302_final_proj_code/robot_ws/install/yesense_std_ros2/lib/python3.12/site-packages'
[9.829s] Level 1:colcon.colcon_core.environment:checking '/home/ubuntu/rb3302_final_proj_code/robot_ws/install/yesense_std_ros2/bin'
[9.830s] INFO:colcon.colcon_core.shell:Creating package script '/home/ubuntu/rb3302_final_proj_code/robot_ws/install/yesense_std_ros2/share/yesense_std_ros2/package.ps1'
[9.832s] INFO:colcon.colcon_core.shell:Creating package descriptor '/home/ubuntu/rb3302_final_proj_code/robot_ws/install/yesense_std_ros2/share/yesense_std_ros2/package.dsv'
[9.834s] INFO:colcon.colcon_core.shell:Creating package script '/home/ubuntu/rb3302_final_proj_code/robot_ws/install/yesense_std_ros2/share/yesense_std_ros2/package.sh'
[9.836s] INFO:colcon.colcon_core.shell:Creating package script '/home/ubuntu/rb3302_final_proj_code/robot_ws/install/yesense_std_ros2/share/yesense_std_ros2/package.bash'
[9.837s] INFO:colcon.colcon_core.shell:Creating package script '/home/ubuntu/rb3302_final_proj_code/robot_ws/install/yesense_std_ros2/share/yesense_std_ros2/package.zsh'
[9.838s] Level 1:colcon.colcon_core.environment:create_file_with_runtime_dependencies(/home/ubuntu/rb3302_final_proj_code/robot_ws/install/yesense_std_ros2/share/colcon-core/packages/yesense_std_ros2)
[9.839s] INFO:colcon.colcon_ros.task.ament_cmake.build:Building ROS package in '/home/ubuntu/rb3302_final_proj_code/robot_ws/src/robot_init' with build type 'ament_cmake'
[9.841s] INFO:colcon.colcon_cmake.task.cmake.build:Building CMake package in '/home/ubuntu/rb3302_final_proj_code/robot_ws/src/robot_init'
[9.842s] INFO:colcon.colcon_core.shell:Skip shell extension 'powershell' for command environment: Not usable outside of PowerShell
[9.843s] DEBUG:colcon.colcon_core.shell:Skip shell extension 'dsv' for command environment
[9.913s] DEBUG:colcon.colcon_core.event_handler.log_command:Invoking command in '/home/ubuntu/rb3302_final_proj_code/robot_ws/build/robot_init': AMENT_PREFIX_PATH=/home/ubuntu/rb3302_final_proj_code/robot_ws/install/waverover_base:/home/ubuntu/rb3302_final_proj_code/robot_ws/install/robot_init:/home/ubuntu/rb3302_final_proj_code/robot_ws/install/yesense_std_ros2:/home/ubuntu/rb3302_final_proj_code/robot_ws/install/yesense_interface:/home/ubuntu/rb3302_final_proj_code/robot_ws/install/serial:/home/ubuntu/rb3302_final_proj_code/robot_ws/install/rplidar_ros:/home/ubuntu/rb3302_final_proj_code/robot_ws/install/robot_model:/opt/ros/jazzy CMAKE_PREFIX_PATH=/home/ubuntu/rb3302_final_proj_code/robot_ws/install/yesense_std_ros2:/home/ubuntu/rb3302_final_proj_code/robot_ws/install/yesense_interface:/home/ubuntu/rb3302_final_proj_code/robot_ws/install/serial:/home/ubuntu/rb3302_final_proj_code/robot_ws/install/rplidar_ros:/home/ubuntu/rb3302_final_proj_code/robot_ws/install/robot_model:/home/ubuntu/rb3302_final_proj_code/robot_ws/install/robot_init:/opt/ros/jazzy/opt/gz_sim_vendor:/opt/ros/jazzy/opt/gz_sensors_vendor:/opt/ros/jazzy/opt/gz_physics_vendor:/opt/ros/jazzy/opt/sdformat_vendor:/opt/ros/jazzy/opt/gz_gui_vendor:/opt/ros/jazzy/opt/gz_transport_vendor:/opt/ros/jazzy/opt/gz_rendering_vendor:/opt/ros/jazzy/opt/gz_plugin_vendor:/opt/ros/jazzy/opt/gz_fuel_tools_vendor:/opt/ros/jazzy/opt/gz_msgs_vendor:/opt/ros/jazzy/opt/gz_common_vendor:/opt/ros/jazzy/opt/gz_math_vendor:/opt/ros/jazzy/opt/gz_utils_vendor:/opt/ros/jazzy/opt/gz_tools_vendor:/opt/ros/jazzy/opt/gz_ogre_next_vendor:/opt/ros/jazzy/opt/gz_dartsim_vendor:/opt/ros/jazzy/opt/gz_cmake_vendor:/home/ubuntu/rb3302_final_proj_code/robot_ws/install/waverover_base:/opt/ros/jazzy PYTHONPATH=/home/ubuntu/rb3302_final_proj_code/robot_ws/install/yesense_interface/lib/python3.12/site-packages:/home/ubuntu/rb3302_final_proj_code/robot_ws/install/waverover_base/lib/python3.12/site-packages:/home/ubuntu/rb3302_final_proj_code/robot_ws/build/waverover_base:/opt/ros/jazzy/lib/python3.12/site-packages /usr/bin/cmake /home/ubuntu/rb3302_final_proj_code/robot_ws/src/robot_init -DCMAKE_INSTALL_PREFIX=/home/ubuntu/rb3302_final_proj_code/robot_ws/install/robot_init
[10.626s] DEBUG:colcon.colcon_core.event_handler.log_command:Invoked command in '/home/ubuntu/rb3302_final_proj_code/robot_ws/build/robot_init' returned '0': AMENT_PREFIX_PATH=/home/ubuntu/rb3302_final_proj_code/robot_ws/install/waverover_base:/home/ubuntu/rb3302_final_proj_code/robot_ws/install/robot_init:/home/ubuntu/rb3302_final_proj_code/robot_ws/install/yesense_std_ros2:/home/ubuntu/rb3302_final_proj_code/robot_ws/install/yesense_interface:/home/ubuntu/rb3302_final_proj_code/robot_ws/install/serial:/home/ubuntu/rb3302_final_proj_code/robot_ws/install/rplidar_ros:/home/ubuntu/rb3302_final_proj_code/robot_ws/install/robot_model:/opt/ros/jazzy CMAKE_PREFIX_PATH=/home/ubuntu/rb3302_final_proj_code/robot_ws/install/yesense_std_ros2:/home/ubuntu/rb3302_final_proj_code/robot_ws/install/yesense_interface:/home/ubuntu/rb3302_final_proj_code/robot_ws/install/serial:/home/ubuntu/rb3302_final_proj_code/robot_ws/install/rplidar_ros:/home/ubuntu/rb3302_final_proj_code/robot_ws/install/robot_model:/home/ubuntu/rb3302_final_proj_code/robot_ws/install/robot_init:/opt/ros/jazzy/opt/gz_sim_vendor:/opt/ros/jazzy/opt/gz_sensors_vendor:/opt/ros/jazzy/opt/gz_physics_vendor:/opt/ros/jazzy/opt/sdformat_vendor:/opt/ros/jazzy/opt/gz_gui_vendor:/opt/ros/jazzy/opt/gz_transport_vendor:/opt/ros/jazzy/opt/gz_rendering_vendor:/opt/ros/jazzy/opt/gz_plugin_vendor:/opt/ros/jazzy/opt/gz_fuel_tools_vendor:/opt/ros/jazzy/opt/gz_msgs_vendor:/opt/ros/jazzy/opt/gz_common_vendor:/opt/ros/jazzy/opt/gz_math_vendor:/opt/ros/jazzy/opt/gz_utils_vendor:/opt/ros/jazzy/opt/gz_tools_vendor:/opt/ros/jazzy/opt/gz_ogre_next_vendor:/opt/ros/jazzy/opt/gz_dartsim_vendor:/opt/ros/jazzy/opt/gz_cmake_vendor:/home/ubuntu/rb3302_final_proj_code/robot_ws/install/waverover_base:/opt/ros/jazzy PYTHONPATH=/home/ubuntu/rb3302_final_proj_code/robot_ws/install/yesense_interface/lib/python3.12/site-packages:/home/ubuntu/rb3302_final_proj_code/robot_ws/install/waverover_base/lib/python3.12/site-packages:/home/ubuntu/rb3302_final_proj_code/robot_ws/build/waverover_base:/opt/ros/jazzy/lib/python3.12/site-packages /usr/bin/cmake /home/ubuntu/rb3302_final_proj_code/robot_ws/src/robot_init -DCMAKE_INSTALL_PREFIX=/home/ubuntu/rb3302_final_proj_code/robot_ws/install/robot_init
[10.635s] DEBUG:colcon.colcon_core.event_handler.log_command:Invoking command in '/home/ubuntu/rb3302_final_proj_code/robot_ws/build/robot_init': AMENT_PREFIX_PATH=/home/ubuntu/rb3302_final_proj_code/robot_ws/install/waverover_base:/home/ubuntu/rb3302_final_proj_code/robot_ws/install/robot_init:/home/ubuntu/rb3302_final_proj_code/robot_ws/install/yesense_std_ros2:/home/ubuntu/rb3302_final_proj_code/robot_ws/install/yesense_interface:/home/ubuntu/rb3302_final_proj_code/robot_ws/install/serial:/home/ubuntu/rb3302_final_proj_code/robot_ws/install/rplidar_ros:/home/ubuntu/rb3302_final_proj_code/robot_ws/install/robot_model:/opt/ros/jazzy CMAKE_PREFIX_PATH=/home/ubuntu/rb3302_final_proj_code/robot_ws/install/yesense_std_ros2:/home/ubuntu/rb3302_final_proj_code/robot_ws/install/yesense_interface:/home/ubuntu/rb3302_final_proj_code/robot_ws/install/serial:/home/ubuntu/rb3302_final_proj_code/robot_ws/install/rplidar_ros:/home/ubuntu/rb3302_final_proj_code/robot_ws/install/robot_model:/home/ubuntu/rb3302_final_proj_code/robot_ws/install/robot_init:/opt/ros/jazzy/opt/gz_sim_vendor:/opt/ros/jazzy/opt/gz_sensors_vendor:/opt/ros/jazzy/opt/gz_physics_vendor:/opt/ros/jazzy/opt/sdformat_vendor:/opt/ros/jazzy/opt/gz_gui_vendor:/opt/ros/jazzy/opt/gz_transport_vendor:/opt/ros/jazzy/opt/gz_rendering_vendor:/opt/ros/jazzy/opt/gz_plugin_vendor:/opt/ros/jazzy/opt/gz_fuel_tools_vendor:/opt/ros/jazzy/opt/gz_msgs_vendor:/opt/ros/jazzy/opt/gz_common_vendor:/opt/ros/jazzy/opt/gz_math_vendor:/opt/ros/jazzy/opt/gz_utils_vendor:/opt/ros/jazzy/opt/gz_tools_vendor:/opt/ros/jazzy/opt/gz_ogre_next_vendor:/opt/ros/jazzy/opt/gz_dartsim_vendor:/opt/ros/jazzy/opt/gz_cmake_vendor:/home/ubuntu/rb3302_final_proj_code/robot_ws/install/waverover_base:/opt/ros/jazzy PYTHONPATH=/home/ubuntu/rb3302_final_proj_code/robot_ws/install/yesense_interface/lib/python3.12/site-packages:/home/ubuntu/rb3302_final_proj_code/robot_ws/install/waverover_base/lib/python3.12/site-packages:/home/ubuntu/rb3302_final_proj_code/robot_ws/build/waverover_base:/opt/ros/jazzy/lib/python3.12/site-packages /usr/bin/cmake --build /home/ubuntu/rb3302_final_proj_code/robot_ws/build/robot_init -- -j8 -l8
[11.362s] DEBUG:colcon.colcon_core.event_handler.log_command:Invoked command in '/home/ubuntu/rb3302_final_proj_code/robot_ws/build/robot_init' returned '0': AMENT_PREFIX_PATH=/home/ubuntu/rb3302_final_proj_code/robot_ws/install/waverover_base:/home/ubuntu/rb3302_final_proj_code/robot_ws/install/robot_init:/home/ubuntu/rb3302_final_proj_code/robot_ws/install/yesense_std_ros2:/home/ubuntu/rb3302_final_proj_code/robot_ws/install/yesense_interface:/home/ubuntu/rb3302_final_proj_code/robot_ws/install/serial:/home/ubuntu/rb3302_final_proj_code/robot_ws/install/rplidar_ros:/home/ubuntu/rb3302_final_proj_code/robot_ws/install/robot_model:/opt/ros/jazzy CMAKE_PREFIX_PATH=/home/ubuntu/rb3302_final_proj_code/robot_ws/install/yesense_std_ros2:/home/ubuntu/rb3302_final_proj_code/robot_ws/install/yesense_interface:/home/ubuntu/rb3302_final_proj_code/robot_ws/install/serial:/home/ubuntu/rb3302_final_proj_code/robot_ws/install/rplidar_ros:/home/ubuntu/rb3302_final_proj_code/robot_ws/install/robot_model:/home/ubuntu/rb3302_final_proj_code/robot_ws/install/robot_init:/opt/ros/jazzy/opt/gz_sim_vendor:/opt/ros/jazzy/opt/gz_sensors_vendor:/opt/ros/jazzy/opt/gz_physics_vendor:/opt/ros/jazzy/opt/sdformat_vendor:/opt/ros/jazzy/opt/gz_gui_vendor:/opt/ros/jazzy/opt/gz_transport_vendor:/opt/ros/jazzy/opt/gz_rendering_vendor:/opt/ros/jazzy/opt/gz_plugin_vendor:/opt/ros/jazzy/opt/gz_fuel_tools_vendor:/opt/ros/jazzy/opt/gz_msgs_vendor:/opt/ros/jazzy/opt/gz_common_vendor:/opt/ros/jazzy/opt/gz_math_vendor:/opt/ros/jazzy/opt/gz_utils_vendor:/opt/ros/jazzy/opt/gz_tools_vendor:/opt/ros/jazzy/opt/gz_ogre_next_vendor:/opt/ros/jazzy/opt/gz_dartsim_vendor:/opt/ros/jazzy/opt/gz_cmake_vendor:/home/ubuntu/rb3302_final_proj_code/robot_ws/install/waverover_base:/opt/ros/jazzy PYTHONPATH=/home/ubuntu/rb3302_final_proj_code/robot_ws/install/yesense_interface/lib/python3.12/site-packages:/home/ubuntu/rb3302_final_proj_code/robot_ws/install/waverover_base/lib/python3.12/site-packages:/home/ubuntu/rb3302_final_proj_code/robot_ws/build/waverover_base:/opt/ros/jazzy/lib/python3.12/site-packages /usr/bin/cmake --build /home/ubuntu/rb3302_final_proj_code/robot_ws/build/robot_init -- -j8 -l8
[11.369s] DEBUG:colcon.colcon_core.event_handler.log_command:Invoking command in '/home/ubuntu/rb3302_final_proj_code/robot_ws/build/robot_init': AMENT_PREFIX_PATH=/home/ubuntu/rb3302_final_proj_code/robot_ws/install/waverover_base:/home/ubuntu/rb3302_final_proj_code/robot_ws/install/robot_init:/home/ubuntu/rb3302_final_proj_code/robot_ws/install/yesense_std_ros2:/home/ubuntu/rb3302_final_proj_code/robot_ws/install/yesense_interface:/home/ubuntu/rb3302_final_proj_code/robot_ws/install/serial:/home/ubuntu/rb3302_final_proj_code/robot_ws/install/rplidar_ros:/home/ubuntu/rb3302_final_proj_code/robot_ws/install/robot_model:/opt/ros/jazzy CMAKE_PREFIX_PATH=/home/ubuntu/rb3302_final_proj_code/robot_ws/install/yesense_std_ros2:/home/ubuntu/rb3302_final_proj_code/robot_ws/install/yesense_interface:/home/ubuntu/rb3302_final_proj_code/robot_ws/install/serial:/home/ubuntu/rb3302_final_proj_code/robot_ws/install/rplidar_ros:/home/ubuntu/rb3302_final_proj_code/robot_ws/install/robot_model:/home/ubuntu/rb3302_final_proj_code/robot_ws/install/robot_init:/opt/ros/jazzy/opt/gz_sim_vendor:/opt/ros/jazzy/opt/gz_sensors_vendor:/opt/ros/jazzy/opt/gz_physics_vendor:/opt/ros/jazzy/opt/sdformat_vendor:/opt/ros/jazzy/opt/gz_gui_vendor:/opt/ros/jazzy/opt/gz_transport_vendor:/opt/ros/jazzy/opt/gz_rendering_vendor:/opt/ros/jazzy/opt/gz_plugin_vendor:/opt/ros/jazzy/opt/gz_fuel_tools_vendor:/opt/ros/jazzy/opt/gz_msgs_vendor:/opt/ros/jazzy/opt/gz_common_vendor:/opt/ros/jazzy/opt/gz_math_vendor:/opt/ros/jazzy/opt/gz_utils_vendor:/opt/ros/jazzy/opt/gz_tools_vendor:/opt/ros/jazzy/opt/gz_ogre_next_vendor:/opt/ros/jazzy/opt/gz_dartsim_vendor:/opt/ros/jazzy/opt/gz_cmake_vendor:/home/ubuntu/rb3302_final_proj_code/robot_ws/install/waverover_base:/opt/ros/jazzy PYTHONPATH=/home/ubuntu/rb3302_final_proj_code/robot_ws/install/yesense_interface/lib/python3.12/site-packages:/home/ubuntu/rb3302_final_proj_code/robot_ws/install/waverover_base/lib/python3.12/site-packages:/home/ubuntu/rb3302_final_proj_code/robot_ws/build/waverover_base:/opt/ros/jazzy/lib/python3.12/site-packages /usr/bin/cmake --install /home/ubuntu/rb3302_final_proj_code/robot_ws/build/robot_init
[11.411s] Level 1:colcon.colcon_core.environment:create_environment_scripts_only(robot_init)
[11.414s] Level 1:colcon.colcon_core.environment:checking '/home/ubuntu/rb3302_final_proj_code/robot_ws/install/robot_init' for CMake module files
[11.417s] DEBUG:colcon.colcon_core.event_handler.log_command:Invoked command in '/home/ubuntu/rb3302_final_proj_code/robot_ws/build/robot_init' returned '0': AMENT_PREFIX_PATH=/home/ubuntu/rb3302_final_proj_code/robot_ws/install/waverover_base:/home/ubuntu/rb3302_final_proj_code/robot_ws/install/robot_init:/home/ubuntu/rb3302_final_proj_code/robot_ws/install/yesense_std_ros2:/home/ubuntu/rb3302_final_proj_code/robot_ws/install/yesense_interface:/home/ubuntu/rb3302_final_proj_code/robot_ws/install/serial:/home/ubuntu/rb3302_final_proj_code/robot_ws/install/rplidar_ros:/home/ubuntu/rb3302_final_proj_code/robot_ws/install/robot_model:/opt/ros/jazzy CMAKE_PREFIX_PATH=/home/ubuntu/rb3302_final_proj_code/robot_ws/install/yesense_std_ros2:/home/ubuntu/rb3302_final_proj_code/robot_ws/install/yesense_interface:/home/ubuntu/rb3302_final_proj_code/robot_ws/install/serial:/home/ubuntu/rb3302_final_proj_code/robot_ws/install/rplidar_ros:/home/ubuntu/rb3302_final_proj_code/robot_ws/install/robot_model:/home/ubuntu/rb3302_final_proj_code/robot_ws/install/robot_init:/opt/ros/jazzy/opt/gz_sim_vendor:/opt/ros/jazzy/opt/gz_sensors_vendor:/opt/ros/jazzy/opt/gz_physics_vendor:/opt/ros/jazzy/opt/sdformat_vendor:/opt/ros/jazzy/opt/gz_gui_vendor:/opt/ros/jazzy/opt/gz_transport_vendor:/opt/ros/jazzy/opt/gz_rendering_vendor:/opt/ros/jazzy/opt/gz_plugin_vendor:/opt/ros/jazzy/opt/gz_fuel_tools_vendor:/opt/ros/jazzy/opt/gz_msgs_vendor:/opt/ros/jazzy/opt/gz_common_vendor:/opt/ros/jazzy/opt/gz_math_vendor:/opt/ros/jazzy/opt/gz_utils_vendor:/opt/ros/jazzy/opt/gz_tools_vendor:/opt/ros/jazzy/opt/gz_ogre_next_vendor:/opt/ros/jazzy/opt/gz_dartsim_vendor:/opt/ros/jazzy/opt/gz_cmake_vendor:/home/ubuntu/rb3302_final_proj_code/robot_ws/install/waverover_base:/opt/ros/jazzy PYTHONPATH=/home/ubuntu/rb3302_final_proj_code/robot_ws/install/yesense_interface/lib/python3.12/site-packages:/home/ubuntu/rb3302_final_proj_code/robot_ws/install/waverover_base/lib/python3.12/site-packages:/home/ubuntu/rb3302_final_proj_code/robot_ws/build/waverover_base:/opt/ros/jazzy/lib/python3.12/site-packages /usr/bin/cmake --install /home/ubuntu/rb3302_final_proj_code/robot_ws/build/robot_init
[11.421s] Level 1:colcon.colcon_core.environment:checking '/home/ubuntu/rb3302_final_proj_code/robot_ws/install/robot_init' for CMake config files
[11.424s] Level 1:colcon.colcon_core.shell:create_environment_hook('robot_init', 'cmake_prefix_path')
[11.426s] INFO:colcon.colcon_core.shell:Creating environment hook '/home/ubuntu/rb3302_final_proj_code/robot_ws/install/robot_init/share/robot_init/hook/cmake_prefix_path.ps1'
[11.428s] INFO:colcon.colcon_core.shell:Creating environment descriptor '/home/ubuntu/rb3302_final_proj_code/robot_ws/install/robot_init/share/robot_init/hook/cmake_prefix_path.dsv'
[11.431s] INFO:colcon.colcon_core.shell:Creating environment hook '/home/ubuntu/rb3302_final_proj_code/robot_ws/install/robot_init/share/robot_init/hook/cmake_prefix_path.sh'
[11.436s] Level 1:colcon.colcon_core.environment:checking '/home/ubuntu/rb3302_final_proj_code/robot_ws/install/robot_init/bin'
[11.437s] Level 1:colcon.colcon_core.environment:checking '/home/ubuntu/rb3302_final_proj_code/robot_ws/install/robot_init/lib/pkgconfig/robot_init.pc'
[11.439s] Level 1:colcon.colcon_core.environment:checking '/home/ubuntu/rb3302_final_proj_code/robot_ws/install/robot_init/lib/python3.12/site-packages'
[11.442s] Level 1:colcon.colcon_core.environment:checking '/home/ubuntu/rb3302_final_proj_code/robot_ws/install/robot_init/bin'
[11.444s] INFO:colcon.colcon_core.shell:Creating package script '/home/ubuntu/rb3302_final_proj_code/robot_ws/install/robot_init/share/robot_init/package.ps1'
[11.448s] INFO:colcon.colcon_core.shell:Creating package descriptor '/home/ubuntu/rb3302_final_proj_code/robot_ws/install/robot_init/share/robot_init/package.dsv'
[11.450s] INFO:colcon.colcon_core.shell:Creating package script '/home/ubuntu/rb3302_final_proj_code/robot_ws/install/robot_init/share/robot_init/package.sh'
[11.452s] INFO:colcon.colcon_core.shell:Creating package script '/home/ubuntu/rb3302_final_proj_code/robot_ws/install/robot_init/share/robot_init/package.bash'
[11.454s] INFO:colcon.colcon_core.shell:Creating package script '/home/ubuntu/rb3302_final_proj_code/robot_ws/install/robot_init/share/robot_init/package.zsh'
[11.456s] Level 1:colcon.colcon_core.environment:create_file_with_runtime_dependencies(/home/ubuntu/rb3302_final_proj_code/robot_ws/install/robot_init/share/colcon-core/packages/robot_init)
[11.458s] Level 1:colcon.colcon_core.environment:create_environment_scripts_only(robot_init)
[11.459s] Level 1:colcon.colcon_core.environment:checking '/home/ubuntu/rb3302_final_proj_code/robot_ws/install/robot_init' for CMake module files
[11.462s] Level 1:colcon.colcon_core.environment:checking '/home/ubuntu/rb3302_final_proj_code/robot_ws/install/robot_init' for CMake config files
[11.463s] Level 1:colcon.colcon_core.shell:create_environment_hook('robot_init', 'cmake_prefix_path')
[11.464s] INFO:colcon.colcon_core.shell:Creating environment hook '/home/ubuntu/rb3302_final_proj_code/robot_ws/install/robot_init/share/robot_init/hook/cmake_prefix_path.ps1'
[11.466s] INFO:colcon.colcon_core.shell:Creating environment descriptor '/home/ubuntu/rb3302_final_proj_code/robot_ws/install/robot_init/share/robot_init/hook/cmake_prefix_path.dsv'
[11.467s] INFO:colcon.colcon_core.shell:Creating environment hook '/home/ubuntu/rb3302_final_proj_code/robot_ws/install/robot_init/share/robot_init/hook/cmake_prefix_path.sh'
[11.469s] Level 1:colcon.colcon_core.environment:checking '/home/ubuntu/rb3302_final_proj_code/robot_ws/install/robot_init/bin'
[11.469s] Level 1:colcon.colcon_core.environment:checking '/home/ubuntu/rb3302_final_proj_code/robot_ws/install/robot_init/lib/pkgconfig/robot_init.pc'
[11.470s] Level 1:colcon.colcon_core.environment:checking '/home/ubuntu/rb3302_final_proj_code/robot_ws/install/robot_init/lib/python3.12/site-packages'
[11.472s] Level 1:colcon.colcon_core.environment:checking '/home/ubuntu/rb3302_final_proj_code/robot_ws/install/robot_init/bin'
[11.473s] INFO:colcon.colcon_core.shell:Creating package script '/home/ubuntu/rb3302_final_proj_code/robot_ws/install/robot_init/share/robot_init/package.ps1'
[11.477s] INFO:colcon.colcon_core.shell:Creating package descriptor '/home/ubuntu/rb3302_final_proj_code/robot_ws/install/robot_init/share/robot_init/package.dsv'
[11.478s] INFO:colcon.colcon_core.shell:Creating package script '/home/ubuntu/rb3302_final_proj_code/robot_ws/install/robot_init/share/robot_init/package.sh'
[11.480s] INFO:colcon.colcon_core.shell:Creating package script '/home/ubuntu/rb3302_final_proj_code/robot_ws/install/robot_init/share/robot_init/package.bash'
[11.482s] INFO:colcon.colcon_core.shell:Creating package script '/home/ubuntu/rb3302_final_proj_code/robot_ws/install/robot_init/share/robot_init/package.zsh'
[11.483s] Level 1:colcon.colcon_core.environment:create_file_with_runtime_dependencies(/home/ubuntu/rb3302_final_proj_code/robot_ws/install/robot_init/share/colcon-core/packages/robot_init)
[11.484s] DEBUG:colcon.colcon_parallel_executor.executor.parallel:closing loop
[11.486s] DEBUG:colcon.colcon_parallel_executor.executor.parallel:loop closed
[11.487s] DEBUG:colcon.colcon_parallel_executor.executor.parallel:run_until_complete finished with '0'
[11.487s] DEBUG:colcon.colcon_core.event_reactor:joining thread
[11.492s] DEBUG:colcon.colcon_core.event_reactor:joined thread
[11.494s] INFO:colcon.colcon_core.shell:Creating prefix script '/home/ubuntu/rb3302_final_proj_code/robot_ws/install/local_setup.ps1'
[11.499s] INFO:colcon.colcon_core.shell:Creating prefix util module '/home/ubuntu/rb3302_final_proj_code/robot_ws/install/_local_setup_util_ps1.py'
[11.506s] INFO:colcon.colcon_core.shell:Creating prefix chain script '/home/ubuntu/rb3302_final_proj_code/robot_ws/install/setup.ps1'
[11.513s] INFO:colcon.colcon_core.shell:Creating prefix script '/home/ubuntu/rb3302_final_proj_code/robot_ws/install/local_setup.sh'
[11.515s] INFO:colcon.colcon_core.shell:Creating prefix util module '/home/ubuntu/rb3302_final_proj_code/robot_ws/install/_local_setup_util_sh.py'
[11.517s] INFO:colcon.colcon_core.shell:Creating prefix chain script '/home/ubuntu/rb3302_final_proj_code/robot_ws/install/setup.sh'
[11.522s] INFO:colcon.colcon_core.shell:Creating prefix script '/home/ubuntu/rb3302_final_proj_code/robot_ws/install/local_setup.bash'
[11.524s] INFO:colcon.colcon_core.shell:Creating prefix chain script '/home/ubuntu/rb3302_final_proj_code/robot_ws/install/setup.bash'
[11.528s] INFO:colcon.colcon_core.shell:Creating prefix script '/home/ubuntu/rb3302_final_proj_code/robot_ws/install/local_setup.zsh'
[11.530s] INFO:colcon.colcon_core.shell:Creating prefix chain script '/home/ubuntu/rb3302_final_proj_code/robot_ws/install/setup.zsh'
